forecast_date,target,target_end_date,location,type,quantile,value
2020-11-29,1 wk ahead inc death,2020-12-05,01,point,NA,131.76
2020-11-29,1 wk ahead inc death,2020-12-05,02,point,NA,26.89
2020-11-29,1 wk ahead inc death,2020-12-05,04,point,NA,176.68
2020-11-29,1 wk ahead inc death,2020-12-05,05,point,NA,110.54
2020-11-29,1 wk ahead inc death,2020-12-05,06,point,NA,540.22
2020-11-29,1 wk ahead inc death,2020-12-05,08,point,NA,191.96
2020-11-29,1 wk ahead inc death,2020-12-05,09,point,NA,113.31
2020-11-29,1 wk ahead inc death,2020-12-05,10,point,NA,19.79
2020-11-29,1 wk ahead inc death,2020-12-05,11,point,NA,8.66
2020-11-29,1 wk ahead inc death,2020-12-05,12,point,NA,464.01
2020-11-29,1 wk ahead inc death,2020-12-05,13,point,NA,204.31
2020-11-29,1 wk ahead inc death,2020-12-05,15,point,NA,7.58
2020-11-29,1 wk ahead inc death,2020-12-05,16,point,NA,75.76
2020-11-29,1 wk ahead inc death,2020-12-05,17,point,NA,695.75
2020-11-29,1 wk ahead inc death,2020-12-05,18,point,NA,358.90
2020-11-29,1 wk ahead inc death,2020-12-05,19,point,NA,162.57
2020-11-29,1 wk ahead inc death,2020-12-05,20,point,NA,129.49
2020-11-29,1 wk ahead inc death,2020-12-05,21,point,NA,126.33
2020-11-29,1 wk ahead inc death,2020-12-05,22,point,NA,142.03
2020-11-29,1 wk ahead inc death,2020-12-05,23,point,NA,12.92
2020-11-29,1 wk ahead inc death,2020-12-05,24,point,NA,129.66
2020-11-29,1 wk ahead inc death,2020-12-05,25,point,NA,156.30
2020-11-29,1 wk ahead inc death,2020-12-05,26,point,NA,497.27
2020-11-29,1 wk ahead inc death,2020-12-05,27,point,NA,301.45
2020-11-29,1 wk ahead inc death,2020-12-05,28,point,NA,91.54
2020-11-29,1 wk ahead inc death,2020-12-05,29,point,NA,220.93
2020-11-29,1 wk ahead inc death,2020-12-05,30,point,NA,66.38
2020-11-29,1 wk ahead inc death,2020-12-05,31,point,NA,93.49
2020-11-29,1 wk ahead inc death,2020-12-05,32,point,NA,111.65
2020-11-29,1 wk ahead inc death,2020-12-05,33,point,NA,18.51
2020-11-29,1 wk ahead inc death,2020-12-05,34,point,NA,180.23
2020-11-29,1 wk ahead inc death,2020-12-05,35,point,NA,152.12
2020-11-29,1 wk ahead inc death,2020-12-05,36,point,NA,257.08
2020-11-29,1 wk ahead inc death,2020-12-05,37,point,NA,229.37
2020-11-29,1 wk ahead inc death,2020-12-05,38,point,NA,65.71
2020-11-29,1 wk ahead inc death,2020-12-05,39,point,NA,415.24
2020-11-29,1 wk ahead inc death,2020-12-05,40,point,NA,141.38
2020-11-29,1 wk ahead inc death,2020-12-05,41,point,NA,77.66
2020-11-29,1 wk ahead inc death,2020-12-05,42,point,NA,410.56
2020-11-29,1 wk ahead inc death,2020-12-05,44,point,NA,34.03
2020-11-29,1 wk ahead inc death,2020-12-05,45,point,NA,92.03
2020-11-29,1 wk ahead inc death,2020-12-05,46,point,NA,104.96
2020-11-29,1 wk ahead inc death,2020-12-05,47,point,NA,273.10
2020-11-29,1 wk ahead inc death,2020-12-05,48,point,NA,761.86
2020-11-29,1 wk ahead inc death,2020-12-05,49,point,NA,53.15
2020-11-29,1 wk ahead inc death,2020-12-05,50,point,NA,4.36
2020-11-29,1 wk ahead inc death,2020-12-05,51,point,NA,127.49
2020-11-29,1 wk ahead inc death,2020-12-05,53,point,NA,115.92
2020-11-29,1 wk ahead inc death,2020-12-05,54,point,NA,67.97
2020-11-29,1 wk ahead inc death,2020-12-05,55,point,NA,283.97
2020-11-29,1 wk ahead inc death,2020-12-05,56,point,NA,38.26
2020-11-29,1 wk ahead inc death,2020-12-05,01,quantile,0.025,124.19
2020-11-29,1 wk ahead inc death,2020-12-05,01,quantile,0.975,139.50
2020-11-29,1 wk ahead inc death,2020-12-05,01,quantile,0.1,126.52
2020-11-29,1 wk ahead inc death,2020-12-05,01,quantile,0.75,135.16
2020-11-29,1 wk ahead inc death,2020-12-05,01,quantile,0.5,131.78
2020-11-29,1 wk ahead inc death,2020-12-05,01,quantile,0.9,137.54
2020-11-29,1 wk ahead inc death,2020-12-05,01,quantile,0.25,128.59
2020-11-29,1 wk ahead inc death,2020-12-05,02,quantile,0.1,25.31
2020-11-29,1 wk ahead inc death,2020-12-05,02,quantile,0.5,26.97
2020-11-29,1 wk ahead inc death,2020-12-05,02,quantile,0.975,29.04
2020-11-29,1 wk ahead inc death,2020-12-05,02,quantile,0.25,26.18
2020-11-29,1 wk ahead inc death,2020-12-05,02,quantile,0.75,27.61
2020-11-29,1 wk ahead inc death,2020-12-05,02,quantile,0.025,24.38
2020-11-29,1 wk ahead inc death,2020-12-05,02,quantile,0.9,28.57
2020-11-29,1 wk ahead inc death,2020-12-05,04,quantile,0.25,167.01
2020-11-29,1 wk ahead inc death,2020-12-05,04,quantile,0.9,192.62
2020-11-29,1 wk ahead inc death,2020-12-05,04,quantile,0.5,175.63
2020-11-29,1 wk ahead inc death,2020-12-05,04,quantile,0.75,185.07
2020-11-29,1 wk ahead inc death,2020-12-05,04,quantile,0.1,161.85
2020-11-29,1 wk ahead inc death,2020-12-05,04,quantile,0.025,155.65
2020-11-29,1 wk ahead inc death,2020-12-05,04,quantile,0.975,199.44
2020-11-29,1 wk ahead inc death,2020-12-05,05,quantile,0.5,110.38
2020-11-29,1 wk ahead inc death,2020-12-05,05,quantile,0.1,105.86
2020-11-29,1 wk ahead inc death,2020-12-05,05,quantile,0.25,107.94
2020-11-29,1 wk ahead inc death,2020-12-05,05,quantile,0.9,115.15
2020-11-29,1 wk ahead inc death,2020-12-05,05,quantile,0.025,103.69
2020-11-29,1 wk ahead inc death,2020-12-05,05,quantile,0.975,116.96
2020-11-29,1 wk ahead inc death,2020-12-05,05,quantile,0.75,113.20
2020-11-29,1 wk ahead inc death,2020-12-05,06,quantile,0.1,518.12
2020-11-29,1 wk ahead inc death,2020-12-05,06,quantile,0.25,528.43
2020-11-29,1 wk ahead inc death,2020-12-05,06,quantile,0.9,562.65
2020-11-29,1 wk ahead inc death,2020-12-05,06,quantile,0.975,572.93
2020-11-29,1 wk ahead inc death,2020-12-05,06,quantile,0.75,551.62
2020-11-29,1 wk ahead inc death,2020-12-05,06,quantile,0.5,539.75
2020-11-29,1 wk ahead inc death,2020-12-05,06,quantile,0.025,508.69
2020-11-29,1 wk ahead inc death,2020-12-05,08,quantile,0.75,194.80
2020-11-29,1 wk ahead inc death,2020-12-05,08,quantile,0.1,186.23
2020-11-29,1 wk ahead inc death,2020-12-05,08,quantile,0.5,191.45
2020-11-29,1 wk ahead inc death,2020-12-05,08,quantile,0.25,188.80
2020-11-29,1 wk ahead inc death,2020-12-05,08,quantile,0.975,201.07
2020-11-29,1 wk ahead inc death,2020-12-05,08,quantile,0.025,182.34
2020-11-29,1 wk ahead inc death,2020-12-05,08,quantile,0.9,199.02
2020-11-29,1 wk ahead inc death,2020-12-05,09,quantile,0.025,104.85
2020-11-29,1 wk ahead inc death,2020-12-05,09,quantile,0.75,116.57
2020-11-29,1 wk ahead inc death,2020-12-05,09,quantile,0.25,110.35
2020-11-29,1 wk ahead inc death,2020-12-05,09,quantile,0.9,118.57
2020-11-29,1 wk ahead inc death,2020-12-05,09,quantile,0.5,113.08
2020-11-29,1 wk ahead inc death,2020-12-05,09,quantile,0.975,121.64
2020-11-29,1 wk ahead inc death,2020-12-05,09,quantile,0.1,107.51
2020-11-29,1 wk ahead inc death,2020-12-05,10,quantile,0.9,21.69
2020-11-29,1 wk ahead inc death,2020-12-05,10,quantile,0.975,22.44
2020-11-29,1 wk ahead inc death,2020-12-05,10,quantile,0.5,19.88
2020-11-29,1 wk ahead inc death,2020-12-05,10,quantile,0.25,18.88
2020-11-29,1 wk ahead inc death,2020-12-05,10,quantile,0.75,20.80
2020-11-29,1 wk ahead inc death,2020-12-05,10,quantile,0.025,16.73
2020-11-29,1 wk ahead inc death,2020-12-05,10,quantile,0.1,17.63
2020-11-29,1 wk ahead inc death,2020-12-05,11,quantile,0.025,6.96
2020-11-29,1 wk ahead inc death,2020-12-05,11,quantile,0.25,8.13
2020-11-29,1 wk ahead inc death,2020-12-05,11,quantile,0.1,7.46
2020-11-29,1 wk ahead inc death,2020-12-05,11,quantile,0.9,9.57
2020-11-29,1 wk ahead inc death,2020-12-05,11,quantile,0.975,10.18
2020-11-29,1 wk ahead inc death,2020-12-05,11,quantile,0.5,8.71
2020-11-29,1 wk ahead inc death,2020-12-05,11,quantile,0.75,9.24
2020-11-29,1 wk ahead inc death,2020-12-05,12,quantile,0.1,454.36
2020-11-29,1 wk ahead inc death,2020-12-05,12,quantile,0.9,475.11
2020-11-29,1 wk ahead inc death,2020-12-05,12,quantile,0.5,464.49
2020-11-29,1 wk ahead inc death,2020-12-05,12,quantile,0.25,459.05
2020-11-29,1 wk ahead inc death,2020-12-05,12,quantile,0.025,444.76
2020-11-29,1 wk ahead inc death,2020-12-05,12,quantile,0.975,479.09
2020-11-29,1 wk ahead inc death,2020-12-05,12,quantile,0.75,468.69
2020-11-29,1 wk ahead inc death,2020-12-05,13,quantile,0.25,199.85
2020-11-29,1 wk ahead inc death,2020-12-05,13,quantile,0.75,208.44
2020-11-29,1 wk ahead inc death,2020-12-05,13,quantile,0.5,204.00
2020-11-29,1 wk ahead inc death,2020-12-05,13,quantile,0.9,212.97
2020-11-29,1 wk ahead inc death,2020-12-05,13,quantile,0.1,196.04
2020-11-29,1 wk ahead inc death,2020-12-05,13,quantile,0.975,216.33
2020-11-29,1 wk ahead inc death,2020-12-05,13,quantile,0.025,192.62
2020-11-29,1 wk ahead inc death,2020-12-05,15,quantile,0.975,9.23
2020-11-29,1 wk ahead inc death,2020-12-05,15,quantile,0.9,8.58
2020-11-29,1 wk ahead inc death,2020-12-05,15,quantile,0.1,6.48
2020-11-29,1 wk ahead inc death,2020-12-05,15,quantile,0.25,6.98
2020-11-29,1 wk ahead inc death,2020-12-05,15,quantile,0.75,8.16
2020-11-29,1 wk ahead inc death,2020-12-05,15,quantile,0.5,7.59
2020-11-29,1 wk ahead inc death,2020-12-05,15,quantile,0.025,5.99
2020-11-29,1 wk ahead inc death,2020-12-05,16,quantile,0.025,70.57
2020-11-29,1 wk ahead inc death,2020-12-05,16,quantile,0.5,76.06
2020-11-29,1 wk ahead inc death,2020-12-05,16,quantile,0.25,74.10
2020-11-29,1 wk ahead inc death,2020-12-05,16,quantile,0.975,79.83
2020-11-29,1 wk ahead inc death,2020-12-05,16,quantile,0.75,77.79
2020-11-29,1 wk ahead inc death,2020-12-05,16,quantile,0.9,78.88
2020-11-29,1 wk ahead inc death,2020-12-05,16,quantile,0.1,72.24
2020-11-29,1 wk ahead inc death,2020-12-05,17,quantile,0.25,684.38
2020-11-29,1 wk ahead inc death,2020-12-05,17,quantile,0.75,706.66
2020-11-29,1 wk ahead inc death,2020-12-05,17,quantile,0.5,697.44
2020-11-29,1 wk ahead inc death,2020-12-05,17,quantile,0.9,718.87
2020-11-29,1 wk ahead inc death,2020-12-05,17,quantile,0.1,671.35
2020-11-29,1 wk ahead inc death,2020-12-05,17,quantile,0.975,728.38
2020-11-29,1 wk ahead inc death,2020-12-05,17,quantile,0.025,664.01
2020-11-29,1 wk ahead inc death,2020-12-05,18,quantile,0.9,368.98
2020-11-29,1 wk ahead inc death,2020-12-05,18,quantile,0.75,362.64
2020-11-29,1 wk ahead inc death,2020-12-05,18,quantile,0.1,349.55
2020-11-29,1 wk ahead inc death,2020-12-05,18,quantile,0.975,373.95
2020-11-29,1 wk ahead inc death,2020-12-05,18,quantile,0.25,354.25
2020-11-29,1 wk ahead inc death,2020-12-05,18,quantile,0.025,345.29
2020-11-29,1 wk ahead inc death,2020-12-05,18,quantile,0.5,358.87
2020-11-29,1 wk ahead inc death,2020-12-05,19,quantile,0.25,159.35
2020-11-29,1 wk ahead inc death,2020-12-05,19,quantile,0.5,162.82
2020-11-29,1 wk ahead inc death,2020-12-05,19,quantile,0.1,156.99
2020-11-29,1 wk ahead inc death,2020-12-05,19,quantile,0.9,168.06
2020-11-29,1 wk ahead inc death,2020-12-05,19,quantile,0.75,165.03
2020-11-29,1 wk ahead inc death,2020-12-05,19,quantile,0.025,153.11
2020-11-29,1 wk ahead inc death,2020-12-05,19,quantile,0.975,171.93
2020-11-29,1 wk ahead inc death,2020-12-05,20,quantile,0.025,123.10
2020-11-29,1 wk ahead inc death,2020-12-05,20,quantile,0.975,139.26
2020-11-29,1 wk ahead inc death,2020-12-05,20,quantile,0.5,129.00
2020-11-29,1 wk ahead inc death,2020-12-05,20,quantile,0.25,125.80
2020-11-29,1 wk ahead inc death,2020-12-05,20,quantile,0.75,131.68
2020-11-29,1 wk ahead inc death,2020-12-05,20,quantile,0.9,135.82
2020-11-29,1 wk ahead inc death,2020-12-05,20,quantile,0.1,124.21
2020-11-29,1 wk ahead inc death,2020-12-05,21,quantile,0.1,120.03
2020-11-29,1 wk ahead inc death,2020-12-05,21,quantile,0.25,123.05
2020-11-29,1 wk ahead inc death,2020-12-05,21,quantile,0.5,126.10
2020-11-29,1 wk ahead inc death,2020-12-05,21,quantile,0.9,132.62
2020-11-29,1 wk ahead inc death,2020-12-05,21,quantile,0.025,117.29
2020-11-29,1 wk ahead inc death,2020-12-05,21,quantile,0.975,135.18
2020-11-29,1 wk ahead inc death,2020-12-05,21,quantile,0.75,130.07
2020-11-29,1 wk ahead inc death,2020-12-05,22,quantile,0.5,141.45
2020-11-29,1 wk ahead inc death,2020-12-05,22,quantile,0.9,150.06
2020-11-29,1 wk ahead inc death,2020-12-05,22,quantile,0.025,130.95
2020-11-29,1 wk ahead inc death,2020-12-05,22,quantile,0.75,146.32
2020-11-29,1 wk ahead inc death,2020-12-05,22,quantile,0.975,153.90
2020-11-29,1 wk ahead inc death,2020-12-05,22,quantile,0.25,137.67
2020-11-29,1 wk ahead inc death,2020-12-05,22,quantile,0.1,133.87
2020-11-29,1 wk ahead inc death,2020-12-05,23,quantile,0.9,14.07
2020-11-29,1 wk ahead inc death,2020-12-05,23,quantile,0.75,13.56
2020-11-29,1 wk ahead inc death,2020-12-05,23,quantile,0.5,12.84
2020-11-29,1 wk ahead inc death,2020-12-05,23,quantile,0.025,11.49
2020-11-29,1 wk ahead inc death,2020-12-05,23,quantile,0.1,11.77
2020-11-29,1 wk ahead inc death,2020-12-05,23,quantile,0.25,12.31
2020-11-29,1 wk ahead inc death,2020-12-05,23,quantile,0.975,14.58
2020-11-29,1 wk ahead inc death,2020-12-05,24,quantile,0.5,129.90
2020-11-29,1 wk ahead inc death,2020-12-05,24,quantile,0.975,138.46
2020-11-29,1 wk ahead inc death,2020-12-05,24,quantile,0.025,121.25
2020-11-29,1 wk ahead inc death,2020-12-05,24,quantile,0.1,124.01
2020-11-29,1 wk ahead inc death,2020-12-05,24,quantile,0.9,133.62
2020-11-29,1 wk ahead inc death,2020-12-05,24,quantile,0.75,132.43
2020-11-29,1 wk ahead inc death,2020-12-05,24,quantile,0.25,127.18
2020-11-29,1 wk ahead inc death,2020-12-05,25,quantile,0.9,161.95
2020-11-29,1 wk ahead inc death,2020-12-05,25,quantile,0.975,163.59
2020-11-29,1 wk ahead inc death,2020-12-05,25,quantile,0.025,147.82
2020-11-29,1 wk ahead inc death,2020-12-05,25,quantile,0.75,159.54
2020-11-29,1 wk ahead inc death,2020-12-05,25,quantile,0.1,151.21
2020-11-29,1 wk ahead inc death,2020-12-05,25,quantile,0.5,156.35
2020-11-29,1 wk ahead inc death,2020-12-05,25,quantile,0.25,153.61
2020-11-29,1 wk ahead inc death,2020-12-05,26,quantile,0.75,502.88
2020-11-29,1 wk ahead inc death,2020-12-05,26,quantile,0.025,480.59
2020-11-29,1 wk ahead inc death,2020-12-05,26,quantile,0.1,486.75
2020-11-29,1 wk ahead inc death,2020-12-05,26,quantile,0.25,492.42
2020-11-29,1 wk ahead inc death,2020-12-05,26,quantile,0.9,509.31
2020-11-29,1 wk ahead inc death,2020-12-05,26,quantile,0.5,496.52
2020-11-29,1 wk ahead inc death,2020-12-05,26,quantile,0.975,513.60
2020-11-29,1 wk ahead inc death,2020-12-05,27,quantile,0.1,293.25
2020-11-29,1 wk ahead inc death,2020-12-05,27,quantile,0.025,288.45
2020-11-29,1 wk ahead inc death,2020-12-05,27,quantile,0.9,310.68
2020-11-29,1 wk ahead inc death,2020-12-05,27,quantile,0.5,300.80
2020-11-29,1 wk ahead inc death,2020-12-05,27,quantile,0.25,297.32
2020-11-29,1 wk ahead inc death,2020-12-05,27,quantile,0.75,304.87
2020-11-29,1 wk ahead inc death,2020-12-05,27,quantile,0.975,315.54
2020-11-29,1 wk ahead inc death,2020-12-05,28,quantile,0.5,91.15
2020-11-29,1 wk ahead inc death,2020-12-05,28,quantile,0.975,98.17
2020-11-29,1 wk ahead inc death,2020-12-05,28,quantile,0.25,89.24
2020-11-29,1 wk ahead inc death,2020-12-05,28,quantile,0.9,96.27
2020-11-29,1 wk ahead inc death,2020-12-05,28,quantile,0.1,87.92
2020-11-29,1 wk ahead inc death,2020-12-05,28,quantile,0.75,93.54
2020-11-29,1 wk ahead inc death,2020-12-05,28,quantile,0.025,86.01
2020-11-29,1 wk ahead inc death,2020-12-05,29,quantile,0.75,225.03
2020-11-29,1 wk ahead inc death,2020-12-05,29,quantile,0.9,228.60
2020-11-29,1 wk ahead inc death,2020-12-05,29,quantile,0.975,233.99
2020-11-29,1 wk ahead inc death,2020-12-05,29,quantile,0.5,220.50
2020-11-29,1 wk ahead inc death,2020-12-05,29,quantile,0.1,214.15
2020-11-29,1 wk ahead inc death,2020-12-05,29,quantile,0.025,208.80
2020-11-29,1 wk ahead inc death,2020-12-05,29,quantile,0.25,216.36
2020-11-29,1 wk ahead inc death,2020-12-05,30,quantile,0.975,71.07
2020-11-29,1 wk ahead inc death,2020-12-05,30,quantile,0.75,68.04
2020-11-29,1 wk ahead inc death,2020-12-05,30,quantile,0.025,61.81
2020-11-29,1 wk ahead inc death,2020-12-05,30,quantile,0.9,70.13
2020-11-29,1 wk ahead inc death,2020-12-05,30,quantile,0.1,62.98
2020-11-29,1 wk ahead inc death,2020-12-05,30,quantile,0.5,66.16
2020-11-29,1 wk ahead inc death,2020-12-05,30,quantile,0.25,64.78
2020-11-29,1 wk ahead inc death,2020-12-05,31,quantile,0.1,88.92
2020-11-29,1 wk ahead inc death,2020-12-05,31,quantile,0.025,87.52
2020-11-29,1 wk ahead inc death,2020-12-05,31,quantile,0.9,98.88
2020-11-29,1 wk ahead inc death,2020-12-05,31,quantile,0.25,90.74
2020-11-29,1 wk ahead inc death,2020-12-05,31,quantile,0.75,95.85
2020-11-29,1 wk ahead inc death,2020-12-05,31,quantile,0.5,93.18
2020-11-29,1 wk ahead inc death,2020-12-05,31,quantile,0.975,100.92
2020-11-29,1 wk ahead inc death,2020-12-05,32,quantile,0.975,119.88
2020-11-29,1 wk ahead inc death,2020-12-05,32,quantile,0.9,116.60
2020-11-29,1 wk ahead inc death,2020-12-05,32,quantile,0.25,108.74
2020-11-29,1 wk ahead inc death,2020-12-05,32,quantile,0.025,104.20
2020-11-29,1 wk ahead inc death,2020-12-05,32,quantile,0.75,114.68
2020-11-29,1 wk ahead inc death,2020-12-05,32,quantile,0.5,111.99
2020-11-29,1 wk ahead inc death,2020-12-05,32,quantile,0.1,106.04
2020-11-29,1 wk ahead inc death,2020-12-05,33,quantile,0.9,20.29
2020-11-29,1 wk ahead inc death,2020-12-05,33,quantile,0.25,17.40
2020-11-29,1 wk ahead inc death,2020-12-05,33,quantile,0.025,16.12
2020-11-29,1 wk ahead inc death,2020-12-05,33,quantile,0.1,16.78
2020-11-29,1 wk ahead inc death,2020-12-05,33,quantile,0.5,18.45
2020-11-29,1 wk ahead inc death,2020-12-05,33,quantile,0.975,21.53
2020-11-29,1 wk ahead inc death,2020-12-05,33,quantile,0.75,19.32
2020-11-29,1 wk ahead inc death,2020-12-05,34,quantile,0.975,186.89
2020-11-29,1 wk ahead inc death,2020-12-05,34,quantile,0.75,182.65
2020-11-29,1 wk ahead inc death,2020-12-05,34,quantile,0.9,184.02
2020-11-29,1 wk ahead inc death,2020-12-05,34,quantile,0.1,176.52
2020-11-29,1 wk ahead inc death,2020-12-05,34,quantile,0.5,180.07
2020-11-29,1 wk ahead inc death,2020-12-05,34,quantile,0.025,174.47
2020-11-29,1 wk ahead inc death,2020-12-05,34,quantile,0.25,177.82
2020-11-29,1 wk ahead inc death,2020-12-05,35,quantile,0.75,154.06
2020-11-29,1 wk ahead inc death,2020-12-05,35,quantile,0.9,156.07
2020-11-29,1 wk ahead inc death,2020-12-05,35,quantile,0.1,147.83
2020-11-29,1 wk ahead inc death,2020-12-05,35,quantile,0.25,149.74
2020-11-29,1 wk ahead inc death,2020-12-05,35,quantile,0.025,146.11
2020-11-29,1 wk ahead inc death,2020-12-05,35,quantile,0.5,152.45
2020-11-29,1 wk ahead inc death,2020-12-05,35,quantile,0.975,158.75
2020-11-29,1 wk ahead inc death,2020-12-05,36,quantile,0.25,252.04
2020-11-29,1 wk ahead inc death,2020-12-05,36,quantile,0.1,248.69
2020-11-29,1 wk ahead inc death,2020-12-05,36,quantile,0.5,257.72
2020-11-29,1 wk ahead inc death,2020-12-05,36,quantile,0.9,266.09
2020-11-29,1 wk ahead inc death,2020-12-05,36,quantile,0.75,261.71
2020-11-29,1 wk ahead inc death,2020-12-05,36,quantile,0.975,270.25
2020-11-29,1 wk ahead inc death,2020-12-05,36,quantile,0.025,243.93
2020-11-29,1 wk ahead inc death,2020-12-05,37,quantile,0.1,221.28
2020-11-29,1 wk ahead inc death,2020-12-05,37,quantile,0.9,237.24
2020-11-29,1 wk ahead inc death,2020-12-05,37,quantile,0.75,233.61
2020-11-29,1 wk ahead inc death,2020-12-05,37,quantile,0.25,224.85
2020-11-29,1 wk ahead inc death,2020-12-05,37,quantile,0.025,217.23
2020-11-29,1 wk ahead inc death,2020-12-05,37,quantile,0.975,242.32
2020-11-29,1 wk ahead inc death,2020-12-05,37,quantile,0.5,229.39
2020-11-29,1 wk ahead inc death,2020-12-05,38,quantile,0.025,60.33
2020-11-29,1 wk ahead inc death,2020-12-05,38,quantile,0.75,67.52
2020-11-29,1 wk ahead inc death,2020-12-05,38,quantile,0.975,71.03
2020-11-29,1 wk ahead inc death,2020-12-05,38,quantile,0.1,61.84
2020-11-29,1 wk ahead inc death,2020-12-05,38,quantile,0.5,65.74
2020-11-29,1 wk ahead inc death,2020-12-05,38,quantile,0.25,64.09
2020-11-29,1 wk ahead inc death,2020-12-05,38,quantile,0.9,68.98
2020-11-29,1 wk ahead inc death,2020-12-05,39,quantile,0.975,433.75
2020-11-29,1 wk ahead inc death,2020-12-05,39,quantile,0.75,421.71
2020-11-29,1 wk ahead inc death,2020-12-05,39,quantile,0.025,395.85
2020-11-29,1 wk ahead inc death,2020-12-05,39,quantile,0.1,401.42
2020-11-29,1 wk ahead inc death,2020-12-05,39,quantile,0.25,408.36
2020-11-29,1 wk ahead inc death,2020-12-05,39,quantile,0.9,429.09
2020-11-29,1 wk ahead inc death,2020-12-05,39,quantile,0.5,414.51
2020-11-29,1 wk ahead inc death,2020-12-05,40,quantile,0.9,147.47
2020-11-29,1 wk ahead inc death,2020-12-05,40,quantile,0.75,144.30
2020-11-29,1 wk ahead inc death,2020-12-05,40,quantile,0.5,141.32
2020-11-29,1 wk ahead inc death,2020-12-05,40,quantile,0.025,132.42
2020-11-29,1 wk ahead inc death,2020-12-05,40,quantile,0.975,151.31
2020-11-29,1 wk ahead inc death,2020-12-05,40,quantile,0.25,137.89
2020-11-29,1 wk ahead inc death,2020-12-05,40,quantile,0.1,136.12
2020-11-29,1 wk ahead inc death,2020-12-05,41,quantile,0.9,81.13
2020-11-29,1 wk ahead inc death,2020-12-05,41,quantile,0.975,83.34
2020-11-29,1 wk ahead inc death,2020-12-05,41,quantile,0.75,79.43
2020-11-29,1 wk ahead inc death,2020-12-05,41,quantile,0.025,72.49
2020-11-29,1 wk ahead inc death,2020-12-05,41,quantile,0.25,75.44
2020-11-29,1 wk ahead inc death,2020-12-05,41,quantile,0.5,77.81
2020-11-29,1 wk ahead inc death,2020-12-05,41,quantile,0.1,74.32
2020-11-29,1 wk ahead inc death,2020-12-05,42,quantile,0.975,424.43
2020-11-29,1 wk ahead inc death,2020-12-05,42,quantile,0.9,419.79
2020-11-29,1 wk ahead inc death,2020-12-05,42,quantile,0.025,396.56
2020-11-29,1 wk ahead inc death,2020-12-05,42,quantile,0.1,401.28
2020-11-29,1 wk ahead inc death,2020-12-05,42,quantile,0.25,406.44
2020-11-29,1 wk ahead inc death,2020-12-05,42,quantile,0.75,415.89
2020-11-29,1 wk ahead inc death,2020-12-05,42,quantile,0.5,410.17
2020-11-29,1 wk ahead inc death,2020-12-05,44,quantile,0.1,32.01
2020-11-29,1 wk ahead inc death,2020-12-05,44,quantile,0.25,33.02
2020-11-29,1 wk ahead inc death,2020-12-05,44,quantile,0.75,35.02
2020-11-29,1 wk ahead inc death,2020-12-05,44,quantile,0.5,34.11
2020-11-29,1 wk ahead inc death,2020-12-05,44,quantile,0.975,36.76
2020-11-29,1 wk ahead inc death,2020-12-05,44,quantile,0.9,35.87
2020-11-29,1 wk ahead inc death,2020-12-05,44,quantile,0.025,31.29
2020-11-29,1 wk ahead inc death,2020-12-05,45,quantile,0.5,91.24
2020-11-29,1 wk ahead inc death,2020-12-05,45,quantile,0.025,85.72
2020-11-29,1 wk ahead inc death,2020-12-05,45,quantile,0.25,88.36
2020-11-29,1 wk ahead inc death,2020-12-05,45,quantile,0.1,87.31
2020-11-29,1 wk ahead inc death,2020-12-05,45,quantile,0.9,97.64
2020-11-29,1 wk ahead inc death,2020-12-05,45,quantile,0.75,94.76
2020-11-29,1 wk ahead inc death,2020-12-05,45,quantile,0.975,101.71
2020-11-29,1 wk ahead inc death,2020-12-05,46,quantile,0.975,111.62
2020-11-29,1 wk ahead inc death,2020-12-05,46,quantile,0.1,99.91
2020-11-29,1 wk ahead inc death,2020-12-05,46,quantile,0.9,109.54
2020-11-29,1 wk ahead inc death,2020-12-05,46,quantile,0.025,97.63
2020-11-29,1 wk ahead inc death,2020-12-05,46,quantile,0.25,102.57
2020-11-29,1 wk ahead inc death,2020-12-05,46,quantile,0.75,107.52
2020-11-29,1 wk ahead inc death,2020-12-05,46,quantile,0.5,105.03
2020-11-29,1 wk ahead inc death,2020-12-05,47,quantile,0.9,280.53
2020-11-29,1 wk ahead inc death,2020-12-05,47,quantile,0.25,269.34
2020-11-29,1 wk ahead inc death,2020-12-05,47,quantile,0.5,273.44
2020-11-29,1 wk ahead inc death,2020-12-05,47,quantile,0.975,284.03
2020-11-29,1 wk ahead inc death,2020-12-05,47,quantile,0.1,265.46
2020-11-29,1 wk ahead inc death,2020-12-05,47,quantile,0.75,277.17
2020-11-29,1 wk ahead inc death,2020-12-05,47,quantile,0.025,261.54
2020-11-29,1 wk ahead inc death,2020-12-05,48,quantile,0.25,749.75
2020-11-29,1 wk ahead inc death,2020-12-05,48,quantile,0.5,760.56
2020-11-29,1 wk ahead inc death,2020-12-05,48,quantile,0.975,804.84
2020-11-29,1 wk ahead inc death,2020-12-05,48,quantile,0.025,723.25
2020-11-29,1 wk ahead inc death,2020-12-05,48,quantile,0.1,737.30
2020-11-29,1 wk ahead inc death,2020-12-05,48,quantile,0.75,775.73
2020-11-29,1 wk ahead inc death,2020-12-05,48,quantile,0.9,788.74
2020-11-29,1 wk ahead inc death,2020-12-05,49,quantile,0.75,54.95
2020-11-29,1 wk ahead inc death,2020-12-05,49,quantile,0.9,56.82
2020-11-29,1 wk ahead inc death,2020-12-05,49,quantile,0.1,49.63
2020-11-29,1 wk ahead inc death,2020-12-05,49,quantile,0.025,48.10
2020-11-29,1 wk ahead inc death,2020-12-05,49,quantile,0.25,51.37
2020-11-29,1 wk ahead inc death,2020-12-05,49,quantile,0.5,53.36
2020-11-29,1 wk ahead inc death,2020-12-05,49,quantile,0.975,58.56
2020-11-29,1 wk ahead inc death,2020-12-05,50,quantile,0.5,4.33
2020-11-29,1 wk ahead inc death,2020-12-05,50,quantile,0.25,3.89
2020-11-29,1 wk ahead inc death,2020-12-05,50,quantile,0.9,5.29
2020-11-29,1 wk ahead inc death,2020-12-05,50,quantile,0.975,5.62
2020-11-29,1 wk ahead inc death,2020-12-05,50,quantile,0.1,3.57
2020-11-29,1 wk ahead inc death,2020-12-05,50,quantile,0.75,4.69
2020-11-29,1 wk ahead inc death,2020-12-05,50,quantile,0.025,3.30
2020-11-29,1 wk ahead inc death,2020-12-05,51,quantile,0.975,138.48
2020-11-29,1 wk ahead inc death,2020-12-05,51,quantile,0.1,120.30
2020-11-29,1 wk ahead inc death,2020-12-05,51,quantile,0.5,127.69
2020-11-29,1 wk ahead inc death,2020-12-05,51,quantile,0.25,122.81
2020-11-29,1 wk ahead inc death,2020-12-05,51,quantile,0.75,131.71
2020-11-29,1 wk ahead inc death,2020-12-05,51,quantile,0.9,133.62
2020-11-29,1 wk ahead inc death,2020-12-05,51,quantile,0.025,117.10
2020-11-29,1 wk ahead inc death,2020-12-05,53,quantile,0.25,112.71
2020-11-29,1 wk ahead inc death,2020-12-05,53,quantile,0.025,107.37
2020-11-29,1 wk ahead inc death,2020-12-05,53,quantile,0.1,109.78
2020-11-29,1 wk ahead inc death,2020-12-05,53,quantile,0.975,126.63
2020-11-29,1 wk ahead inc death,2020-12-05,53,quantile,0.9,122.52
2020-11-29,1 wk ahead inc death,2020-12-05,53,quantile,0.5,115.52
2020-11-29,1 wk ahead inc death,2020-12-05,53,quantile,0.75,119.00
2020-11-29,1 wk ahead inc death,2020-12-05,54,quantile,0.75,69.35
2020-11-29,1 wk ahead inc death,2020-12-05,54,quantile,0.5,67.44
2020-11-29,1 wk ahead inc death,2020-12-05,54,quantile,0.025,63.91
2020-11-29,1 wk ahead inc death,2020-12-05,54,quantile,0.975,73.88
2020-11-29,1 wk ahead inc death,2020-12-05,54,quantile,0.25,66.08
2020-11-29,1 wk ahead inc death,2020-12-05,54,quantile,0.9,72.38
2020-11-29,1 wk ahead inc death,2020-12-05,54,quantile,0.1,64.63
2020-11-29,1 wk ahead inc death,2020-12-05,55,quantile,0.025,271.67
2020-11-29,1 wk ahead inc death,2020-12-05,55,quantile,0.975,294.01
2020-11-29,1 wk ahead inc death,2020-12-05,55,quantile,0.75,288.63
2020-11-29,1 wk ahead inc death,2020-12-05,55,quantile,0.5,283.85
2020-11-29,1 wk ahead inc death,2020-12-05,55,quantile,0.9,292.20
2020-11-29,1 wk ahead inc death,2020-12-05,55,quantile,0.1,276.28
2020-11-29,1 wk ahead inc death,2020-12-05,55,quantile,0.25,279.35
2020-11-29,1 wk ahead inc death,2020-12-05,56,quantile,0.9,40.74
2020-11-29,1 wk ahead inc death,2020-12-05,56,quantile,0.75,39.52
2020-11-29,1 wk ahead inc death,2020-12-05,56,quantile,0.5,38.15
2020-11-29,1 wk ahead inc death,2020-12-05,56,quantile,0.25,36.78
2020-11-29,1 wk ahead inc death,2020-12-05,56,quantile,0.025,35.01
2020-11-29,1 wk ahead inc death,2020-12-05,56,quantile,0.1,35.75
2020-11-29,1 wk ahead inc death,2020-12-05,56,quantile,0.975,42.09
2020-11-29,2 wk ahead inc death,2020-12-12,01,point,NA,125.14
2020-11-29,2 wk ahead inc death,2020-12-12,02,point,NA,25.94
2020-11-29,2 wk ahead inc death,2020-12-12,04,point,NA,189.60
2020-11-29,2 wk ahead inc death,2020-12-12,05,point,NA,104.32
2020-11-29,2 wk ahead inc death,2020-12-12,06,point,NA,567.28
2020-11-29,2 wk ahead inc death,2020-12-12,08,point,NA,188.26
2020-11-29,2 wk ahead inc death,2020-12-12,09,point,NA,102.64
2020-11-29,2 wk ahead inc death,2020-12-12,10,point,NA,22.32
2020-11-29,2 wk ahead inc death,2020-12-12,11,point,NA,7.75
2020-11-29,2 wk ahead inc death,2020-12-12,12,point,NA,451.33
2020-11-29,2 wk ahead inc death,2020-12-12,13,point,NA,202.82
2020-11-29,2 wk ahead inc death,2020-12-12,15,point,NA,6.92
2020-11-29,2 wk ahead inc death,2020-12-12,16,point,NA,70.00
2020-11-29,2 wk ahead inc death,2020-12-12,17,point,NA,619.58
2020-11-29,2 wk ahead inc death,2020-12-12,18,point,NA,332.30
2020-11-29,2 wk ahead inc death,2020-12-12,19,point,NA,153.77
2020-11-29,2 wk ahead inc death,2020-12-12,20,point,NA,133.86
2020-11-29,2 wk ahead inc death,2020-12-12,21,point,NA,137.89
2020-11-29,2 wk ahead inc death,2020-12-12,22,point,NA,123.03
2020-11-29,2 wk ahead inc death,2020-12-12,23,point,NA,15.07
2020-11-29,2 wk ahead inc death,2020-12-12,24,point,NA,117.44
2020-11-29,2 wk ahead inc death,2020-12-12,25,point,NA,147.92
2020-11-29,2 wk ahead inc death,2020-12-12,26,point,NA,463.31
2020-11-29,2 wk ahead inc death,2020-12-12,27,point,NA,271.40
2020-11-29,2 wk ahead inc death,2020-12-12,28,point,NA,88.11
2020-11-29,2 wk ahead inc death,2020-12-12,29,point,NA,216.50
2020-11-29,2 wk ahead inc death,2020-12-12,30,point,NA,64.35
2020-11-29,2 wk ahead inc death,2020-12-12,31,point,NA,90.27
2020-11-29,2 wk ahead inc death,2020-12-12,32,point,NA,103.38
2020-11-29,2 wk ahead inc death,2020-12-12,33,point,NA,18.65
2020-11-29,2 wk ahead inc death,2020-12-12,34,point,NA,176.59
2020-11-29,2 wk ahead inc death,2020-12-12,35,point,NA,138.94
2020-11-29,2 wk ahead inc death,2020-12-12,36,point,NA,261.11
2020-11-29,2 wk ahead inc death,2020-12-12,37,point,NA,219.98
2020-11-29,2 wk ahead inc death,2020-12-12,38,point,NA,55.89
2020-11-29,2 wk ahead inc death,2020-12-12,39,point,NA,399.66
2020-11-29,2 wk ahead inc death,2020-12-12,40,point,NA,145.19
2020-11-29,2 wk ahead inc death,2020-12-12,41,point,NA,79.46
2020-11-29,2 wk ahead inc death,2020-12-12,42,point,NA,374.86
2020-11-29,2 wk ahead inc death,2020-12-12,44,point,NA,32.52
2020-11-29,2 wk ahead inc death,2020-12-12,45,point,NA,86.38
2020-11-29,2 wk ahead inc death,2020-12-12,46,point,NA,88.18
2020-11-29,2 wk ahead inc death,2020-12-12,47,point,NA,254.25
2020-11-29,2 wk ahead inc death,2020-12-12,48,point,NA,715.83
2020-11-29,2 wk ahead inc death,2020-12-12,49,point,NA,57.75
2020-11-29,2 wk ahead inc death,2020-12-12,50,point,NA,6.11
2020-11-29,2 wk ahead inc death,2020-12-12,51,point,NA,134.62
2020-11-29,2 wk ahead inc death,2020-12-12,53,point,NA,126.34
2020-11-29,2 wk ahead inc death,2020-12-12,54,point,NA,66.43
2020-11-29,2 wk ahead inc death,2020-12-12,55,point,NA,257.38
2020-11-29,2 wk ahead inc death,2020-12-12,56,point,NA,36.30
2020-11-29,2 wk ahead inc death,2020-12-12,01,quantile,0.025,114.67
2020-11-29,2 wk ahead inc death,2020-12-12,01,quantile,0.975,137.44
2020-11-29,2 wk ahead inc death,2020-12-12,01,quantile,0.1,118.39
2020-11-29,2 wk ahead inc death,2020-12-12,01,quantile,0.75,128.18
2020-11-29,2 wk ahead inc death,2020-12-12,01,quantile,0.5,125.32
2020-11-29,2 wk ahead inc death,2020-12-12,01,quantile,0.9,132.18
2020-11-29,2 wk ahead inc death,2020-12-12,01,quantile,0.25,121.32
2020-11-29,2 wk ahead inc death,2020-12-12,02,quantile,0.1,23.93
2020-11-29,2 wk ahead inc death,2020-12-12,02,quantile,0.5,25.72
2020-11-29,2 wk ahead inc death,2020-12-12,02,quantile,0.975,30.05
2020-11-29,2 wk ahead inc death,2020-12-12,02,quantile,0.25,24.76
2020-11-29,2 wk ahead inc death,2020-12-12,02,quantile,0.75,26.99
2020-11-29,2 wk ahead inc death,2020-12-12,02,quantile,0.025,22.66
2020-11-29,2 wk ahead inc death,2020-12-12,02,quantile,0.9,28.30
2020-11-29,2 wk ahead inc death,2020-12-12,04,quantile,0.25,174.46
2020-11-29,2 wk ahead inc death,2020-12-12,04,quantile,0.9,213.79
2020-11-29,2 wk ahead inc death,2020-12-12,04,quantile,0.5,186.47
2020-11-29,2 wk ahead inc death,2020-12-12,04,quantile,0.75,204.19
2020-11-29,2 wk ahead inc death,2020-12-12,04,quantile,0.1,165.97
2020-11-29,2 wk ahead inc death,2020-12-12,04,quantile,0.025,156.55
2020-11-29,2 wk ahead inc death,2020-12-12,04,quantile,0.975,228.24
2020-11-29,2 wk ahead inc death,2020-12-12,05,quantile,0.5,104.15
2020-11-29,2 wk ahead inc death,2020-12-12,05,quantile,0.1,96.90
2020-11-29,2 wk ahead inc death,2020-12-12,05,quantile,0.25,100.16
2020-11-29,2 wk ahead inc death,2020-12-12,05,quantile,0.9,113.16
2020-11-29,2 wk ahead inc death,2020-12-12,05,quantile,0.025,94.98
2020-11-29,2 wk ahead inc death,2020-12-12,05,quantile,0.975,114.52
2020-11-29,2 wk ahead inc death,2020-12-12,05,quantile,0.75,108.06
2020-11-29,2 wk ahead inc death,2020-12-12,06,quantile,0.1,539.60
2020-11-29,2 wk ahead inc death,2020-12-12,06,quantile,0.25,553.77
2020-11-29,2 wk ahead inc death,2020-12-12,06,quantile,0.9,598.78
2020-11-29,2 wk ahead inc death,2020-12-12,06,quantile,0.975,611.34
2020-11-29,2 wk ahead inc death,2020-12-12,06,quantile,0.75,579.00
2020-11-29,2 wk ahead inc death,2020-12-12,06,quantile,0.5,565.99
2020-11-29,2 wk ahead inc death,2020-12-12,06,quantile,0.025,520.30
2020-11-29,2 wk ahead inc death,2020-12-12,08,quantile,0.75,193.40
2020-11-29,2 wk ahead inc death,2020-12-12,08,quantile,0.1,179.02
2020-11-29,2 wk ahead inc death,2020-12-12,08,quantile,0.5,188.78
2020-11-29,2 wk ahead inc death,2020-12-12,08,quantile,0.25,184.06
2020-11-29,2 wk ahead inc death,2020-12-12,08,quantile,0.975,200.60
2020-11-29,2 wk ahead inc death,2020-12-12,08,quantile,0.025,172.97
2020-11-29,2 wk ahead inc death,2020-12-12,08,quantile,0.9,195.64
2020-11-29,2 wk ahead inc death,2020-12-12,09,quantile,0.025,89.81
2020-11-29,2 wk ahead inc death,2020-12-12,09,quantile,0.75,106.62
2020-11-29,2 wk ahead inc death,2020-12-12,09,quantile,0.25,99.18
2020-11-29,2 wk ahead inc death,2020-12-12,09,quantile,0.9,109.30
2020-11-29,2 wk ahead inc death,2020-12-12,09,quantile,0.5,103.50
2020-11-29,2 wk ahead inc death,2020-12-12,09,quantile,0.975,113.35
2020-11-29,2 wk ahead inc death,2020-12-12,09,quantile,0.1,94.78
2020-11-29,2 wk ahead inc death,2020-12-12,10,quantile,0.9,25.11
2020-11-29,2 wk ahead inc death,2020-12-12,10,quantile,0.975,25.86
2020-11-29,2 wk ahead inc death,2020-12-12,10,quantile,0.5,22.39
2020-11-29,2 wk ahead inc death,2020-12-12,10,quantile,0.25,21.05
2020-11-29,2 wk ahead inc death,2020-12-12,10,quantile,0.75,23.75
2020-11-29,2 wk ahead inc death,2020-12-12,10,quantile,0.025,18.42
2020-11-29,2 wk ahead inc death,2020-12-12,10,quantile,0.1,19.40
2020-11-29,2 wk ahead inc death,2020-12-12,11,quantile,0.025,5.98
2020-11-29,2 wk ahead inc death,2020-12-12,11,quantile,0.25,7.02
2020-11-29,2 wk ahead inc death,2020-12-12,11,quantile,0.1,6.61
2020-11-29,2 wk ahead inc death,2020-12-12,11,quantile,0.9,9.01
2020-11-29,2 wk ahead inc death,2020-12-12,11,quantile,0.975,9.67
2020-11-29,2 wk ahead inc death,2020-12-12,11,quantile,0.5,7.77
2020-11-29,2 wk ahead inc death,2020-12-12,11,quantile,0.75,8.27
2020-11-29,2 wk ahead inc death,2020-12-12,12,quantile,0.1,435.48
2020-11-29,2 wk ahead inc death,2020-12-12,12,quantile,0.9,466.51
2020-11-29,2 wk ahead inc death,2020-12-12,12,quantile,0.5,451.53
2020-11-29,2 wk ahead inc death,2020-12-12,12,quantile,0.25,443.46
2020-11-29,2 wk ahead inc death,2020-12-12,12,quantile,0.025,427.32
2020-11-29,2 wk ahead inc death,2020-12-12,12,quantile,0.975,478.61
2020-11-29,2 wk ahead inc death,2020-12-12,12,quantile,0.75,459.22
2020-11-29,2 wk ahead inc death,2020-12-12,13,quantile,0.25,195.90
2020-11-29,2 wk ahead inc death,2020-12-12,13,quantile,0.75,207.93
2020-11-29,2 wk ahead inc death,2020-12-12,13,quantile,0.5,202.22
2020-11-29,2 wk ahead inc death,2020-12-12,13,quantile,0.9,214.62
2020-11-29,2 wk ahead inc death,2020-12-12,13,quantile,0.1,191.93
2020-11-29,2 wk ahead inc death,2020-12-12,13,quantile,0.975,221.22
2020-11-29,2 wk ahead inc death,2020-12-12,13,quantile,0.025,188.11
2020-11-29,2 wk ahead inc death,2020-12-12,15,quantile,0.975,8.98
2020-11-29,2 wk ahead inc death,2020-12-12,15,quantile,0.9,8.06
2020-11-29,2 wk ahead inc death,2020-12-12,15,quantile,0.1,5.55
2020-11-29,2 wk ahead inc death,2020-12-12,15,quantile,0.25,6.19
2020-11-29,2 wk ahead inc death,2020-12-12,15,quantile,0.75,7.59
2020-11-29,2 wk ahead inc death,2020-12-12,15,quantile,0.5,6.88
2020-11-29,2 wk ahead inc death,2020-12-12,15,quantile,0.025,5.35
2020-11-29,2 wk ahead inc death,2020-12-12,16,quantile,0.025,61.35
2020-11-29,2 wk ahead inc death,2020-12-12,16,quantile,0.5,70.32
2020-11-29,2 wk ahead inc death,2020-12-12,16,quantile,0.25,67.53
2020-11-29,2 wk ahead inc death,2020-12-12,16,quantile,0.975,76.87
2020-11-29,2 wk ahead inc death,2020-12-12,16,quantile,0.75,72.21
2020-11-29,2 wk ahead inc death,2020-12-12,16,quantile,0.9,75.46
2020-11-29,2 wk ahead inc death,2020-12-12,16,quantile,0.1,65.34
2020-11-29,2 wk ahead inc death,2020-12-12,17,quantile,0.25,600.34
2020-11-29,2 wk ahead inc death,2020-12-12,17,quantile,0.75,637.99
2020-11-29,2 wk ahead inc death,2020-12-12,17,quantile,0.5,618.42
2020-11-29,2 wk ahead inc death,2020-12-12,17,quantile,0.9,645.82
2020-11-29,2 wk ahead inc death,2020-12-12,17,quantile,0.1,589.48
2020-11-29,2 wk ahead inc death,2020-12-12,17,quantile,0.975,664.28
2020-11-29,2 wk ahead inc death,2020-12-12,17,quantile,0.025,584.75
2020-11-29,2 wk ahead inc death,2020-12-12,18,quantile,0.9,345.34
2020-11-29,2 wk ahead inc death,2020-12-12,18,quantile,0.75,337.94
2020-11-29,2 wk ahead inc death,2020-12-12,18,quantile,0.1,321.15
2020-11-29,2 wk ahead inc death,2020-12-12,18,quantile,0.975,349.01
2020-11-29,2 wk ahead inc death,2020-12-12,18,quantile,0.25,326.50
2020-11-29,2 wk ahead inc death,2020-12-12,18,quantile,0.025,316.45
2020-11-29,2 wk ahead inc death,2020-12-12,18,quantile,0.5,332.35
2020-11-29,2 wk ahead inc death,2020-12-12,19,quantile,0.25,149.72
2020-11-29,2 wk ahead inc death,2020-12-12,19,quantile,0.5,154.00
2020-11-29,2 wk ahead inc death,2020-12-12,19,quantile,0.1,145.89
2020-11-29,2 wk ahead inc death,2020-12-12,19,quantile,0.9,161.19
2020-11-29,2 wk ahead inc death,2020-12-12,19,quantile,0.75,157.66
2020-11-29,2 wk ahead inc death,2020-12-12,19,quantile,0.025,143.00
2020-11-29,2 wk ahead inc death,2020-12-12,19,quantile,0.975,166.29
2020-11-29,2 wk ahead inc death,2020-12-12,20,quantile,0.025,121.85
2020-11-29,2 wk ahead inc death,2020-12-12,20,quantile,0.975,147.61
2020-11-29,2 wk ahead inc death,2020-12-12,20,quantile,0.5,133.88
2020-11-29,2 wk ahead inc death,2020-12-12,20,quantile,0.25,128.91
2020-11-29,2 wk ahead inc death,2020-12-12,20,quantile,0.75,138.62
2020-11-29,2 wk ahead inc death,2020-12-12,20,quantile,0.9,142.96
2020-11-29,2 wk ahead inc death,2020-12-12,20,quantile,0.1,124.81
2020-11-29,2 wk ahead inc death,2020-12-12,21,quantile,0.1,130.84
2020-11-29,2 wk ahead inc death,2020-12-12,21,quantile,0.25,133.75
2020-11-29,2 wk ahead inc death,2020-12-12,21,quantile,0.5,138.04
2020-11-29,2 wk ahead inc death,2020-12-12,21,quantile,0.9,146.16
2020-11-29,2 wk ahead inc death,2020-12-12,21,quantile,0.025,124.16
2020-11-29,2 wk ahead inc death,2020-12-12,21,quantile,0.975,151.87
2020-11-29,2 wk ahead inc death,2020-12-12,21,quantile,0.75,141.59
2020-11-29,2 wk ahead inc death,2020-12-12,22,quantile,0.5,122.82
2020-11-29,2 wk ahead inc death,2020-12-12,22,quantile,0.9,129.94
2020-11-29,2 wk ahead inc death,2020-12-12,22,quantile,0.025,114.08
2020-11-29,2 wk ahead inc death,2020-12-12,22,quantile,0.75,126.98
2020-11-29,2 wk ahead inc death,2020-12-12,22,quantile,0.975,135.40
2020-11-29,2 wk ahead inc death,2020-12-12,22,quantile,0.25,118.58
2020-11-29,2 wk ahead inc death,2020-12-12,22,quantile,0.1,115.58
2020-11-29,2 wk ahead inc death,2020-12-12,23,quantile,0.9,16.84
2020-11-29,2 wk ahead inc death,2020-12-12,23,quantile,0.75,15.94
2020-11-29,2 wk ahead inc death,2020-12-12,23,quantile,0.5,14.94
2020-11-29,2 wk ahead inc death,2020-12-12,23,quantile,0.025,12.32
2020-11-29,2 wk ahead inc death,2020-12-12,23,quantile,0.1,13.42
2020-11-29,2 wk ahead inc death,2020-12-12,23,quantile,0.25,14.24
2020-11-29,2 wk ahead inc death,2020-12-12,23,quantile,0.975,18.20
2020-11-29,2 wk ahead inc death,2020-12-12,24,quantile,0.5,116.94
2020-11-29,2 wk ahead inc death,2020-12-12,24,quantile,0.975,128.21
2020-11-29,2 wk ahead inc death,2020-12-12,24,quantile,0.025,106.83
2020-11-29,2 wk ahead inc death,2020-12-12,24,quantile,0.1,111.04
2020-11-29,2 wk ahead inc death,2020-12-12,24,quantile,0.9,125.07
2020-11-29,2 wk ahead inc death,2020-12-12,24,quantile,0.75,120.25
2020-11-29,2 wk ahead inc death,2020-12-12,24,quantile,0.25,114.40
2020-11-29,2 wk ahead inc death,2020-12-12,25,quantile,0.9,155.28
2020-11-29,2 wk ahead inc death,2020-12-12,25,quantile,0.975,161.11
2020-11-29,2 wk ahead inc death,2020-12-12,25,quantile,0.025,136.50
2020-11-29,2 wk ahead inc death,2020-12-12,25,quantile,0.75,151.41
2020-11-29,2 wk ahead inc death,2020-12-12,25,quantile,0.1,140.59
2020-11-29,2 wk ahead inc death,2020-12-12,25,quantile,0.5,147.90
2020-11-29,2 wk ahead inc death,2020-12-12,25,quantile,0.25,143.42
2020-11-29,2 wk ahead inc death,2020-12-12,26,quantile,0.75,470.70
2020-11-29,2 wk ahead inc death,2020-12-12,26,quantile,0.025,442.78
2020-11-29,2 wk ahead inc death,2020-12-12,26,quantile,0.1,450.97
2020-11-29,2 wk ahead inc death,2020-12-12,26,quantile,0.25,454.65
2020-11-29,2 wk ahead inc death,2020-12-12,26,quantile,0.9,476.77
2020-11-29,2 wk ahead inc death,2020-12-12,26,quantile,0.5,464.30
2020-11-29,2 wk ahead inc death,2020-12-12,26,quantile,0.975,485.11
2020-11-29,2 wk ahead inc death,2020-12-12,27,quantile,0.1,259.06
2020-11-29,2 wk ahead inc death,2020-12-12,27,quantile,0.025,252.48
2020-11-29,2 wk ahead inc death,2020-12-12,27,quantile,0.9,282.30
2020-11-29,2 wk ahead inc death,2020-12-12,27,quantile,0.5,271.94
2020-11-29,2 wk ahead inc death,2020-12-12,27,quantile,0.25,266.17
2020-11-29,2 wk ahead inc death,2020-12-12,27,quantile,0.75,276.59
2020-11-29,2 wk ahead inc death,2020-12-12,27,quantile,0.975,289.53
2020-11-29,2 wk ahead inc death,2020-12-12,28,quantile,0.5,87.59
2020-11-29,2 wk ahead inc death,2020-12-12,28,quantile,0.975,96.93
2020-11-29,2 wk ahead inc death,2020-12-12,28,quantile,0.25,84.92
2020-11-29,2 wk ahead inc death,2020-12-12,28,quantile,0.9,94.57
2020-11-29,2 wk ahead inc death,2020-12-12,28,quantile,0.1,83.06
2020-11-29,2 wk ahead inc death,2020-12-12,28,quantile,0.75,90.64
2020-11-29,2 wk ahead inc death,2020-12-12,28,quantile,0.025,81.52
2020-11-29,2 wk ahead inc death,2020-12-12,29,quantile,0.75,221.58
2020-11-29,2 wk ahead inc death,2020-12-12,29,quantile,0.9,226.21
2020-11-29,2 wk ahead inc death,2020-12-12,29,quantile,0.975,229.79
2020-11-29,2 wk ahead inc death,2020-12-12,29,quantile,0.5,215.45
2020-11-29,2 wk ahead inc death,2020-12-12,29,quantile,0.1,206.93
2020-11-29,2 wk ahead inc death,2020-12-12,29,quantile,0.025,204.33
2020-11-29,2 wk ahead inc death,2020-12-12,29,quantile,0.25,211.93
2020-11-29,2 wk ahead inc death,2020-12-12,30,quantile,0.975,70.94
2020-11-29,2 wk ahead inc death,2020-12-12,30,quantile,0.75,66.22
2020-11-29,2 wk ahead inc death,2020-12-12,30,quantile,0.025,58.72
2020-11-29,2 wk ahead inc death,2020-12-12,30,quantile,0.9,68.89
2020-11-29,2 wk ahead inc death,2020-12-12,30,quantile,0.1,60.52
2020-11-29,2 wk ahead inc death,2020-12-12,30,quantile,0.5,64.09
2020-11-29,2 wk ahead inc death,2020-12-12,30,quantile,0.25,61.84
2020-11-29,2 wk ahead inc death,2020-12-12,31,quantile,0.1,85.28
2020-11-29,2 wk ahead inc death,2020-12-12,31,quantile,0.025,83.10
2020-11-29,2 wk ahead inc death,2020-12-12,31,quantile,0.9,97.37
2020-11-29,2 wk ahead inc death,2020-12-12,31,quantile,0.25,86.97
2020-11-29,2 wk ahead inc death,2020-12-12,31,quantile,0.75,92.33
2020-11-29,2 wk ahead inc death,2020-12-12,31,quantile,0.5,89.66
2020-11-29,2 wk ahead inc death,2020-12-12,31,quantile,0.975,100.60
2020-11-29,2 wk ahead inc death,2020-12-12,32,quantile,0.975,114.90
2020-11-29,2 wk ahead inc death,2020-12-12,32,quantile,0.9,108.52
2020-11-29,2 wk ahead inc death,2020-12-12,32,quantile,0.25,100.48
2020-11-29,2 wk ahead inc death,2020-12-12,32,quantile,0.025,95.33
2020-11-29,2 wk ahead inc death,2020-12-12,32,quantile,0.75,106.33
2020-11-29,2 wk ahead inc death,2020-12-12,32,quantile,0.5,103.35
2020-11-29,2 wk ahead inc death,2020-12-12,32,quantile,0.1,97.25
2020-11-29,2 wk ahead inc death,2020-12-12,33,quantile,0.9,21.27
2020-11-29,2 wk ahead inc death,2020-12-12,33,quantile,0.25,17.04
2020-11-29,2 wk ahead inc death,2020-12-12,33,quantile,0.025,15.38
2020-11-29,2 wk ahead inc death,2020-12-12,33,quantile,0.1,16.16
2020-11-29,2 wk ahead inc death,2020-12-12,33,quantile,0.5,18.48
2020-11-29,2 wk ahead inc death,2020-12-12,33,quantile,0.975,22.59
2020-11-29,2 wk ahead inc death,2020-12-12,33,quantile,0.75,20.03
2020-11-29,2 wk ahead inc death,2020-12-12,34,quantile,0.975,185.82
2020-11-29,2 wk ahead inc death,2020-12-12,34,quantile,0.75,180.68
2020-11-29,2 wk ahead inc death,2020-12-12,34,quantile,0.9,183.37
2020-11-29,2 wk ahead inc death,2020-12-12,34,quantile,0.1,169.72
2020-11-29,2 wk ahead inc death,2020-12-12,34,quantile,0.5,176.33
2020-11-29,2 wk ahead inc death,2020-12-12,34,quantile,0.025,164.88
2020-11-29,2 wk ahead inc death,2020-12-12,34,quantile,0.25,172.86
2020-11-29,2 wk ahead inc death,2020-12-12,35,quantile,0.75,141.80
2020-11-29,2 wk ahead inc death,2020-12-12,35,quantile,0.9,144.40
2020-11-29,2 wk ahead inc death,2020-12-12,35,quantile,0.1,133.20
2020-11-29,2 wk ahead inc death,2020-12-12,35,quantile,0.25,136.37
2020-11-29,2 wk ahead inc death,2020-12-12,35,quantile,0.025,128.46
2020-11-29,2 wk ahead inc death,2020-12-12,35,quantile,0.5,139.36
2020-11-29,2 wk ahead inc death,2020-12-12,35,quantile,0.975,147.71
2020-11-29,2 wk ahead inc death,2020-12-12,36,quantile,0.25,254.62
2020-11-29,2 wk ahead inc death,2020-12-12,36,quantile,0.1,248.53
2020-11-29,2 wk ahead inc death,2020-12-12,36,quantile,0.5,260.97
2020-11-29,2 wk ahead inc death,2020-12-12,36,quantile,0.9,272.84
2020-11-29,2 wk ahead inc death,2020-12-12,36,quantile,0.75,266.73
2020-11-29,2 wk ahead inc death,2020-12-12,36,quantile,0.975,283.68
2020-11-29,2 wk ahead inc death,2020-12-12,36,quantile,0.025,242.66
2020-11-29,2 wk ahead inc death,2020-12-12,37,quantile,0.1,209.21
2020-11-29,2 wk ahead inc death,2020-12-12,37,quantile,0.9,230.58
2020-11-29,2 wk ahead inc death,2020-12-12,37,quantile,0.75,224.94
2020-11-29,2 wk ahead inc death,2020-12-12,37,quantile,0.25,214.84
2020-11-29,2 wk ahead inc death,2020-12-12,37,quantile,0.025,203.84
2020-11-29,2 wk ahead inc death,2020-12-12,37,quantile,0.975,234.89
2020-11-29,2 wk ahead inc death,2020-12-12,37,quantile,0.5,220.11
2020-11-29,2 wk ahead inc death,2020-12-12,38,quantile,0.025,50.02
2020-11-29,2 wk ahead inc death,2020-12-12,38,quantile,0.75,57.93
2020-11-29,2 wk ahead inc death,2020-12-12,38,quantile,0.975,61.75
2020-11-29,2 wk ahead inc death,2020-12-12,38,quantile,0.1,51.50
2020-11-29,2 wk ahead inc death,2020-12-12,38,quantile,0.5,55.77
2020-11-29,2 wk ahead inc death,2020-12-12,38,quantile,0.25,54.09
2020-11-29,2 wk ahead inc death,2020-12-12,38,quantile,0.9,59.53
2020-11-29,2 wk ahead inc death,2020-12-12,39,quantile,0.975,422.14
2020-11-29,2 wk ahead inc death,2020-12-12,39,quantile,0.75,409.57
2020-11-29,2 wk ahead inc death,2020-12-12,39,quantile,0.025,373.34
2020-11-29,2 wk ahead inc death,2020-12-12,39,quantile,0.1,386.47
2020-11-29,2 wk ahead inc death,2020-12-12,39,quantile,0.25,391.82
2020-11-29,2 wk ahead inc death,2020-12-12,39,quantile,0.9,418.52
2020-11-29,2 wk ahead inc death,2020-12-12,39,quantile,0.5,397.49
2020-11-29,2 wk ahead inc death,2020-12-12,40,quantile,0.9,152.21
2020-11-29,2 wk ahead inc death,2020-12-12,40,quantile,0.75,149.40
2020-11-29,2 wk ahead inc death,2020-12-12,40,quantile,0.5,145.09
2020-11-29,2 wk ahead inc death,2020-12-12,40,quantile,0.025,135.47
2020-11-29,2 wk ahead inc death,2020-12-12,40,quantile,0.975,159.16
2020-11-29,2 wk ahead inc death,2020-12-12,40,quantile,0.25,140.15
2020-11-29,2 wk ahead inc death,2020-12-12,40,quantile,0.1,136.85
2020-11-29,2 wk ahead inc death,2020-12-12,41,quantile,0.9,84.42
2020-11-29,2 wk ahead inc death,2020-12-12,41,quantile,0.975,87.10
2020-11-29,2 wk ahead inc death,2020-12-12,41,quantile,0.75,82.37
2020-11-29,2 wk ahead inc death,2020-12-12,41,quantile,0.025,70.13
2020-11-29,2 wk ahead inc death,2020-12-12,41,quantile,0.25,77.24
2020-11-29,2 wk ahead inc death,2020-12-12,41,quantile,0.5,79.33
2020-11-29,2 wk ahead inc death,2020-12-12,41,quantile,0.1,74.68
2020-11-29,2 wk ahead inc death,2020-12-12,42,quantile,0.975,395.99
2020-11-29,2 wk ahead inc death,2020-12-12,42,quantile,0.9,388.20
2020-11-29,2 wk ahead inc death,2020-12-12,42,quantile,0.025,354.85
2020-11-29,2 wk ahead inc death,2020-12-12,42,quantile,0.1,361.17
2020-11-29,2 wk ahead inc death,2020-12-12,42,quantile,0.25,367.08
2020-11-29,2 wk ahead inc death,2020-12-12,42,quantile,0.75,383.43
2020-11-29,2 wk ahead inc death,2020-12-12,42,quantile,0.5,374.73
2020-11-29,2 wk ahead inc death,2020-12-12,44,quantile,0.1,28.73
2020-11-29,2 wk ahead inc death,2020-12-12,44,quantile,0.25,30.93
2020-11-29,2 wk ahead inc death,2020-12-12,44,quantile,0.75,34.30
2020-11-29,2 wk ahead inc death,2020-12-12,44,quantile,0.5,32.39
2020-11-29,2 wk ahead inc death,2020-12-12,44,quantile,0.975,37.87
2020-11-29,2 wk ahead inc death,2020-12-12,44,quantile,0.9,35.50
2020-11-29,2 wk ahead inc death,2020-12-12,44,quantile,0.025,27.25
2020-11-29,2 wk ahead inc death,2020-12-12,45,quantile,0.5,86.23
2020-11-29,2 wk ahead inc death,2020-12-12,45,quantile,0.025,79.37
2020-11-29,2 wk ahead inc death,2020-12-12,45,quantile,0.25,83.71
2020-11-29,2 wk ahead inc death,2020-12-12,45,quantile,0.1,81.05
2020-11-29,2 wk ahead inc death,2020-12-12,45,quantile,0.9,90.93
2020-11-29,2 wk ahead inc death,2020-12-12,45,quantile,0.75,89.01
2020-11-29,2 wk ahead inc death,2020-12-12,45,quantile,0.975,95.50
2020-11-29,2 wk ahead inc death,2020-12-12,46,quantile,0.975,95.63
2020-11-29,2 wk ahead inc death,2020-12-12,46,quantile,0.1,81.94
2020-11-29,2 wk ahead inc death,2020-12-12,46,quantile,0.9,93.53
2020-11-29,2 wk ahead inc death,2020-12-12,46,quantile,0.025,79.93
2020-11-29,2 wk ahead inc death,2020-12-12,46,quantile,0.25,85.20
2020-11-29,2 wk ahead inc death,2020-12-12,46,quantile,0.75,91.39
2020-11-29,2 wk ahead inc death,2020-12-12,46,quantile,0.5,88.46
2020-11-29,2 wk ahead inc death,2020-12-12,47,quantile,0.9,264.12
2020-11-29,2 wk ahead inc death,2020-12-12,47,quantile,0.25,249.07
2020-11-29,2 wk ahead inc death,2020-12-12,47,quantile,0.5,254.40
2020-11-29,2 wk ahead inc death,2020-12-12,47,quantile,0.975,269.33
2020-11-29,2 wk ahead inc death,2020-12-12,47,quantile,0.1,245.28
2020-11-29,2 wk ahead inc death,2020-12-12,47,quantile,0.75,260.52
2020-11-29,2 wk ahead inc death,2020-12-12,47,quantile,0.025,239.27
2020-11-29,2 wk ahead inc death,2020-12-12,48,quantile,0.25,696.10
2020-11-29,2 wk ahead inc death,2020-12-12,48,quantile,0.5,714.02
2020-11-29,2 wk ahead inc death,2020-12-12,48,quantile,0.975,785.80
2020-11-29,2 wk ahead inc death,2020-12-12,48,quantile,0.025,658.99
2020-11-29,2 wk ahead inc death,2020-12-12,48,quantile,0.1,674.92
2020-11-29,2 wk ahead inc death,2020-12-12,48,quantile,0.75,734.03
2020-11-29,2 wk ahead inc death,2020-12-12,48,quantile,0.9,764.18
2020-11-29,2 wk ahead inc death,2020-12-12,49,quantile,0.75,60.63
2020-11-29,2 wk ahead inc death,2020-12-12,49,quantile,0.9,63.22
2020-11-29,2 wk ahead inc death,2020-12-12,49,quantile,0.1,52.18
2020-11-29,2 wk ahead inc death,2020-12-12,49,quantile,0.025,49.47
2020-11-29,2 wk ahead inc death,2020-12-12,49,quantile,0.25,55.06
2020-11-29,2 wk ahead inc death,2020-12-12,49,quantile,0.5,57.88
2020-11-29,2 wk ahead inc death,2020-12-12,49,quantile,0.975,64.65
2020-11-29,2 wk ahead inc death,2020-12-12,50,quantile,0.5,6.12
2020-11-29,2 wk ahead inc death,2020-12-12,50,quantile,0.25,5.36
2020-11-29,2 wk ahead inc death,2020-12-12,50,quantile,0.9,7.32
2020-11-29,2 wk ahead inc death,2020-12-12,50,quantile,0.975,7.67
2020-11-29,2 wk ahead inc death,2020-12-12,50,quantile,0.1,4.72
2020-11-29,2 wk ahead inc death,2020-12-12,50,quantile,0.75,7.01
2020-11-29,2 wk ahead inc death,2020-12-12,50,quantile,0.025,4.30
2020-11-29,2 wk ahead inc death,2020-12-12,51,quantile,0.975,150.18
2020-11-29,2 wk ahead inc death,2020-12-12,51,quantile,0.1,124.98
2020-11-29,2 wk ahead inc death,2020-12-12,51,quantile,0.5,134.98
2020-11-29,2 wk ahead inc death,2020-12-12,51,quantile,0.25,129.43
2020-11-29,2 wk ahead inc death,2020-12-12,51,quantile,0.75,138.48
2020-11-29,2 wk ahead inc death,2020-12-12,51,quantile,0.9,143.97
2020-11-29,2 wk ahead inc death,2020-12-12,51,quantile,0.025,122.81
2020-11-29,2 wk ahead inc death,2020-12-12,53,quantile,0.25,121.47
2020-11-29,2 wk ahead inc death,2020-12-12,53,quantile,0.025,112.93
2020-11-29,2 wk ahead inc death,2020-12-12,53,quantile,0.1,118.72
2020-11-29,2 wk ahead inc death,2020-12-12,53,quantile,0.975,140.22
2020-11-29,2 wk ahead inc death,2020-12-12,53,quantile,0.9,136.74
2020-11-29,2 wk ahead inc death,2020-12-12,53,quantile,0.5,126.27
2020-11-29,2 wk ahead inc death,2020-12-12,53,quantile,0.75,130.36
2020-11-29,2 wk ahead inc death,2020-12-12,54,quantile,0.75,68.59
2020-11-29,2 wk ahead inc death,2020-12-12,54,quantile,0.5,66.28
2020-11-29,2 wk ahead inc death,2020-12-12,54,quantile,0.025,60.67
2020-11-29,2 wk ahead inc death,2020-12-12,54,quantile,0.975,73.87
2020-11-29,2 wk ahead inc death,2020-12-12,54,quantile,0.25,63.96
2020-11-29,2 wk ahead inc death,2020-12-12,54,quantile,0.9,71.36
2020-11-29,2 wk ahead inc death,2020-12-12,54,quantile,0.1,62.36
2020-11-29,2 wk ahead inc death,2020-12-12,55,quantile,0.025,239.77
2020-11-29,2 wk ahead inc death,2020-12-12,55,quantile,0.975,271.89
2020-11-29,2 wk ahead inc death,2020-12-12,55,quantile,0.75,262.66
2020-11-29,2 wk ahead inc death,2020-12-12,55,quantile,0.5,258.37
2020-11-29,2 wk ahead inc death,2020-12-12,55,quantile,0.9,266.87
2020-11-29,2 wk ahead inc death,2020-12-12,55,quantile,0.1,247.08
2020-11-29,2 wk ahead inc death,2020-12-12,55,quantile,0.25,252.61
2020-11-29,2 wk ahead inc death,2020-12-12,56,quantile,0.9,39.49
2020-11-29,2 wk ahead inc death,2020-12-12,56,quantile,0.75,37.90
2020-11-29,2 wk ahead inc death,2020-12-12,56,quantile,0.5,36.16
2020-11-29,2 wk ahead inc death,2020-12-12,56,quantile,0.25,34.77
2020-11-29,2 wk ahead inc death,2020-12-12,56,quantile,0.025,31.93
2020-11-29,2 wk ahead inc death,2020-12-12,56,quantile,0.1,33.66
2020-11-29,2 wk ahead inc death,2020-12-12,56,quantile,0.975,41.09
2020-11-29,1 wk ahead inc death,2020-12-05,US,point,NA,9273.09
2020-11-29,1 wk ahead inc death,2020-12-05,US,quantile,0.025,9007.92
2020-11-29,1 wk ahead inc death,2020-12-05,US,quantile,0.1,9117.85
2020-11-29,1 wk ahead inc death,2020-12-05,US,quantile,0.25,9176.66
2020-11-29,1 wk ahead inc death,2020-12-05,US,quantile,0.5,9267.88
2020-11-29,1 wk ahead inc death,2020-12-05,US,quantile,0.75,9377.70
2020-11-29,1 wk ahead inc death,2020-12-05,US,quantile,0.9,9453.71
2020-11-29,1 wk ahead inc death,2020-12-05,US,quantile,0.975,9494.39
2020-11-29,2 wk ahead inc death,2020-12-12,US,point,NA,8874.92
2020-11-29,2 wk ahead inc death,2020-12-12,US,quantile,0.025,8519.81
2020-11-29,2 wk ahead inc death,2020-12-12,US,quantile,0.1,8647.75
2020-11-29,2 wk ahead inc death,2020-12-12,US,quantile,0.25,8752.63
2020-11-29,2 wk ahead inc death,2020-12-12,US,quantile,0.5,8871.05
2020-11-29,2 wk ahead inc death,2020-12-12,US,quantile,0.75,9013.65
2020-11-29,2 wk ahead inc death,2020-12-12,US,quantile,0.9,9112.64
2020-11-29,2 wk ahead inc death,2020-12-12,US,quantile,0.975,9223.63
