forecast_date,target,target_end_date,location,type,quantile,value
2020-12-06,1 wk ahead inc death,2020-12-12,01,point,NA,367.88
2020-12-06,1 wk ahead inc death,2020-12-12,02,point,NA,35.53
2020-12-06,1 wk ahead inc death,2020-12-12,04,point,NA,416.10
2020-12-06,1 wk ahead inc death,2020-12-12,05,point,NA,248.21
2020-12-06,1 wk ahead inc death,2020-12-12,06,point,NA,1086.55
2020-12-06,1 wk ahead inc death,2020-12-12,08,point,NA,451.15
2020-12-06,1 wk ahead inc death,2020-12-12,09,point,NA,214.87
2020-12-06,1 wk ahead inc death,2020-12-12,10,point,NA,33.83
2020-12-06,1 wk ahead inc death,2020-12-12,11,point,NA,21.50
2020-12-06,1 wk ahead inc death,2020-12-12,12,point,NA,805.75
2020-12-06,1 wk ahead inc death,2020-12-12,13,point,NA,489.81
2020-12-06,1 wk ahead inc death,2020-12-12,15,point,NA,16.85
2020-12-06,1 wk ahead inc death,2020-12-12,16,point,NA,165.38
2020-12-06,1 wk ahead inc death,2020-12-12,17,point,NA,1172.23
2020-12-06,1 wk ahead inc death,2020-12-12,18,point,NA,660.40
2020-12-06,1 wk ahead inc death,2020-12-12,19,point,NA,329.52
2020-12-06,1 wk ahead inc death,2020-12-12,20,point,NA,261.80
2020-12-06,1 wk ahead inc death,2020-12-12,21,point,NA,330.71
2020-12-06,1 wk ahead inc death,2020-12-12,22,point,NA,218.07
2020-12-06,1 wk ahead inc death,2020-12-12,23,point,NA,43.84
2020-12-06,1 wk ahead inc death,2020-12-12,24,point,NA,276.23
2020-12-06,1 wk ahead inc death,2020-12-12,25,point,NA,334.44
2020-12-06,1 wk ahead inc death,2020-12-12,26,point,NA,909.29
2020-12-06,1 wk ahead inc death,2020-12-12,27,point,NA,530.43
2020-12-06,1 wk ahead inc death,2020-12-12,28,point,NA,223.48
2020-12-06,1 wk ahead inc death,2020-12-12,29,point,NA,475.25
2020-12-06,1 wk ahead inc death,2020-12-12,30,point,NA,99.77
2020-12-06,1 wk ahead inc death,2020-12-12,31,point,NA,253.93
2020-12-06,1 wk ahead inc death,2020-12-12,32,point,NA,202.70
2020-12-06,1 wk ahead inc death,2020-12-12,33,point,NA,48.20
2020-12-06,1 wk ahead inc death,2020-12-12,34,point,NA,421.74
2020-12-06,1 wk ahead inc death,2020-12-12,35,point,NA,238.76
2020-12-06,1 wk ahead inc death,2020-12-12,36,point,NA,601.71
2020-12-06,1 wk ahead inc death,2020-12-12,37,point,NA,416.92
2020-12-06,1 wk ahead inc death,2020-12-12,38,point,NA,92.78
2020-12-06,1 wk ahead inc death,2020-12-12,39,point,NA,747.03
2020-12-06,1 wk ahead inc death,2020-12-12,40,point,NA,284.19
2020-12-06,1 wk ahead inc death,2020-12-12,41,point,NA,169.50
2020-12-06,1 wk ahead inc death,2020-12-12,42,point,NA,1020.64
2020-12-06,1 wk ahead inc death,2020-12-12,44,point,NA,74.91
2020-12-06,1 wk ahead inc death,2020-12-12,45,point,NA,242.69
2020-12-06,1 wk ahead inc death,2020-12-12,46,point,NA,138.91
2020-12-06,1 wk ahead inc death,2020-12-12,47,point,NA,479.72
2020-12-06,1 wk ahead inc death,2020-12-12,48,point,NA,1541.68
2020-12-06,1 wk ahead inc death,2020-12-12,49,point,NA,105.99
2020-12-06,1 wk ahead inc death,2020-12-12,50,point,NA,18.30
2020-12-06,1 wk ahead inc death,2020-12-12,51,point,NA,219.65
2020-12-06,1 wk ahead inc death,2020-12-12,53,point,NA,238.71
2020-12-06,1 wk ahead inc death,2020-12-12,54,point,NA,139.04
2020-12-06,1 wk ahead inc death,2020-12-12,55,point,NA,542.96
2020-12-06,1 wk ahead inc death,2020-12-12,56,point,NA,60.22
2020-12-06,1 wk ahead inc death,2020-12-12,01,quantile,0.025,367.88
2020-12-06,1 wk ahead inc death,2020-12-12,01,quantile,0.975,367.88
2020-12-06,1 wk ahead inc death,2020-12-12,01,quantile,0.1,367.88
2020-12-06,1 wk ahead inc death,2020-12-12,01,quantile,0.75,367.88
2020-12-06,1 wk ahead inc death,2020-12-12,01,quantile,0.5,367.88
2020-12-06,1 wk ahead inc death,2020-12-12,01,quantile,0.9,367.88
2020-12-06,1 wk ahead inc death,2020-12-12,01,quantile,0.25,367.88
2020-12-06,1 wk ahead inc death,2020-12-12,02,quantile,0.1,35.53
2020-12-06,1 wk ahead inc death,2020-12-12,02,quantile,0.5,35.53
2020-12-06,1 wk ahead inc death,2020-12-12,02,quantile,0.975,35.53
2020-12-06,1 wk ahead inc death,2020-12-12,02,quantile,0.25,35.53
2020-12-06,1 wk ahead inc death,2020-12-12,02,quantile,0.75,35.53
2020-12-06,1 wk ahead inc death,2020-12-12,02,quantile,0.025,35.53
2020-12-06,1 wk ahead inc death,2020-12-12,02,quantile,0.9,35.53
2020-12-06,1 wk ahead inc death,2020-12-12,04,quantile,0.25,416.10
2020-12-06,1 wk ahead inc death,2020-12-12,04,quantile,0.9,416.10
2020-12-06,1 wk ahead inc death,2020-12-12,04,quantile,0.5,416.10
2020-12-06,1 wk ahead inc death,2020-12-12,04,quantile,0.75,416.10
2020-12-06,1 wk ahead inc death,2020-12-12,04,quantile,0.1,416.10
2020-12-06,1 wk ahead inc death,2020-12-12,04,quantile,0.025,416.10
2020-12-06,1 wk ahead inc death,2020-12-12,04,quantile,0.975,416.10
2020-12-06,1 wk ahead inc death,2020-12-12,05,quantile,0.5,248.21
2020-12-06,1 wk ahead inc death,2020-12-12,05,quantile,0.1,248.21
2020-12-06,1 wk ahead inc death,2020-12-12,05,quantile,0.25,248.21
2020-12-06,1 wk ahead inc death,2020-12-12,05,quantile,0.9,248.21
2020-12-06,1 wk ahead inc death,2020-12-12,05,quantile,0.025,248.21
2020-12-06,1 wk ahead inc death,2020-12-12,05,quantile,0.975,248.21
2020-12-06,1 wk ahead inc death,2020-12-12,05,quantile,0.75,248.21
2020-12-06,1 wk ahead inc death,2020-12-12,06,quantile,0.1,1086.55
2020-12-06,1 wk ahead inc death,2020-12-12,06,quantile,0.25,1086.55
2020-12-06,1 wk ahead inc death,2020-12-12,06,quantile,0.9,1086.55
2020-12-06,1 wk ahead inc death,2020-12-12,06,quantile,0.975,1086.55
2020-12-06,1 wk ahead inc death,2020-12-12,06,quantile,0.75,1086.55
2020-12-06,1 wk ahead inc death,2020-12-12,06,quantile,0.5,1086.55
2020-12-06,1 wk ahead inc death,2020-12-12,06,quantile,0.025,1086.55
2020-12-06,1 wk ahead inc death,2020-12-12,08,quantile,0.75,451.15
2020-12-06,1 wk ahead inc death,2020-12-12,08,quantile,0.1,451.15
2020-12-06,1 wk ahead inc death,2020-12-12,08,quantile,0.5,451.15
2020-12-06,1 wk ahead inc death,2020-12-12,08,quantile,0.25,451.15
2020-12-06,1 wk ahead inc death,2020-12-12,08,quantile,0.975,451.15
2020-12-06,1 wk ahead inc death,2020-12-12,08,quantile,0.025,451.15
2020-12-06,1 wk ahead inc death,2020-12-12,08,quantile,0.9,451.15
2020-12-06,1 wk ahead inc death,2020-12-12,09,quantile,0.025,214.87
2020-12-06,1 wk ahead inc death,2020-12-12,09,quantile,0.75,214.87
2020-12-06,1 wk ahead inc death,2020-12-12,09,quantile,0.25,214.87
2020-12-06,1 wk ahead inc death,2020-12-12,09,quantile,0.9,214.87
2020-12-06,1 wk ahead inc death,2020-12-12,09,quantile,0.5,214.87
2020-12-06,1 wk ahead inc death,2020-12-12,09,quantile,0.975,214.87
2020-12-06,1 wk ahead inc death,2020-12-12,09,quantile,0.1,214.87
2020-12-06,1 wk ahead inc death,2020-12-12,10,quantile,0.9,33.83
2020-12-06,1 wk ahead inc death,2020-12-12,10,quantile,0.975,33.83
2020-12-06,1 wk ahead inc death,2020-12-12,10,quantile,0.5,33.83
2020-12-06,1 wk ahead inc death,2020-12-12,10,quantile,0.25,33.83
2020-12-06,1 wk ahead inc death,2020-12-12,10,quantile,0.75,33.83
2020-12-06,1 wk ahead inc death,2020-12-12,10,quantile,0.025,33.83
2020-12-06,1 wk ahead inc death,2020-12-12,10,quantile,0.1,33.83
2020-12-06,1 wk ahead inc death,2020-12-12,11,quantile,0.025,21.50
2020-12-06,1 wk ahead inc death,2020-12-12,11,quantile,0.25,21.50
2020-12-06,1 wk ahead inc death,2020-12-12,11,quantile,0.1,21.50
2020-12-06,1 wk ahead inc death,2020-12-12,11,quantile,0.9,21.50
2020-12-06,1 wk ahead inc death,2020-12-12,11,quantile,0.975,21.50
2020-12-06,1 wk ahead inc death,2020-12-12,11,quantile,0.5,21.50
2020-12-06,1 wk ahead inc death,2020-12-12,11,quantile,0.75,21.50
2020-12-06,1 wk ahead inc death,2020-12-12,12,quantile,0.1,805.75
2020-12-06,1 wk ahead inc death,2020-12-12,12,quantile,0.9,805.75
2020-12-06,1 wk ahead inc death,2020-12-12,12,quantile,0.5,805.75
2020-12-06,1 wk ahead inc death,2020-12-12,12,quantile,0.25,805.75
2020-12-06,1 wk ahead inc death,2020-12-12,12,quantile,0.025,805.75
2020-12-06,1 wk ahead inc death,2020-12-12,12,quantile,0.975,805.75
2020-12-06,1 wk ahead inc death,2020-12-12,12,quantile,0.75,805.75
2020-12-06,1 wk ahead inc death,2020-12-12,13,quantile,0.25,489.81
2020-12-06,1 wk ahead inc death,2020-12-12,13,quantile,0.75,489.81
2020-12-06,1 wk ahead inc death,2020-12-12,13,quantile,0.5,489.81
2020-12-06,1 wk ahead inc death,2020-12-12,13,quantile,0.9,489.81
2020-12-06,1 wk ahead inc death,2020-12-12,13,quantile,0.1,489.81
2020-12-06,1 wk ahead inc death,2020-12-12,13,quantile,0.975,489.81
2020-12-06,1 wk ahead inc death,2020-12-12,13,quantile,0.025,489.81
2020-12-06,1 wk ahead inc death,2020-12-12,15,quantile,0.975,16.85
2020-12-06,1 wk ahead inc death,2020-12-12,15,quantile,0.9,16.85
2020-12-06,1 wk ahead inc death,2020-12-12,15,quantile,0.1,16.85
2020-12-06,1 wk ahead inc death,2020-12-12,15,quantile,0.25,16.85
2020-12-06,1 wk ahead inc death,2020-12-12,15,quantile,0.75,16.85
2020-12-06,1 wk ahead inc death,2020-12-12,15,quantile,0.5,16.85
2020-12-06,1 wk ahead inc death,2020-12-12,15,quantile,0.025,16.85
2020-12-06,1 wk ahead inc death,2020-12-12,16,quantile,0.025,165.38
2020-12-06,1 wk ahead inc death,2020-12-12,16,quantile,0.5,165.38
2020-12-06,1 wk ahead inc death,2020-12-12,16,quantile,0.25,165.38
2020-12-06,1 wk ahead inc death,2020-12-12,16,quantile,0.975,165.38
2020-12-06,1 wk ahead inc death,2020-12-12,16,quantile,0.75,165.38
2020-12-06,1 wk ahead inc death,2020-12-12,16,quantile,0.9,165.38
2020-12-06,1 wk ahead inc death,2020-12-12,16,quantile,0.1,165.38
2020-12-06,1 wk ahead inc death,2020-12-12,17,quantile,0.25,1172.23
2020-12-06,1 wk ahead inc death,2020-12-12,17,quantile,0.75,1172.23
2020-12-06,1 wk ahead inc death,2020-12-12,17,quantile,0.5,1172.23
2020-12-06,1 wk ahead inc death,2020-12-12,17,quantile,0.9,1172.23
2020-12-06,1 wk ahead inc death,2020-12-12,17,quantile,0.1,1172.23
2020-12-06,1 wk ahead inc death,2020-12-12,17,quantile,0.975,1172.23
2020-12-06,1 wk ahead inc death,2020-12-12,17,quantile,0.025,1172.23
2020-12-06,1 wk ahead inc death,2020-12-12,18,quantile,0.9,660.40
2020-12-06,1 wk ahead inc death,2020-12-12,18,quantile,0.75,660.40
2020-12-06,1 wk ahead inc death,2020-12-12,18,quantile,0.1,660.40
2020-12-06,1 wk ahead inc death,2020-12-12,18,quantile,0.975,660.40
2020-12-06,1 wk ahead inc death,2020-12-12,18,quantile,0.25,660.40
2020-12-06,1 wk ahead inc death,2020-12-12,18,quantile,0.025,660.40
2020-12-06,1 wk ahead inc death,2020-12-12,18,quantile,0.5,660.40
2020-12-06,1 wk ahead inc death,2020-12-12,19,quantile,0.25,329.52
2020-12-06,1 wk ahead inc death,2020-12-12,19,quantile,0.5,329.52
2020-12-06,1 wk ahead inc death,2020-12-12,19,quantile,0.1,329.52
2020-12-06,1 wk ahead inc death,2020-12-12,19,quantile,0.9,329.52
2020-12-06,1 wk ahead inc death,2020-12-12,19,quantile,0.75,329.52
2020-12-06,1 wk ahead inc death,2020-12-12,19,quantile,0.025,329.52
2020-12-06,1 wk ahead inc death,2020-12-12,19,quantile,0.975,329.52
2020-12-06,1 wk ahead inc death,2020-12-12,20,quantile,0.025,261.80
2020-12-06,1 wk ahead inc death,2020-12-12,20,quantile,0.975,261.80
2020-12-06,1 wk ahead inc death,2020-12-12,20,quantile,0.5,261.80
2020-12-06,1 wk ahead inc death,2020-12-12,20,quantile,0.25,261.80
2020-12-06,1 wk ahead inc death,2020-12-12,20,quantile,0.75,261.80
2020-12-06,1 wk ahead inc death,2020-12-12,20,quantile,0.9,261.80
2020-12-06,1 wk ahead inc death,2020-12-12,20,quantile,0.1,261.80
2020-12-06,1 wk ahead inc death,2020-12-12,21,quantile,0.1,330.71
2020-12-06,1 wk ahead inc death,2020-12-12,21,quantile,0.25,330.71
2020-12-06,1 wk ahead inc death,2020-12-12,21,quantile,0.5,330.71
2020-12-06,1 wk ahead inc death,2020-12-12,21,quantile,0.9,330.71
2020-12-06,1 wk ahead inc death,2020-12-12,21,quantile,0.025,330.71
2020-12-06,1 wk ahead inc death,2020-12-12,21,quantile,0.975,330.71
2020-12-06,1 wk ahead inc death,2020-12-12,21,quantile,0.75,330.71
2020-12-06,1 wk ahead inc death,2020-12-12,22,quantile,0.5,218.07
2020-12-06,1 wk ahead inc death,2020-12-12,22,quantile,0.9,218.07
2020-12-06,1 wk ahead inc death,2020-12-12,22,quantile,0.025,218.07
2020-12-06,1 wk ahead inc death,2020-12-12,22,quantile,0.75,218.07
2020-12-06,1 wk ahead inc death,2020-12-12,22,quantile,0.975,218.07
2020-12-06,1 wk ahead inc death,2020-12-12,22,quantile,0.25,218.07
2020-12-06,1 wk ahead inc death,2020-12-12,22,quantile,0.1,218.07
2020-12-06,1 wk ahead inc death,2020-12-12,23,quantile,0.9,43.84
2020-12-06,1 wk ahead inc death,2020-12-12,23,quantile,0.75,43.84
2020-12-06,1 wk ahead inc death,2020-12-12,23,quantile,0.5,43.84
2020-12-06,1 wk ahead inc death,2020-12-12,23,quantile,0.025,43.84
2020-12-06,1 wk ahead inc death,2020-12-12,23,quantile,0.1,43.84
2020-12-06,1 wk ahead inc death,2020-12-12,23,quantile,0.25,43.84
2020-12-06,1 wk ahead inc death,2020-12-12,23,quantile,0.975,43.84
2020-12-06,1 wk ahead inc death,2020-12-12,24,quantile,0.5,276.23
2020-12-06,1 wk ahead inc death,2020-12-12,24,quantile,0.975,276.23
2020-12-06,1 wk ahead inc death,2020-12-12,24,quantile,0.025,276.23
2020-12-06,1 wk ahead inc death,2020-12-12,24,quantile,0.1,276.23
2020-12-06,1 wk ahead inc death,2020-12-12,24,quantile,0.9,276.23
2020-12-06,1 wk ahead inc death,2020-12-12,24,quantile,0.75,276.23
2020-12-06,1 wk ahead inc death,2020-12-12,24,quantile,0.25,276.23
2020-12-06,1 wk ahead inc death,2020-12-12,25,quantile,0.9,334.44
2020-12-06,1 wk ahead inc death,2020-12-12,25,quantile,0.975,334.44
2020-12-06,1 wk ahead inc death,2020-12-12,25,quantile,0.025,334.44
2020-12-06,1 wk ahead inc death,2020-12-12,25,quantile,0.75,334.44
2020-12-06,1 wk ahead inc death,2020-12-12,25,quantile,0.1,334.44
2020-12-06,1 wk ahead inc death,2020-12-12,25,quantile,0.5,334.44
2020-12-06,1 wk ahead inc death,2020-12-12,25,quantile,0.25,334.44
2020-12-06,1 wk ahead inc death,2020-12-12,26,quantile,0.75,909.29
2020-12-06,1 wk ahead inc death,2020-12-12,26,quantile,0.025,909.29
2020-12-06,1 wk ahead inc death,2020-12-12,26,quantile,0.1,909.29
2020-12-06,1 wk ahead inc death,2020-12-12,26,quantile,0.25,909.29
2020-12-06,1 wk ahead inc death,2020-12-12,26,quantile,0.9,909.29
2020-12-06,1 wk ahead inc death,2020-12-12,26,quantile,0.5,909.29
2020-12-06,1 wk ahead inc death,2020-12-12,26,quantile,0.975,909.29
2020-12-06,1 wk ahead inc death,2020-12-12,27,quantile,0.1,530.43
2020-12-06,1 wk ahead inc death,2020-12-12,27,quantile,0.025,530.43
2020-12-06,1 wk ahead inc death,2020-12-12,27,quantile,0.9,530.43
2020-12-06,1 wk ahead inc death,2020-12-12,27,quantile,0.5,530.43
2020-12-06,1 wk ahead inc death,2020-12-12,27,quantile,0.25,530.43
2020-12-06,1 wk ahead inc death,2020-12-12,27,quantile,0.75,530.43
2020-12-06,1 wk ahead inc death,2020-12-12,27,quantile,0.975,530.43
2020-12-06,1 wk ahead inc death,2020-12-12,28,quantile,0.5,223.48
2020-12-06,1 wk ahead inc death,2020-12-12,28,quantile,0.975,223.48
2020-12-06,1 wk ahead inc death,2020-12-12,28,quantile,0.25,223.48
2020-12-06,1 wk ahead inc death,2020-12-12,28,quantile,0.9,223.48
2020-12-06,1 wk ahead inc death,2020-12-12,28,quantile,0.1,223.48
2020-12-06,1 wk ahead inc death,2020-12-12,28,quantile,0.75,223.48
2020-12-06,1 wk ahead inc death,2020-12-12,28,quantile,0.025,223.48
2020-12-06,1 wk ahead inc death,2020-12-12,29,quantile,0.75,475.25
2020-12-06,1 wk ahead inc death,2020-12-12,29,quantile,0.9,475.25
2020-12-06,1 wk ahead inc death,2020-12-12,29,quantile,0.975,475.25
2020-12-06,1 wk ahead inc death,2020-12-12,29,quantile,0.5,475.25
2020-12-06,1 wk ahead inc death,2020-12-12,29,quantile,0.1,475.25
2020-12-06,1 wk ahead inc death,2020-12-12,29,quantile,0.025,475.25
2020-12-06,1 wk ahead inc death,2020-12-12,29,quantile,0.25,475.25
2020-12-06,1 wk ahead inc death,2020-12-12,30,quantile,0.975,99.77
2020-12-06,1 wk ahead inc death,2020-12-12,30,quantile,0.75,99.77
2020-12-06,1 wk ahead inc death,2020-12-12,30,quantile,0.025,99.77
2020-12-06,1 wk ahead inc death,2020-12-12,30,quantile,0.9,99.77
2020-12-06,1 wk ahead inc death,2020-12-12,30,quantile,0.1,99.77
2020-12-06,1 wk ahead inc death,2020-12-12,30,quantile,0.5,99.77
2020-12-06,1 wk ahead inc death,2020-12-12,30,quantile,0.25,99.77
2020-12-06,1 wk ahead inc death,2020-12-12,31,quantile,0.1,253.93
2020-12-06,1 wk ahead inc death,2020-12-12,31,quantile,0.025,253.93
2020-12-06,1 wk ahead inc death,2020-12-12,31,quantile,0.9,253.93
2020-12-06,1 wk ahead inc death,2020-12-12,31,quantile,0.25,253.93
2020-12-06,1 wk ahead inc death,2020-12-12,31,quantile,0.75,253.93
2020-12-06,1 wk ahead inc death,2020-12-12,31,quantile,0.5,253.93
2020-12-06,1 wk ahead inc death,2020-12-12,31,quantile,0.975,253.93
2020-12-06,1 wk ahead inc death,2020-12-12,32,quantile,0.975,202.70
2020-12-06,1 wk ahead inc death,2020-12-12,32,quantile,0.9,202.70
2020-12-06,1 wk ahead inc death,2020-12-12,32,quantile,0.25,202.70
2020-12-06,1 wk ahead inc death,2020-12-12,32,quantile,0.025,202.70
2020-12-06,1 wk ahead inc death,2020-12-12,32,quantile,0.75,202.70
2020-12-06,1 wk ahead inc death,2020-12-12,32,quantile,0.5,202.70
2020-12-06,1 wk ahead inc death,2020-12-12,32,quantile,0.1,202.70
2020-12-06,1 wk ahead inc death,2020-12-12,33,quantile,0.9,48.20
2020-12-06,1 wk ahead inc death,2020-12-12,33,quantile,0.25,48.20
2020-12-06,1 wk ahead inc death,2020-12-12,33,quantile,0.025,48.20
2020-12-06,1 wk ahead inc death,2020-12-12,33,quantile,0.1,48.20
2020-12-06,1 wk ahead inc death,2020-12-12,33,quantile,0.5,48.20
2020-12-06,1 wk ahead inc death,2020-12-12,33,quantile,0.975,48.20
2020-12-06,1 wk ahead inc death,2020-12-12,33,quantile,0.75,48.20
2020-12-06,1 wk ahead inc death,2020-12-12,34,quantile,0.975,421.74
2020-12-06,1 wk ahead inc death,2020-12-12,34,quantile,0.75,421.74
2020-12-06,1 wk ahead inc death,2020-12-12,34,quantile,0.9,421.74
2020-12-06,1 wk ahead inc death,2020-12-12,34,quantile,0.1,421.74
2020-12-06,1 wk ahead inc death,2020-12-12,34,quantile,0.5,421.74
2020-12-06,1 wk ahead inc death,2020-12-12,34,quantile,0.025,421.74
2020-12-06,1 wk ahead inc death,2020-12-12,34,quantile,0.25,421.74
2020-12-06,1 wk ahead inc death,2020-12-12,35,quantile,0.75,238.76
2020-12-06,1 wk ahead inc death,2020-12-12,35,quantile,0.9,238.76
2020-12-06,1 wk ahead inc death,2020-12-12,35,quantile,0.1,238.76
2020-12-06,1 wk ahead inc death,2020-12-12,35,quantile,0.25,238.76
2020-12-06,1 wk ahead inc death,2020-12-12,35,quantile,0.025,238.76
2020-12-06,1 wk ahead inc death,2020-12-12,35,quantile,0.5,238.76
2020-12-06,1 wk ahead inc death,2020-12-12,35,quantile,0.975,238.76
2020-12-06,1 wk ahead inc death,2020-12-12,36,quantile,0.25,601.71
2020-12-06,1 wk ahead inc death,2020-12-12,36,quantile,0.1,601.71
2020-12-06,1 wk ahead inc death,2020-12-12,36,quantile,0.5,601.71
2020-12-06,1 wk ahead inc death,2020-12-12,36,quantile,0.9,601.71
2020-12-06,1 wk ahead inc death,2020-12-12,36,quantile,0.75,601.71
2020-12-06,1 wk ahead inc death,2020-12-12,36,quantile,0.975,601.71
2020-12-06,1 wk ahead inc death,2020-12-12,36,quantile,0.025,601.71
2020-12-06,1 wk ahead inc death,2020-12-12,37,quantile,0.1,416.92
2020-12-06,1 wk ahead inc death,2020-12-12,37,quantile,0.9,416.92
2020-12-06,1 wk ahead inc death,2020-12-12,37,quantile,0.75,416.92
2020-12-06,1 wk ahead inc death,2020-12-12,37,quantile,0.25,416.92
2020-12-06,1 wk ahead inc death,2020-12-12,37,quantile,0.025,416.92
2020-12-06,1 wk ahead inc death,2020-12-12,37,quantile,0.975,416.92
2020-12-06,1 wk ahead inc death,2020-12-12,37,quantile,0.5,416.92
2020-12-06,1 wk ahead inc death,2020-12-12,38,quantile,0.025,92.78
2020-12-06,1 wk ahead inc death,2020-12-12,38,quantile,0.75,92.78
2020-12-06,1 wk ahead inc death,2020-12-12,38,quantile,0.975,92.78
2020-12-06,1 wk ahead inc death,2020-12-12,38,quantile,0.1,92.78
2020-12-06,1 wk ahead inc death,2020-12-12,38,quantile,0.5,92.78
2020-12-06,1 wk ahead inc death,2020-12-12,38,quantile,0.25,92.78
2020-12-06,1 wk ahead inc death,2020-12-12,38,quantile,0.9,92.78
2020-12-06,1 wk ahead inc death,2020-12-12,39,quantile,0.975,747.03
2020-12-06,1 wk ahead inc death,2020-12-12,39,quantile,0.75,747.03
2020-12-06,1 wk ahead inc death,2020-12-12,39,quantile,0.025,747.03
2020-12-06,1 wk ahead inc death,2020-12-12,39,quantile,0.1,747.03
2020-12-06,1 wk ahead inc death,2020-12-12,39,quantile,0.25,747.03
2020-12-06,1 wk ahead inc death,2020-12-12,39,quantile,0.9,747.03
2020-12-06,1 wk ahead inc death,2020-12-12,39,quantile,0.5,747.03
2020-12-06,1 wk ahead inc death,2020-12-12,40,quantile,0.9,284.19
2020-12-06,1 wk ahead inc death,2020-12-12,40,quantile,0.75,284.19
2020-12-06,1 wk ahead inc death,2020-12-12,40,quantile,0.5,284.19
2020-12-06,1 wk ahead inc death,2020-12-12,40,quantile,0.025,284.19
2020-12-06,1 wk ahead inc death,2020-12-12,40,quantile,0.975,284.19
2020-12-06,1 wk ahead inc death,2020-12-12,40,quantile,0.25,284.19
2020-12-06,1 wk ahead inc death,2020-12-12,40,quantile,0.1,284.19
2020-12-06,1 wk ahead inc death,2020-12-12,41,quantile,0.9,169.50
2020-12-06,1 wk ahead inc death,2020-12-12,41,quantile,0.975,169.50
2020-12-06,1 wk ahead inc death,2020-12-12,41,quantile,0.75,169.50
2020-12-06,1 wk ahead inc death,2020-12-12,41,quantile,0.025,169.50
2020-12-06,1 wk ahead inc death,2020-12-12,41,quantile,0.25,169.50
2020-12-06,1 wk ahead inc death,2020-12-12,41,quantile,0.5,169.50
2020-12-06,1 wk ahead inc death,2020-12-12,41,quantile,0.1,169.50
2020-12-06,1 wk ahead inc death,2020-12-12,42,quantile,0.975,1020.64
2020-12-06,1 wk ahead inc death,2020-12-12,42,quantile,0.9,1020.64
2020-12-06,1 wk ahead inc death,2020-12-12,42,quantile,0.025,1020.64
2020-12-06,1 wk ahead inc death,2020-12-12,42,quantile,0.1,1020.64
2020-12-06,1 wk ahead inc death,2020-12-12,42,quantile,0.25,1020.64
2020-12-06,1 wk ahead inc death,2020-12-12,42,quantile,0.75,1020.64
2020-12-06,1 wk ahead inc death,2020-12-12,42,quantile,0.5,1020.64
2020-12-06,1 wk ahead inc death,2020-12-12,44,quantile,0.1,74.91
2020-12-06,1 wk ahead inc death,2020-12-12,44,quantile,0.25,74.91
2020-12-06,1 wk ahead inc death,2020-12-12,44,quantile,0.75,74.91
2020-12-06,1 wk ahead inc death,2020-12-12,44,quantile,0.5,74.91
2020-12-06,1 wk ahead inc death,2020-12-12,44,quantile,0.975,74.91
2020-12-06,1 wk ahead inc death,2020-12-12,44,quantile,0.9,74.91
2020-12-06,1 wk ahead inc death,2020-12-12,44,quantile,0.025,74.91
2020-12-06,1 wk ahead inc death,2020-12-12,45,quantile,0.5,242.69
2020-12-06,1 wk ahead inc death,2020-12-12,45,quantile,0.025,242.69
2020-12-06,1 wk ahead inc death,2020-12-12,45,quantile,0.25,242.69
2020-12-06,1 wk ahead inc death,2020-12-12,45,quantile,0.1,242.69
2020-12-06,1 wk ahead inc death,2020-12-12,45,quantile,0.9,242.69
2020-12-06,1 wk ahead inc death,2020-12-12,45,quantile,0.75,242.69
2020-12-06,1 wk ahead inc death,2020-12-12,45,quantile,0.975,242.69
2020-12-06,1 wk ahead inc death,2020-12-12,46,quantile,0.975,138.91
2020-12-06,1 wk ahead inc death,2020-12-12,46,quantile,0.1,138.91
2020-12-06,1 wk ahead inc death,2020-12-12,46,quantile,0.9,138.91
2020-12-06,1 wk ahead inc death,2020-12-12,46,quantile,0.025,138.91
2020-12-06,1 wk ahead inc death,2020-12-12,46,quantile,0.25,138.91
2020-12-06,1 wk ahead inc death,2020-12-12,46,quantile,0.75,138.91
2020-12-06,1 wk ahead inc death,2020-12-12,46,quantile,0.5,138.91
2020-12-06,1 wk ahead inc death,2020-12-12,47,quantile,0.9,479.72
2020-12-06,1 wk ahead inc death,2020-12-12,47,quantile,0.25,479.72
2020-12-06,1 wk ahead inc death,2020-12-12,47,quantile,0.5,479.72
2020-12-06,1 wk ahead inc death,2020-12-12,47,quantile,0.975,479.72
2020-12-06,1 wk ahead inc death,2020-12-12,47,quantile,0.1,479.72
2020-12-06,1 wk ahead inc death,2020-12-12,47,quantile,0.75,479.72
2020-12-06,1 wk ahead inc death,2020-12-12,47,quantile,0.025,479.72
2020-12-06,1 wk ahead inc death,2020-12-12,48,quantile,0.25,1541.68
2020-12-06,1 wk ahead inc death,2020-12-12,48,quantile,0.5,1541.68
2020-12-06,1 wk ahead inc death,2020-12-12,48,quantile,0.975,1541.68
2020-12-06,1 wk ahead inc death,2020-12-12,48,quantile,0.025,1541.68
2020-12-06,1 wk ahead inc death,2020-12-12,48,quantile,0.1,1541.68
2020-12-06,1 wk ahead inc death,2020-12-12,48,quantile,0.75,1541.68
2020-12-06,1 wk ahead inc death,2020-12-12,48,quantile,0.9,1541.68
2020-12-06,1 wk ahead inc death,2020-12-12,49,quantile,0.75,105.99
2020-12-06,1 wk ahead inc death,2020-12-12,49,quantile,0.9,105.99
2020-12-06,1 wk ahead inc death,2020-12-12,49,quantile,0.1,105.99
2020-12-06,1 wk ahead inc death,2020-12-12,49,quantile,0.025,105.99
2020-12-06,1 wk ahead inc death,2020-12-12,49,quantile,0.25,105.99
2020-12-06,1 wk ahead inc death,2020-12-12,49,quantile,0.5,105.99
2020-12-06,1 wk ahead inc death,2020-12-12,49,quantile,0.975,105.99
2020-12-06,1 wk ahead inc death,2020-12-12,50,quantile,0.5,18.30
2020-12-06,1 wk ahead inc death,2020-12-12,50,quantile,0.25,18.30
2020-12-06,1 wk ahead inc death,2020-12-12,50,quantile,0.9,18.30
2020-12-06,1 wk ahead inc death,2020-12-12,50,quantile,0.975,18.30
2020-12-06,1 wk ahead inc death,2020-12-12,50,quantile,0.1,18.30
2020-12-06,1 wk ahead inc death,2020-12-12,50,quantile,0.75,18.30
2020-12-06,1 wk ahead inc death,2020-12-12,50,quantile,0.025,18.30
2020-12-06,1 wk ahead inc death,2020-12-12,51,quantile,0.975,219.65
2020-12-06,1 wk ahead inc death,2020-12-12,51,quantile,0.1,219.65
2020-12-06,1 wk ahead inc death,2020-12-12,51,quantile,0.5,219.65
2020-12-06,1 wk ahead inc death,2020-12-12,51,quantile,0.25,219.65
2020-12-06,1 wk ahead inc death,2020-12-12,51,quantile,0.75,219.65
2020-12-06,1 wk ahead inc death,2020-12-12,51,quantile,0.9,219.65
2020-12-06,1 wk ahead inc death,2020-12-12,51,quantile,0.025,219.65
2020-12-06,1 wk ahead inc death,2020-12-12,53,quantile,0.25,238.71
2020-12-06,1 wk ahead inc death,2020-12-12,53,quantile,0.025,238.71
2020-12-06,1 wk ahead inc death,2020-12-12,53,quantile,0.1,238.71
2020-12-06,1 wk ahead inc death,2020-12-12,53,quantile,0.975,238.71
2020-12-06,1 wk ahead inc death,2020-12-12,53,quantile,0.9,238.71
2020-12-06,1 wk ahead inc death,2020-12-12,53,quantile,0.5,238.71
2020-12-06,1 wk ahead inc death,2020-12-12,53,quantile,0.75,238.71
2020-12-06,1 wk ahead inc death,2020-12-12,54,quantile,0.75,139.04
2020-12-06,1 wk ahead inc death,2020-12-12,54,quantile,0.5,139.04
2020-12-06,1 wk ahead inc death,2020-12-12,54,quantile,0.025,139.04
2020-12-06,1 wk ahead inc death,2020-12-12,54,quantile,0.975,139.04
2020-12-06,1 wk ahead inc death,2020-12-12,54,quantile,0.25,139.04
2020-12-06,1 wk ahead inc death,2020-12-12,54,quantile,0.9,139.04
2020-12-06,1 wk ahead inc death,2020-12-12,54,quantile,0.1,139.04
2020-12-06,1 wk ahead inc death,2020-12-12,55,quantile,0.025,542.96
2020-12-06,1 wk ahead inc death,2020-12-12,55,quantile,0.975,542.96
2020-12-06,1 wk ahead inc death,2020-12-12,55,quantile,0.75,542.96
2020-12-06,1 wk ahead inc death,2020-12-12,55,quantile,0.5,542.96
2020-12-06,1 wk ahead inc death,2020-12-12,55,quantile,0.9,542.96
2020-12-06,1 wk ahead inc death,2020-12-12,55,quantile,0.1,542.96
2020-12-06,1 wk ahead inc death,2020-12-12,55,quantile,0.25,542.96
2020-12-06,1 wk ahead inc death,2020-12-12,56,quantile,0.9,60.22
2020-12-06,1 wk ahead inc death,2020-12-12,56,quantile,0.75,60.22
2020-12-06,1 wk ahead inc death,2020-12-12,56,quantile,0.5,60.22
2020-12-06,1 wk ahead inc death,2020-12-12,56,quantile,0.25,60.22
2020-12-06,1 wk ahead inc death,2020-12-12,56,quantile,0.025,60.22
2020-12-06,1 wk ahead inc death,2020-12-12,56,quantile,0.1,60.22
2020-12-06,1 wk ahead inc death,2020-12-12,56,quantile,0.975,60.22
2020-12-06,2 wk ahead inc death,2020-12-19,01,point,NA,423.94
2020-12-06,2 wk ahead inc death,2020-12-19,02,point,NA,55.94
2020-12-06,2 wk ahead inc death,2020-12-19,04,point,NA,465.61
2020-12-06,2 wk ahead inc death,2020-12-19,05,point,NA,276.53
2020-12-06,2 wk ahead inc death,2020-12-19,06,point,NA,1375.58
2020-12-06,2 wk ahead inc death,2020-12-19,08,point,NA,498.18
2020-12-06,2 wk ahead inc death,2020-12-19,09,point,NA,234.84
2020-12-06,2 wk ahead inc death,2020-12-19,10,point,NA,50.11
2020-12-06,2 wk ahead inc death,2020-12-19,11,point,NA,23.79
2020-12-06,2 wk ahead inc death,2020-12-19,12,point,NA,961.22
2020-12-06,2 wk ahead inc death,2020-12-19,13,point,NA,610.27
2020-12-06,2 wk ahead inc death,2020-12-19,15,point,NA,24.05
2020-12-06,2 wk ahead inc death,2020-12-19,16,point,NA,183.52
2020-12-06,2 wk ahead inc death,2020-12-19,17,point,NA,1241.45
2020-12-06,2 wk ahead inc death,2020-12-19,18,point,NA,772.84
2020-12-06,2 wk ahead inc death,2020-12-19,19,point,NA,366.92
2020-12-06,2 wk ahead inc death,2020-12-19,20,point,NA,314.04
2020-12-06,2 wk ahead inc death,2020-12-19,21,point,NA,467.05
2020-12-06,2 wk ahead inc death,2020-12-19,22,point,NA,276.53
2020-12-06,2 wk ahead inc death,2020-12-19,23,point,NA,50.38
2020-12-06,2 wk ahead inc death,2020-12-19,24,point,NA,306.33
2020-12-06,2 wk ahead inc death,2020-12-19,25,point,NA,367.97
2020-12-06,2 wk ahead inc death,2020-12-19,26,point,NA,941.44
2020-12-06,2 wk ahead inc death,2020-12-19,27,point,NA,577.74
2020-12-06,2 wk ahead inc death,2020-12-19,28,point,NA,272.85
2020-12-06,2 wk ahead inc death,2020-12-19,29,point,NA,537.65
2020-12-06,2 wk ahead inc death,2020-12-19,30,point,NA,125.40
2020-12-06,2 wk ahead inc death,2020-12-19,31,point,NA,289.13
2020-12-06,2 wk ahead inc death,2020-12-19,32,point,NA,212.93
2020-12-06,2 wk ahead inc death,2020-12-19,33,point,NA,60.85
2020-12-06,2 wk ahead inc death,2020-12-19,34,point,NA,486.27
2020-12-06,2 wk ahead inc death,2020-12-19,35,point,NA,258.46
2020-12-06,2 wk ahead inc death,2020-12-19,36,point,NA,755.59
2020-12-06,2 wk ahead inc death,2020-12-19,37,point,NA,512.98
2020-12-06,2 wk ahead inc death,2020-12-19,38,point,NA,96.31
2020-12-06,2 wk ahead inc death,2020-12-19,39,point,NA,882.82
2020-12-06,2 wk ahead inc death,2020-12-19,40,point,NA,342.53
2020-12-06,2 wk ahead inc death,2020-12-19,41,point,NA,205.28
2020-12-06,2 wk ahead inc death,2020-12-19,42,point,NA,1046.71
2020-12-06,2 wk ahead inc death,2020-12-19,44,point,NA,79.56
2020-12-06,2 wk ahead inc death,2020-12-19,45,point,NA,302.64
2020-12-06,2 wk ahead inc death,2020-12-19,46,point,NA,142.50
2020-12-06,2 wk ahead inc death,2020-12-19,47,point,NA,577.53
2020-12-06,2 wk ahead inc death,2020-12-19,48,point,NA,1870.23
2020-12-06,2 wk ahead inc death,2020-12-19,49,point,NA,137.17
2020-12-06,2 wk ahead inc death,2020-12-19,50,point,NA,20.30
2020-12-06,2 wk ahead inc death,2020-12-19,51,point,NA,299.43
2020-12-06,2 wk ahead inc death,2020-12-19,53,point,NA,268.52
2020-12-06,2 wk ahead inc death,2020-12-19,54,point,NA,176.20
2020-12-06,2 wk ahead inc death,2020-12-19,55,point,NA,562.45
2020-12-06,2 wk ahead inc death,2020-12-19,56,point,NA,71.40
2020-12-06,2 wk ahead inc death,2020-12-19,01,quantile,0.025,423.94
2020-12-06,2 wk ahead inc death,2020-12-19,01,quantile,0.975,423.94
2020-12-06,2 wk ahead inc death,2020-12-19,01,quantile,0.1,423.94
2020-12-06,2 wk ahead inc death,2020-12-19,01,quantile,0.75,423.94
2020-12-06,2 wk ahead inc death,2020-12-19,01,quantile,0.5,423.94
2020-12-06,2 wk ahead inc death,2020-12-19,01,quantile,0.9,423.94
2020-12-06,2 wk ahead inc death,2020-12-19,01,quantile,0.25,423.94
2020-12-06,2 wk ahead inc death,2020-12-19,02,quantile,0.1,55.94
2020-12-06,2 wk ahead inc death,2020-12-19,02,quantile,0.5,55.94
2020-12-06,2 wk ahead inc death,2020-12-19,02,quantile,0.975,55.94
2020-12-06,2 wk ahead inc death,2020-12-19,02,quantile,0.25,55.94
2020-12-06,2 wk ahead inc death,2020-12-19,02,quantile,0.75,55.94
2020-12-06,2 wk ahead inc death,2020-12-19,02,quantile,0.025,55.94
2020-12-06,2 wk ahead inc death,2020-12-19,02,quantile,0.9,55.94
2020-12-06,2 wk ahead inc death,2020-12-19,04,quantile,0.25,465.61
2020-12-06,2 wk ahead inc death,2020-12-19,04,quantile,0.9,465.61
2020-12-06,2 wk ahead inc death,2020-12-19,04,quantile,0.5,465.61
2020-12-06,2 wk ahead inc death,2020-12-19,04,quantile,0.75,465.61
2020-12-06,2 wk ahead inc death,2020-12-19,04,quantile,0.1,465.61
2020-12-06,2 wk ahead inc death,2020-12-19,04,quantile,0.025,465.61
2020-12-06,2 wk ahead inc death,2020-12-19,04,quantile,0.975,465.61
2020-12-06,2 wk ahead inc death,2020-12-19,05,quantile,0.5,276.53
2020-12-06,2 wk ahead inc death,2020-12-19,05,quantile,0.1,276.53
2020-12-06,2 wk ahead inc death,2020-12-19,05,quantile,0.25,276.53
2020-12-06,2 wk ahead inc death,2020-12-19,05,quantile,0.9,276.53
2020-12-06,2 wk ahead inc death,2020-12-19,05,quantile,0.025,276.53
2020-12-06,2 wk ahead inc death,2020-12-19,05,quantile,0.975,276.53
2020-12-06,2 wk ahead inc death,2020-12-19,05,quantile,0.75,276.53
2020-12-06,2 wk ahead inc death,2020-12-19,06,quantile,0.1,1375.58
2020-12-06,2 wk ahead inc death,2020-12-19,06,quantile,0.25,1375.58
2020-12-06,2 wk ahead inc death,2020-12-19,06,quantile,0.9,1375.58
2020-12-06,2 wk ahead inc death,2020-12-19,06,quantile,0.975,1375.58
2020-12-06,2 wk ahead inc death,2020-12-19,06,quantile,0.75,1375.58
2020-12-06,2 wk ahead inc death,2020-12-19,06,quantile,0.5,1375.58
2020-12-06,2 wk ahead inc death,2020-12-19,06,quantile,0.025,1375.58
2020-12-06,2 wk ahead inc death,2020-12-19,08,quantile,0.75,498.18
2020-12-06,2 wk ahead inc death,2020-12-19,08,quantile,0.1,498.18
2020-12-06,2 wk ahead inc death,2020-12-19,08,quantile,0.5,498.18
2020-12-06,2 wk ahead inc death,2020-12-19,08,quantile,0.25,498.18
2020-12-06,2 wk ahead inc death,2020-12-19,08,quantile,0.975,498.18
2020-12-06,2 wk ahead inc death,2020-12-19,08,quantile,0.025,498.18
2020-12-06,2 wk ahead inc death,2020-12-19,08,quantile,0.9,498.18
2020-12-06,2 wk ahead inc death,2020-12-19,09,quantile,0.025,234.84
2020-12-06,2 wk ahead inc death,2020-12-19,09,quantile,0.75,234.84
2020-12-06,2 wk ahead inc death,2020-12-19,09,quantile,0.25,234.84
2020-12-06,2 wk ahead inc death,2020-12-19,09,quantile,0.9,234.84
2020-12-06,2 wk ahead inc death,2020-12-19,09,quantile,0.5,234.84
2020-12-06,2 wk ahead inc death,2020-12-19,09,quantile,0.975,234.84
2020-12-06,2 wk ahead inc death,2020-12-19,09,quantile,0.1,234.84
2020-12-06,2 wk ahead inc death,2020-12-19,10,quantile,0.9,50.11
2020-12-06,2 wk ahead inc death,2020-12-19,10,quantile,0.975,50.11
2020-12-06,2 wk ahead inc death,2020-12-19,10,quantile,0.5,50.11
2020-12-06,2 wk ahead inc death,2020-12-19,10,quantile,0.25,50.11
2020-12-06,2 wk ahead inc death,2020-12-19,10,quantile,0.75,50.11
2020-12-06,2 wk ahead inc death,2020-12-19,10,quantile,0.025,50.11
2020-12-06,2 wk ahead inc death,2020-12-19,10,quantile,0.1,50.11
2020-12-06,2 wk ahead inc death,2020-12-19,11,quantile,0.025,23.79
2020-12-06,2 wk ahead inc death,2020-12-19,11,quantile,0.25,23.79
2020-12-06,2 wk ahead inc death,2020-12-19,11,quantile,0.1,23.79
2020-12-06,2 wk ahead inc death,2020-12-19,11,quantile,0.9,23.79
2020-12-06,2 wk ahead inc death,2020-12-19,11,quantile,0.975,23.79
2020-12-06,2 wk ahead inc death,2020-12-19,11,quantile,0.5,23.79
2020-12-06,2 wk ahead inc death,2020-12-19,11,quantile,0.75,23.79
2020-12-06,2 wk ahead inc death,2020-12-19,12,quantile,0.1,961.22
2020-12-06,2 wk ahead inc death,2020-12-19,12,quantile,0.9,961.22
2020-12-06,2 wk ahead inc death,2020-12-19,12,quantile,0.5,961.22
2020-12-06,2 wk ahead inc death,2020-12-19,12,quantile,0.25,961.22
2020-12-06,2 wk ahead inc death,2020-12-19,12,quantile,0.025,961.22
2020-12-06,2 wk ahead inc death,2020-12-19,12,quantile,0.975,961.22
2020-12-06,2 wk ahead inc death,2020-12-19,12,quantile,0.75,961.22
2020-12-06,2 wk ahead inc death,2020-12-19,13,quantile,0.25,610.27
2020-12-06,2 wk ahead inc death,2020-12-19,13,quantile,0.75,610.27
2020-12-06,2 wk ahead inc death,2020-12-19,13,quantile,0.5,610.27
2020-12-06,2 wk ahead inc death,2020-12-19,13,quantile,0.9,610.27
2020-12-06,2 wk ahead inc death,2020-12-19,13,quantile,0.1,610.27
2020-12-06,2 wk ahead inc death,2020-12-19,13,quantile,0.975,610.27
2020-12-06,2 wk ahead inc death,2020-12-19,13,quantile,0.025,610.27
2020-12-06,2 wk ahead inc death,2020-12-19,15,quantile,0.975,24.05
2020-12-06,2 wk ahead inc death,2020-12-19,15,quantile,0.9,24.05
2020-12-06,2 wk ahead inc death,2020-12-19,15,quantile,0.1,24.05
2020-12-06,2 wk ahead inc death,2020-12-19,15,quantile,0.25,24.05
2020-12-06,2 wk ahead inc death,2020-12-19,15,quantile,0.75,24.05
2020-12-06,2 wk ahead inc death,2020-12-19,15,quantile,0.5,24.05
2020-12-06,2 wk ahead inc death,2020-12-19,15,quantile,0.025,24.05
2020-12-06,2 wk ahead inc death,2020-12-19,16,quantile,0.025,183.52
2020-12-06,2 wk ahead inc death,2020-12-19,16,quantile,0.5,183.52
2020-12-06,2 wk ahead inc death,2020-12-19,16,quantile,0.25,183.52
2020-12-06,2 wk ahead inc death,2020-12-19,16,quantile,0.975,183.52
2020-12-06,2 wk ahead inc death,2020-12-19,16,quantile,0.75,183.52
2020-12-06,2 wk ahead inc death,2020-12-19,16,quantile,0.9,183.52
2020-12-06,2 wk ahead inc death,2020-12-19,16,quantile,0.1,183.52
2020-12-06,2 wk ahead inc death,2020-12-19,17,quantile,0.25,1241.45
2020-12-06,2 wk ahead inc death,2020-12-19,17,quantile,0.75,1241.45
2020-12-06,2 wk ahead inc death,2020-12-19,17,quantile,0.5,1241.45
2020-12-06,2 wk ahead inc death,2020-12-19,17,quantile,0.9,1241.45
2020-12-06,2 wk ahead inc death,2020-12-19,17,quantile,0.1,1241.45
2020-12-06,2 wk ahead inc death,2020-12-19,17,quantile,0.975,1241.45
2020-12-06,2 wk ahead inc death,2020-12-19,17,quantile,0.025,1241.45
2020-12-06,2 wk ahead inc death,2020-12-19,18,quantile,0.9,772.84
2020-12-06,2 wk ahead inc death,2020-12-19,18,quantile,0.75,772.84
2020-12-06,2 wk ahead inc death,2020-12-19,18,quantile,0.1,772.84
2020-12-06,2 wk ahead inc death,2020-12-19,18,quantile,0.975,772.84
2020-12-06,2 wk ahead inc death,2020-12-19,18,quantile,0.25,772.84
2020-12-06,2 wk ahead inc death,2020-12-19,18,quantile,0.025,772.84
2020-12-06,2 wk ahead inc death,2020-12-19,18,quantile,0.5,772.84
2020-12-06,2 wk ahead inc death,2020-12-19,19,quantile,0.25,366.92
2020-12-06,2 wk ahead inc death,2020-12-19,19,quantile,0.5,366.92
2020-12-06,2 wk ahead inc death,2020-12-19,19,quantile,0.1,366.92
2020-12-06,2 wk ahead inc death,2020-12-19,19,quantile,0.9,366.92
2020-12-06,2 wk ahead inc death,2020-12-19,19,quantile,0.75,366.92
2020-12-06,2 wk ahead inc death,2020-12-19,19,quantile,0.025,366.92
2020-12-06,2 wk ahead inc death,2020-12-19,19,quantile,0.975,366.92
2020-12-06,2 wk ahead inc death,2020-12-19,20,quantile,0.025,314.04
2020-12-06,2 wk ahead inc death,2020-12-19,20,quantile,0.975,314.04
2020-12-06,2 wk ahead inc death,2020-12-19,20,quantile,0.5,314.04
2020-12-06,2 wk ahead inc death,2020-12-19,20,quantile,0.25,314.04
2020-12-06,2 wk ahead inc death,2020-12-19,20,quantile,0.75,314.04
2020-12-06,2 wk ahead inc death,2020-12-19,20,quantile,0.9,314.04
2020-12-06,2 wk ahead inc death,2020-12-19,20,quantile,0.1,314.04
2020-12-06,2 wk ahead inc death,2020-12-19,21,quantile,0.1,467.05
2020-12-06,2 wk ahead inc death,2020-12-19,21,quantile,0.25,467.05
2020-12-06,2 wk ahead inc death,2020-12-19,21,quantile,0.5,467.05
2020-12-06,2 wk ahead inc death,2020-12-19,21,quantile,0.9,467.05
2020-12-06,2 wk ahead inc death,2020-12-19,21,quantile,0.025,467.05
2020-12-06,2 wk ahead inc death,2020-12-19,21,quantile,0.975,467.05
2020-12-06,2 wk ahead inc death,2020-12-19,21,quantile,0.75,467.05
2020-12-06,2 wk ahead inc death,2020-12-19,22,quantile,0.5,276.53
2020-12-06,2 wk ahead inc death,2020-12-19,22,quantile,0.9,276.53
2020-12-06,2 wk ahead inc death,2020-12-19,22,quantile,0.025,276.53
2020-12-06,2 wk ahead inc death,2020-12-19,22,quantile,0.75,276.53
2020-12-06,2 wk ahead inc death,2020-12-19,22,quantile,0.975,276.53
2020-12-06,2 wk ahead inc death,2020-12-19,22,quantile,0.25,276.53
2020-12-06,2 wk ahead inc death,2020-12-19,22,quantile,0.1,276.53
2020-12-06,2 wk ahead inc death,2020-12-19,23,quantile,0.9,50.38
2020-12-06,2 wk ahead inc death,2020-12-19,23,quantile,0.75,50.38
2020-12-06,2 wk ahead inc death,2020-12-19,23,quantile,0.5,50.38
2020-12-06,2 wk ahead inc death,2020-12-19,23,quantile,0.025,50.38
2020-12-06,2 wk ahead inc death,2020-12-19,23,quantile,0.1,50.38
2020-12-06,2 wk ahead inc death,2020-12-19,23,quantile,0.25,50.38
2020-12-06,2 wk ahead inc death,2020-12-19,23,quantile,0.975,50.38
2020-12-06,2 wk ahead inc death,2020-12-19,24,quantile,0.5,306.33
2020-12-06,2 wk ahead inc death,2020-12-19,24,quantile,0.975,306.33
2020-12-06,2 wk ahead inc death,2020-12-19,24,quantile,0.025,306.33
2020-12-06,2 wk ahead inc death,2020-12-19,24,quantile,0.1,306.33
2020-12-06,2 wk ahead inc death,2020-12-19,24,quantile,0.9,306.33
2020-12-06,2 wk ahead inc death,2020-12-19,24,quantile,0.75,306.33
2020-12-06,2 wk ahead inc death,2020-12-19,24,quantile,0.25,306.33
2020-12-06,2 wk ahead inc death,2020-12-19,25,quantile,0.9,367.97
2020-12-06,2 wk ahead inc death,2020-12-19,25,quantile,0.975,367.97
2020-12-06,2 wk ahead inc death,2020-12-19,25,quantile,0.025,367.97
2020-12-06,2 wk ahead inc death,2020-12-19,25,quantile,0.75,367.97
2020-12-06,2 wk ahead inc death,2020-12-19,25,quantile,0.1,367.97
2020-12-06,2 wk ahead inc death,2020-12-19,25,quantile,0.5,367.97
2020-12-06,2 wk ahead inc death,2020-12-19,25,quantile,0.25,367.97
2020-12-06,2 wk ahead inc death,2020-12-19,26,quantile,0.75,941.44
2020-12-06,2 wk ahead inc death,2020-12-19,26,quantile,0.025,941.44
2020-12-06,2 wk ahead inc death,2020-12-19,26,quantile,0.1,941.44
2020-12-06,2 wk ahead inc death,2020-12-19,26,quantile,0.25,941.44
2020-12-06,2 wk ahead inc death,2020-12-19,26,quantile,0.9,941.44
2020-12-06,2 wk ahead inc death,2020-12-19,26,quantile,0.5,941.44
2020-12-06,2 wk ahead inc death,2020-12-19,26,quantile,0.975,941.44
2020-12-06,2 wk ahead inc death,2020-12-19,27,quantile,0.1,577.74
2020-12-06,2 wk ahead inc death,2020-12-19,27,quantile,0.025,577.74
2020-12-06,2 wk ahead inc death,2020-12-19,27,quantile,0.9,577.74
2020-12-06,2 wk ahead inc death,2020-12-19,27,quantile,0.5,577.74
2020-12-06,2 wk ahead inc death,2020-12-19,27,quantile,0.25,577.74
2020-12-06,2 wk ahead inc death,2020-12-19,27,quantile,0.75,577.74
2020-12-06,2 wk ahead inc death,2020-12-19,27,quantile,0.975,577.74
2020-12-06,2 wk ahead inc death,2020-12-19,28,quantile,0.5,272.85
2020-12-06,2 wk ahead inc death,2020-12-19,28,quantile,0.975,272.85
2020-12-06,2 wk ahead inc death,2020-12-19,28,quantile,0.25,272.85
2020-12-06,2 wk ahead inc death,2020-12-19,28,quantile,0.9,272.85
2020-12-06,2 wk ahead inc death,2020-12-19,28,quantile,0.1,272.85
2020-12-06,2 wk ahead inc death,2020-12-19,28,quantile,0.75,272.85
2020-12-06,2 wk ahead inc death,2020-12-19,28,quantile,0.025,272.85
2020-12-06,2 wk ahead inc death,2020-12-19,29,quantile,0.75,537.65
2020-12-06,2 wk ahead inc death,2020-12-19,29,quantile,0.9,537.65
2020-12-06,2 wk ahead inc death,2020-12-19,29,quantile,0.975,537.65
2020-12-06,2 wk ahead inc death,2020-12-19,29,quantile,0.5,537.65
2020-12-06,2 wk ahead inc death,2020-12-19,29,quantile,0.1,537.65
2020-12-06,2 wk ahead inc death,2020-12-19,29,quantile,0.025,537.65
2020-12-06,2 wk ahead inc death,2020-12-19,29,quantile,0.25,537.65
2020-12-06,2 wk ahead inc death,2020-12-19,30,quantile,0.975,125.40
2020-12-06,2 wk ahead inc death,2020-12-19,30,quantile,0.75,125.40
2020-12-06,2 wk ahead inc death,2020-12-19,30,quantile,0.025,125.40
2020-12-06,2 wk ahead inc death,2020-12-19,30,quantile,0.9,125.40
2020-12-06,2 wk ahead inc death,2020-12-19,30,quantile,0.1,125.40
2020-12-06,2 wk ahead inc death,2020-12-19,30,quantile,0.5,125.40
2020-12-06,2 wk ahead inc death,2020-12-19,30,quantile,0.25,125.40
2020-12-06,2 wk ahead inc death,2020-12-19,31,quantile,0.1,289.13
2020-12-06,2 wk ahead inc death,2020-12-19,31,quantile,0.025,289.13
2020-12-06,2 wk ahead inc death,2020-12-19,31,quantile,0.9,289.13
2020-12-06,2 wk ahead inc death,2020-12-19,31,quantile,0.25,289.13
2020-12-06,2 wk ahead inc death,2020-12-19,31,quantile,0.75,289.13
2020-12-06,2 wk ahead inc death,2020-12-19,31,quantile,0.5,289.13
2020-12-06,2 wk ahead inc death,2020-12-19,31,quantile,0.975,289.13
2020-12-06,2 wk ahead inc death,2020-12-19,32,quantile,0.975,212.93
2020-12-06,2 wk ahead inc death,2020-12-19,32,quantile,0.9,212.93
2020-12-06,2 wk ahead inc death,2020-12-19,32,quantile,0.25,212.93
2020-12-06,2 wk ahead inc death,2020-12-19,32,quantile,0.025,212.93
2020-12-06,2 wk ahead inc death,2020-12-19,32,quantile,0.75,212.93
2020-12-06,2 wk ahead inc death,2020-12-19,32,quantile,0.5,212.93
2020-12-06,2 wk ahead inc death,2020-12-19,32,quantile,0.1,212.93
2020-12-06,2 wk ahead inc death,2020-12-19,33,quantile,0.9,60.85
2020-12-06,2 wk ahead inc death,2020-12-19,33,quantile,0.25,60.85
2020-12-06,2 wk ahead inc death,2020-12-19,33,quantile,0.025,60.85
2020-12-06,2 wk ahead inc death,2020-12-19,33,quantile,0.1,60.85
2020-12-06,2 wk ahead inc death,2020-12-19,33,quantile,0.5,60.85
2020-12-06,2 wk ahead inc death,2020-12-19,33,quantile,0.975,60.85
2020-12-06,2 wk ahead inc death,2020-12-19,33,quantile,0.75,60.85
2020-12-06,2 wk ahead inc death,2020-12-19,34,quantile,0.975,486.27
2020-12-06,2 wk ahead inc death,2020-12-19,34,quantile,0.75,486.27
2020-12-06,2 wk ahead inc death,2020-12-19,34,quantile,0.9,486.27
2020-12-06,2 wk ahead inc death,2020-12-19,34,quantile,0.1,486.27
2020-12-06,2 wk ahead inc death,2020-12-19,34,quantile,0.5,486.27
2020-12-06,2 wk ahead inc death,2020-12-19,34,quantile,0.025,486.27
2020-12-06,2 wk ahead inc death,2020-12-19,34,quantile,0.25,486.27
2020-12-06,2 wk ahead inc death,2020-12-19,35,quantile,0.75,258.46
2020-12-06,2 wk ahead inc death,2020-12-19,35,quantile,0.9,258.46
2020-12-06,2 wk ahead inc death,2020-12-19,35,quantile,0.1,258.46
2020-12-06,2 wk ahead inc death,2020-12-19,35,quantile,0.25,258.46
2020-12-06,2 wk ahead inc death,2020-12-19,35,quantile,0.025,258.46
2020-12-06,2 wk ahead inc death,2020-12-19,35,quantile,0.5,258.46
2020-12-06,2 wk ahead inc death,2020-12-19,35,quantile,0.975,258.46
2020-12-06,2 wk ahead inc death,2020-12-19,36,quantile,0.25,755.59
2020-12-06,2 wk ahead inc death,2020-12-19,36,quantile,0.1,755.59
2020-12-06,2 wk ahead inc death,2020-12-19,36,quantile,0.5,755.59
2020-12-06,2 wk ahead inc death,2020-12-19,36,quantile,0.9,755.59
2020-12-06,2 wk ahead inc death,2020-12-19,36,quantile,0.75,755.59
2020-12-06,2 wk ahead inc death,2020-12-19,36,quantile,0.975,755.59
2020-12-06,2 wk ahead inc death,2020-12-19,36,quantile,0.025,755.59
2020-12-06,2 wk ahead inc death,2020-12-19,37,quantile,0.1,512.98
2020-12-06,2 wk ahead inc death,2020-12-19,37,quantile,0.9,512.98
2020-12-06,2 wk ahead inc death,2020-12-19,37,quantile,0.75,512.98
2020-12-06,2 wk ahead inc death,2020-12-19,37,quantile,0.25,512.98
2020-12-06,2 wk ahead inc death,2020-12-19,37,quantile,0.025,512.98
2020-12-06,2 wk ahead inc death,2020-12-19,37,quantile,0.975,512.98
2020-12-06,2 wk ahead inc death,2020-12-19,37,quantile,0.5,512.98
2020-12-06,2 wk ahead inc death,2020-12-19,38,quantile,0.025,96.31
2020-12-06,2 wk ahead inc death,2020-12-19,38,quantile,0.75,96.31
2020-12-06,2 wk ahead inc death,2020-12-19,38,quantile,0.975,96.31
2020-12-06,2 wk ahead inc death,2020-12-19,38,quantile,0.1,96.31
2020-12-06,2 wk ahead inc death,2020-12-19,38,quantile,0.5,96.31
2020-12-06,2 wk ahead inc death,2020-12-19,38,quantile,0.25,96.31
2020-12-06,2 wk ahead inc death,2020-12-19,38,quantile,0.9,96.31
2020-12-06,2 wk ahead inc death,2020-12-19,39,quantile,0.975,882.82
2020-12-06,2 wk ahead inc death,2020-12-19,39,quantile,0.75,882.82
2020-12-06,2 wk ahead inc death,2020-12-19,39,quantile,0.025,882.82
2020-12-06,2 wk ahead inc death,2020-12-19,39,quantile,0.1,882.82
2020-12-06,2 wk ahead inc death,2020-12-19,39,quantile,0.25,882.82
2020-12-06,2 wk ahead inc death,2020-12-19,39,quantile,0.9,882.82
2020-12-06,2 wk ahead inc death,2020-12-19,39,quantile,0.5,882.82
2020-12-06,2 wk ahead inc death,2020-12-19,40,quantile,0.9,342.53
2020-12-06,2 wk ahead inc death,2020-12-19,40,quantile,0.75,342.53
2020-12-06,2 wk ahead inc death,2020-12-19,40,quantile,0.5,342.53
2020-12-06,2 wk ahead inc death,2020-12-19,40,quantile,0.025,342.53
2020-12-06,2 wk ahead inc death,2020-12-19,40,quantile,0.975,342.53
2020-12-06,2 wk ahead inc death,2020-12-19,40,quantile,0.25,342.53
2020-12-06,2 wk ahead inc death,2020-12-19,40,quantile,0.1,342.53
2020-12-06,2 wk ahead inc death,2020-12-19,41,quantile,0.9,205.28
2020-12-06,2 wk ahead inc death,2020-12-19,41,quantile,0.975,205.28
2020-12-06,2 wk ahead inc death,2020-12-19,41,quantile,0.75,205.28
2020-12-06,2 wk ahead inc death,2020-12-19,41,quantile,0.025,205.28
2020-12-06,2 wk ahead inc death,2020-12-19,41,quantile,0.25,205.28
2020-12-06,2 wk ahead inc death,2020-12-19,41,quantile,0.5,205.28
2020-12-06,2 wk ahead inc death,2020-12-19,41,quantile,0.1,205.28
2020-12-06,2 wk ahead inc death,2020-12-19,42,quantile,0.975,1046.71
2020-12-06,2 wk ahead inc death,2020-12-19,42,quantile,0.9,1046.71
2020-12-06,2 wk ahead inc death,2020-12-19,42,quantile,0.025,1046.71
2020-12-06,2 wk ahead inc death,2020-12-19,42,quantile,0.1,1046.71
2020-12-06,2 wk ahead inc death,2020-12-19,42,quantile,0.25,1046.71
2020-12-06,2 wk ahead inc death,2020-12-19,42,quantile,0.75,1046.71
2020-12-06,2 wk ahead inc death,2020-12-19,42,quantile,0.5,1046.71
2020-12-06,2 wk ahead inc death,2020-12-19,44,quantile,0.1,79.56
2020-12-06,2 wk ahead inc death,2020-12-19,44,quantile,0.25,79.56
2020-12-06,2 wk ahead inc death,2020-12-19,44,quantile,0.75,79.56
2020-12-06,2 wk ahead inc death,2020-12-19,44,quantile,0.5,79.56
2020-12-06,2 wk ahead inc death,2020-12-19,44,quantile,0.975,79.56
2020-12-06,2 wk ahead inc death,2020-12-19,44,quantile,0.9,79.56
2020-12-06,2 wk ahead inc death,2020-12-19,44,quantile,0.025,79.56
2020-12-06,2 wk ahead inc death,2020-12-19,45,quantile,0.5,302.64
2020-12-06,2 wk ahead inc death,2020-12-19,45,quantile,0.025,302.64
2020-12-06,2 wk ahead inc death,2020-12-19,45,quantile,0.25,302.64
2020-12-06,2 wk ahead inc death,2020-12-19,45,quantile,0.1,302.64
2020-12-06,2 wk ahead inc death,2020-12-19,45,quantile,0.9,302.64
2020-12-06,2 wk ahead inc death,2020-12-19,45,quantile,0.75,302.64
2020-12-06,2 wk ahead inc death,2020-12-19,45,quantile,0.975,302.64
2020-12-06,2 wk ahead inc death,2020-12-19,46,quantile,0.975,142.50
2020-12-06,2 wk ahead inc death,2020-12-19,46,quantile,0.1,142.50
2020-12-06,2 wk ahead inc death,2020-12-19,46,quantile,0.9,142.50
2020-12-06,2 wk ahead inc death,2020-12-19,46,quantile,0.025,142.50
2020-12-06,2 wk ahead inc death,2020-12-19,46,quantile,0.25,142.50
2020-12-06,2 wk ahead inc death,2020-12-19,46,quantile,0.75,142.50
2020-12-06,2 wk ahead inc death,2020-12-19,46,quantile,0.5,142.50
2020-12-06,2 wk ahead inc death,2020-12-19,47,quantile,0.9,577.53
2020-12-06,2 wk ahead inc death,2020-12-19,47,quantile,0.25,577.53
2020-12-06,2 wk ahead inc death,2020-12-19,47,quantile,0.5,577.53
2020-12-06,2 wk ahead inc death,2020-12-19,47,quantile,0.975,577.53
2020-12-06,2 wk ahead inc death,2020-12-19,47,quantile,0.1,577.53
2020-12-06,2 wk ahead inc death,2020-12-19,47,quantile,0.75,577.53
2020-12-06,2 wk ahead inc death,2020-12-19,47,quantile,0.025,577.53
2020-12-06,2 wk ahead inc death,2020-12-19,48,quantile,0.25,1870.23
2020-12-06,2 wk ahead inc death,2020-12-19,48,quantile,0.5,1870.23
2020-12-06,2 wk ahead inc death,2020-12-19,48,quantile,0.975,1870.23
2020-12-06,2 wk ahead inc death,2020-12-19,48,quantile,0.025,1870.23
2020-12-06,2 wk ahead inc death,2020-12-19,48,quantile,0.1,1870.23
2020-12-06,2 wk ahead inc death,2020-12-19,48,quantile,0.75,1870.23
2020-12-06,2 wk ahead inc death,2020-12-19,48,quantile,0.9,1870.23
2020-12-06,2 wk ahead inc death,2020-12-19,49,quantile,0.75,137.17
2020-12-06,2 wk ahead inc death,2020-12-19,49,quantile,0.9,137.17
2020-12-06,2 wk ahead inc death,2020-12-19,49,quantile,0.1,137.17
2020-12-06,2 wk ahead inc death,2020-12-19,49,quantile,0.025,137.17
2020-12-06,2 wk ahead inc death,2020-12-19,49,quantile,0.25,137.17
2020-12-06,2 wk ahead inc death,2020-12-19,49,quantile,0.5,137.17
2020-12-06,2 wk ahead inc death,2020-12-19,49,quantile,0.975,137.17
2020-12-06,2 wk ahead inc death,2020-12-19,50,quantile,0.5,20.30
2020-12-06,2 wk ahead inc death,2020-12-19,50,quantile,0.25,20.30
2020-12-06,2 wk ahead inc death,2020-12-19,50,quantile,0.9,20.30
2020-12-06,2 wk ahead inc death,2020-12-19,50,quantile,0.975,20.30
2020-12-06,2 wk ahead inc death,2020-12-19,50,quantile,0.1,20.30
2020-12-06,2 wk ahead inc death,2020-12-19,50,quantile,0.75,20.30
2020-12-06,2 wk ahead inc death,2020-12-19,50,quantile,0.025,20.30
2020-12-06,2 wk ahead inc death,2020-12-19,51,quantile,0.975,299.43
2020-12-06,2 wk ahead inc death,2020-12-19,51,quantile,0.1,299.43
2020-12-06,2 wk ahead inc death,2020-12-19,51,quantile,0.5,299.43
2020-12-06,2 wk ahead inc death,2020-12-19,51,quantile,0.25,299.43
2020-12-06,2 wk ahead inc death,2020-12-19,51,quantile,0.75,299.43
2020-12-06,2 wk ahead inc death,2020-12-19,51,quantile,0.9,299.43
2020-12-06,2 wk ahead inc death,2020-12-19,51,quantile,0.025,299.43
2020-12-06,2 wk ahead inc death,2020-12-19,53,quantile,0.25,268.52
2020-12-06,2 wk ahead inc death,2020-12-19,53,quantile,0.025,268.52
2020-12-06,2 wk ahead inc death,2020-12-19,53,quantile,0.1,268.52
2020-12-06,2 wk ahead inc death,2020-12-19,53,quantile,0.975,268.52
2020-12-06,2 wk ahead inc death,2020-12-19,53,quantile,0.9,268.52
2020-12-06,2 wk ahead inc death,2020-12-19,53,quantile,0.5,268.52
2020-12-06,2 wk ahead inc death,2020-12-19,53,quantile,0.75,268.52
2020-12-06,2 wk ahead inc death,2020-12-19,54,quantile,0.75,176.20
2020-12-06,2 wk ahead inc death,2020-12-19,54,quantile,0.5,176.20
2020-12-06,2 wk ahead inc death,2020-12-19,54,quantile,0.025,176.20
2020-12-06,2 wk ahead inc death,2020-12-19,54,quantile,0.975,176.20
2020-12-06,2 wk ahead inc death,2020-12-19,54,quantile,0.25,176.20
2020-12-06,2 wk ahead inc death,2020-12-19,54,quantile,0.9,176.20
2020-12-06,2 wk ahead inc death,2020-12-19,54,quantile,0.1,176.20
2020-12-06,2 wk ahead inc death,2020-12-19,55,quantile,0.025,562.45
2020-12-06,2 wk ahead inc death,2020-12-19,55,quantile,0.975,562.45
2020-12-06,2 wk ahead inc death,2020-12-19,55,quantile,0.75,562.45
2020-12-06,2 wk ahead inc death,2020-12-19,55,quantile,0.5,562.45
2020-12-06,2 wk ahead inc death,2020-12-19,55,quantile,0.9,562.45
2020-12-06,2 wk ahead inc death,2020-12-19,55,quantile,0.1,562.45
2020-12-06,2 wk ahead inc death,2020-12-19,55,quantile,0.25,562.45
2020-12-06,2 wk ahead inc death,2020-12-19,56,quantile,0.9,71.40
2020-12-06,2 wk ahead inc death,2020-12-19,56,quantile,0.75,71.40
2020-12-06,2 wk ahead inc death,2020-12-19,56,quantile,0.5,71.40
2020-12-06,2 wk ahead inc death,2020-12-19,56,quantile,0.25,71.40
2020-12-06,2 wk ahead inc death,2020-12-19,56,quantile,0.025,71.40
2020-12-06,2 wk ahead inc death,2020-12-19,56,quantile,0.1,71.40
2020-12-06,2 wk ahead inc death,2020-12-19,56,quantile,0.975,71.40
2020-12-06,1 wk ahead inc death,2020-12-12,US,point,NA,18519.76
2020-12-06,1 wk ahead inc death,2020-12-12,US,quantile,0.025,18519.76
2020-12-06,1 wk ahead inc death,2020-12-12,US,quantile,0.1,18519.76
2020-12-06,1 wk ahead inc death,2020-12-12,US,quantile,0.25,18519.76
2020-12-06,1 wk ahead inc death,2020-12-12,US,quantile,0.5,18519.76
2020-12-06,1 wk ahead inc death,2020-12-12,US,quantile,0.75,18519.76
2020-12-06,1 wk ahead inc death,2020-12-12,US,quantile,0.9,18519.76
2020-12-06,1 wk ahead inc death,2020-12-12,US,quantile,0.975,18519.76
2020-12-06,2 wk ahead inc death,2020-12-19,US,point,NA,21459.92
2020-12-06,2 wk ahead inc death,2020-12-19,US,quantile,0.025,21459.92
2020-12-06,2 wk ahead inc death,2020-12-19,US,quantile,0.1,21459.92
2020-12-06,2 wk ahead inc death,2020-12-19,US,quantile,0.25,21459.92
2020-12-06,2 wk ahead inc death,2020-12-19,US,quantile,0.5,21459.92
2020-12-06,2 wk ahead inc death,2020-12-19,US,quantile,0.75,21459.92
2020-12-06,2 wk ahead inc death,2020-12-19,US,quantile,0.9,21459.92
2020-12-06,2 wk ahead inc death,2020-12-19,US,quantile,0.975,21459.92
