forecast_date,target,target_end_date,location,type,quantile,value
2020-11-08,1 wk ahead inc death,2020-11-14,01,point,NA,139.96
2020-11-08,1 wk ahead inc death,2020-11-14,02,point,NA,15.61
2020-11-08,1 wk ahead inc death,2020-11-14,04,point,NA,167.53
2020-11-08,1 wk ahead inc death,2020-11-14,05,point,NA,138.10
2020-11-08,1 wk ahead inc death,2020-11-14,06,point,NA,431.61
2020-11-08,1 wk ahead inc death,2020-11-14,08,point,NA,175.32
2020-11-08,1 wk ahead inc death,2020-11-14,09,point,NA,70.97
2020-11-08,1 wk ahead inc death,2020-11-14,10,point,NA,11.55
2020-11-08,1 wk ahead inc death,2020-11-14,11,point,NA,7.46
2020-11-08,1 wk ahead inc death,2020-11-14,12,point,NA,354.12
2020-11-08,1 wk ahead inc death,2020-11-14,13,point,NA,174.20
2020-11-08,1 wk ahead inc death,2020-11-14,15,point,NA,7.46
2020-11-08,1 wk ahead inc death,2020-11-14,16,point,NA,81.67
2020-11-08,1 wk ahead inc death,2020-11-14,17,point,NA,729.45
2020-11-08,1 wk ahead inc death,2020-11-14,18,point,NA,307.03
2020-11-08,1 wk ahead inc death,2020-11-14,19,point,NA,213.40
2020-11-08,1 wk ahead inc death,2020-11-14,20,point,NA,125.77
2020-11-08,1 wk ahead inc death,2020-11-14,21,point,NA,132.34
2020-11-08,1 wk ahead inc death,2020-11-14,22,point,NA,76.15
2020-11-08,1 wk ahead inc death,2020-11-14,23,point,NA,12.44
2020-11-08,1 wk ahead inc death,2020-11-14,24,point,NA,76.01
2020-11-08,1 wk ahead inc death,2020-11-14,25,point,NA,127.54
2020-11-08,1 wk ahead inc death,2020-11-14,26,point,NA,347.94
2020-11-08,1 wk ahead inc death,2020-11-14,27,point,NA,252.27
2020-11-08,1 wk ahead inc death,2020-11-14,28,point,NA,100.95
2020-11-08,1 wk ahead inc death,2020-11-14,29,point,NA,209.08
2020-11-08,1 wk ahead inc death,2020-11-14,30,point,NA,76.67
2020-11-08,1 wk ahead inc death,2020-11-14,31,point,NA,98.08
2020-11-08,1 wk ahead inc death,2020-11-14,32,point,NA,77.65
2020-11-08,1 wk ahead inc death,2020-11-14,33,point,NA,12.64
2020-11-08,1 wk ahead inc death,2020-11-14,34,point,NA,115.41
2020-11-08,1 wk ahead inc death,2020-11-14,35,point,NA,93.75
2020-11-08,1 wk ahead inc death,2020-11-14,36,point,NA,187.70
2020-11-08,1 wk ahead inc death,2020-11-14,37,point,NA,218.17
2020-11-08,1 wk ahead inc death,2020-11-14,38,point,NA,113.29
2020-11-08,1 wk ahead inc death,2020-11-14,39,point,NA,286.20
2020-11-08,1 wk ahead inc death,2020-11-14,40,point,NA,127.72
2020-11-08,1 wk ahead inc death,2020-11-14,41,point,NA,50.47
2020-11-08,1 wk ahead inc death,2020-11-14,42,point,NA,222.44
2020-11-08,1 wk ahead inc death,2020-11-14,44,point,NA,25.46
2020-11-08,1 wk ahead inc death,2020-11-14,45,point,NA,111.08
2020-11-08,1 wk ahead inc death,2020-11-14,46,point,NA,109.04
2020-11-08,1 wk ahead inc death,2020-11-14,47,point,NA,226.21
2020-11-08,1 wk ahead inc death,2020-11-14,48,point,NA,660.68
2020-11-08,1 wk ahead inc death,2020-11-14,49,point,NA,82.55
2020-11-08,1 wk ahead inc death,2020-11-14,50,point,NA,2.23
2020-11-08,1 wk ahead inc death,2020-11-14,51,point,NA,99.52
2020-11-08,1 wk ahead inc death,2020-11-14,53,point,NA,85.42
2020-11-08,1 wk ahead inc death,2020-11-14,54,point,NA,47.21
2020-11-08,1 wk ahead inc death,2020-11-14,55,point,NA,360.27
2020-11-08,1 wk ahead inc death,2020-11-14,56,point,NA,36.77
2020-11-08,1 wk ahead inc death,2020-11-14,01,quantile,0.025,132.42
2020-11-08,1 wk ahead inc death,2020-11-14,01,quantile,0.975,147.31
2020-11-08,1 wk ahead inc death,2020-11-14,01,quantile,0.1,134.46
2020-11-08,1 wk ahead inc death,2020-11-14,01,quantile,0.75,143.36
2020-11-08,1 wk ahead inc death,2020-11-14,01,quantile,0.5,140.22
2020-11-08,1 wk ahead inc death,2020-11-14,01,quantile,0.9,144.89
2020-11-08,1 wk ahead inc death,2020-11-14,01,quantile,0.25,136.68
2020-11-08,1 wk ahead inc death,2020-11-14,02,quantile,0.1,14.08
2020-11-08,1 wk ahead inc death,2020-11-14,02,quantile,0.5,15.57
2020-11-08,1 wk ahead inc death,2020-11-14,02,quantile,0.975,17.91
2020-11-08,1 wk ahead inc death,2020-11-14,02,quantile,0.25,14.92
2020-11-08,1 wk ahead inc death,2020-11-14,02,quantile,0.75,16.31
2020-11-08,1 wk ahead inc death,2020-11-14,02,quantile,0.025,13.22
2020-11-08,1 wk ahead inc death,2020-11-14,02,quantile,0.9,17.20
2020-11-08,1 wk ahead inc death,2020-11-14,04,quantile,0.25,159.55
2020-11-08,1 wk ahead inc death,2020-11-14,04,quantile,0.9,182.82
2020-11-08,1 wk ahead inc death,2020-11-14,04,quantile,0.5,166.94
2020-11-08,1 wk ahead inc death,2020-11-14,04,quantile,0.75,171.80
2020-11-08,1 wk ahead inc death,2020-11-14,04,quantile,0.1,153.60
2020-11-08,1 wk ahead inc death,2020-11-14,04,quantile,0.025,146.75
2020-11-08,1 wk ahead inc death,2020-11-14,04,quantile,0.975,195.08
2020-11-08,1 wk ahead inc death,2020-11-14,05,quantile,0.5,138.38
2020-11-08,1 wk ahead inc death,2020-11-14,05,quantile,0.1,133.17
2020-11-08,1 wk ahead inc death,2020-11-14,05,quantile,0.25,135.07
2020-11-08,1 wk ahead inc death,2020-11-14,05,quantile,0.9,142.59
2020-11-08,1 wk ahead inc death,2020-11-14,05,quantile,0.025,131.27
2020-11-08,1 wk ahead inc death,2020-11-14,05,quantile,0.975,146.68
2020-11-08,1 wk ahead inc death,2020-11-14,05,quantile,0.75,140.71
2020-11-08,1 wk ahead inc death,2020-11-14,06,quantile,0.1,404.75
2020-11-08,1 wk ahead inc death,2020-11-14,06,quantile,0.25,416.76
2020-11-08,1 wk ahead inc death,2020-11-14,06,quantile,0.9,457.78
2020-11-08,1 wk ahead inc death,2020-11-14,06,quantile,0.975,469.69
2020-11-08,1 wk ahead inc death,2020-11-14,06,quantile,0.75,442.76
2020-11-08,1 wk ahead inc death,2020-11-14,06,quantile,0.5,432.99
2020-11-08,1 wk ahead inc death,2020-11-14,06,quantile,0.025,394.81
2020-11-08,1 wk ahead inc death,2020-11-14,08,quantile,0.75,180.69
2020-11-08,1 wk ahead inc death,2020-11-14,08,quantile,0.1,166.12
2020-11-08,1 wk ahead inc death,2020-11-14,08,quantile,0.5,174.85
2020-11-08,1 wk ahead inc death,2020-11-14,08,quantile,0.25,169.51
2020-11-08,1 wk ahead inc death,2020-11-14,08,quantile,0.975,189.68
2020-11-08,1 wk ahead inc death,2020-11-14,08,quantile,0.025,162.60
2020-11-08,1 wk ahead inc death,2020-11-14,08,quantile,0.9,186.35
2020-11-08,1 wk ahead inc death,2020-11-14,09,quantile,0.025,64.42
2020-11-08,1 wk ahead inc death,2020-11-14,09,quantile,0.75,72.72
2020-11-08,1 wk ahead inc death,2020-11-14,09,quantile,0.25,69.09
2020-11-08,1 wk ahead inc death,2020-11-14,09,quantile,0.9,74.35
2020-11-08,1 wk ahead inc death,2020-11-14,09,quantile,0.5,71.10
2020-11-08,1 wk ahead inc death,2020-11-14,09,quantile,0.975,77.12
2020-11-08,1 wk ahead inc death,2020-11-14,09,quantile,0.1,67.18
2020-11-08,1 wk ahead inc death,2020-11-14,10,quantile,0.9,12.82
2020-11-08,1 wk ahead inc death,2020-11-14,10,quantile,0.975,14.07
2020-11-08,1 wk ahead inc death,2020-11-14,10,quantile,0.5,11.49
2020-11-08,1 wk ahead inc death,2020-11-14,10,quantile,0.25,10.81
2020-11-08,1 wk ahead inc death,2020-11-14,10,quantile,0.75,12.13
2020-11-08,1 wk ahead inc death,2020-11-14,10,quantile,0.025,9.96
2020-11-08,1 wk ahead inc death,2020-11-14,10,quantile,0.1,10.16
2020-11-08,1 wk ahead inc death,2020-11-14,11,quantile,0.025,5.60
2020-11-08,1 wk ahead inc death,2020-11-14,11,quantile,0.25,6.83
2020-11-08,1 wk ahead inc death,2020-11-14,11,quantile,0.1,6.23
2020-11-08,1 wk ahead inc death,2020-11-14,11,quantile,0.9,8.73
2020-11-08,1 wk ahead inc death,2020-11-14,11,quantile,0.975,8.98
2020-11-08,1 wk ahead inc death,2020-11-14,11,quantile,0.5,7.57
2020-11-08,1 wk ahead inc death,2020-11-14,11,quantile,0.75,8.09
2020-11-08,1 wk ahead inc death,2020-11-14,12,quantile,0.1,345.81
2020-11-08,1 wk ahead inc death,2020-11-14,12,quantile,0.9,364.42
2020-11-08,1 wk ahead inc death,2020-11-14,12,quantile,0.5,353.57
2020-11-08,1 wk ahead inc death,2020-11-14,12,quantile,0.25,349.22
2020-11-08,1 wk ahead inc death,2020-11-14,12,quantile,0.025,338.65
2020-11-08,1 wk ahead inc death,2020-11-14,12,quantile,0.975,368.96
2020-11-08,1 wk ahead inc death,2020-11-14,12,quantile,0.75,359.13
2020-11-08,1 wk ahead inc death,2020-11-14,13,quantile,0.25,170.33
2020-11-08,1 wk ahead inc death,2020-11-14,13,quantile,0.75,177.78
2020-11-08,1 wk ahead inc death,2020-11-14,13,quantile,0.5,174.05
2020-11-08,1 wk ahead inc death,2020-11-14,13,quantile,0.9,180.62
2020-11-08,1 wk ahead inc death,2020-11-14,13,quantile,0.1,167.30
2020-11-08,1 wk ahead inc death,2020-11-14,13,quantile,0.975,187.65
2020-11-08,1 wk ahead inc death,2020-11-14,13,quantile,0.025,163.18
2020-11-08,1 wk ahead inc death,2020-11-14,15,quantile,0.975,9.36
2020-11-08,1 wk ahead inc death,2020-11-14,15,quantile,0.9,8.62
2020-11-08,1 wk ahead inc death,2020-11-14,15,quantile,0.1,6.23
2020-11-08,1 wk ahead inc death,2020-11-14,15,quantile,0.25,6.78
2020-11-08,1 wk ahead inc death,2020-11-14,15,quantile,0.75,8.05
2020-11-08,1 wk ahead inc death,2020-11-14,15,quantile,0.5,7.48
2020-11-08,1 wk ahead inc death,2020-11-14,15,quantile,0.025,5.84
2020-11-08,1 wk ahead inc death,2020-11-14,16,quantile,0.025,77.05
2020-11-08,1 wk ahead inc death,2020-11-14,16,quantile,0.5,81.60
2020-11-08,1 wk ahead inc death,2020-11-14,16,quantile,0.25,80.09
2020-11-08,1 wk ahead inc death,2020-11-14,16,quantile,0.975,86.93
2020-11-08,1 wk ahead inc death,2020-11-14,16,quantile,0.75,83.72
2020-11-08,1 wk ahead inc death,2020-11-14,16,quantile,0.9,84.69
2020-11-08,1 wk ahead inc death,2020-11-14,16,quantile,0.1,78.58
2020-11-08,1 wk ahead inc death,2020-11-14,17,quantile,0.25,719.05
2020-11-08,1 wk ahead inc death,2020-11-14,17,quantile,0.75,740.06
2020-11-08,1 wk ahead inc death,2020-11-14,17,quantile,0.5,729.58
2020-11-08,1 wk ahead inc death,2020-11-14,17,quantile,0.9,750.68
2020-11-08,1 wk ahead inc death,2020-11-14,17,quantile,0.1,706.12
2020-11-08,1 wk ahead inc death,2020-11-14,17,quantile,0.975,768.54
2020-11-08,1 wk ahead inc death,2020-11-14,17,quantile,0.025,692.94
2020-11-08,1 wk ahead inc death,2020-11-14,18,quantile,0.9,316.79
2020-11-08,1 wk ahead inc death,2020-11-14,18,quantile,0.75,312.28
2020-11-08,1 wk ahead inc death,2020-11-14,18,quantile,0.1,296.80
2020-11-08,1 wk ahead inc death,2020-11-14,18,quantile,0.975,321.94
2020-11-08,1 wk ahead inc death,2020-11-14,18,quantile,0.25,301.87
2020-11-08,1 wk ahead inc death,2020-11-14,18,quantile,0.025,294.20
2020-11-08,1 wk ahead inc death,2020-11-14,18,quantile,0.5,306.39
2020-11-08,1 wk ahead inc death,2020-11-14,19,quantile,0.25,209.44
2020-11-08,1 wk ahead inc death,2020-11-14,19,quantile,0.5,213.72
2020-11-08,1 wk ahead inc death,2020-11-14,19,quantile,0.1,206.32
2020-11-08,1 wk ahead inc death,2020-11-14,19,quantile,0.9,220.46
2020-11-08,1 wk ahead inc death,2020-11-14,19,quantile,0.75,217.23
2020-11-08,1 wk ahead inc death,2020-11-14,19,quantile,0.025,202.43
2020-11-08,1 wk ahead inc death,2020-11-14,19,quantile,0.975,223.83
2020-11-08,1 wk ahead inc death,2020-11-14,20,quantile,0.025,116.52
2020-11-08,1 wk ahead inc death,2020-11-14,20,quantile,0.975,133.51
2020-11-08,1 wk ahead inc death,2020-11-14,20,quantile,0.5,125.63
2020-11-08,1 wk ahead inc death,2020-11-14,20,quantile,0.25,123.26
2020-11-08,1 wk ahead inc death,2020-11-14,20,quantile,0.75,128.26
2020-11-08,1 wk ahead inc death,2020-11-14,20,quantile,0.9,131.73
2020-11-08,1 wk ahead inc death,2020-11-14,20,quantile,0.1,120.87
2020-11-08,1 wk ahead inc death,2020-11-14,21,quantile,0.1,126.92
2020-11-08,1 wk ahead inc death,2020-11-14,21,quantile,0.25,129.09
2020-11-08,1 wk ahead inc death,2020-11-14,21,quantile,0.5,132.02
2020-11-08,1 wk ahead inc death,2020-11-14,21,quantile,0.9,138.61
2020-11-08,1 wk ahead inc death,2020-11-14,21,quantile,0.025,123.81
2020-11-08,1 wk ahead inc death,2020-11-14,21,quantile,0.975,142.16
2020-11-08,1 wk ahead inc death,2020-11-14,21,quantile,0.75,135.91
2020-11-08,1 wk ahead inc death,2020-11-14,22,quantile,0.5,76.30
2020-11-08,1 wk ahead inc death,2020-11-14,22,quantile,0.9,79.72
2020-11-08,1 wk ahead inc death,2020-11-14,22,quantile,0.025,70.90
2020-11-08,1 wk ahead inc death,2020-11-14,22,quantile,0.75,77.86
2020-11-08,1 wk ahead inc death,2020-11-14,22,quantile,0.975,82.45
2020-11-08,1 wk ahead inc death,2020-11-14,22,quantile,0.25,73.97
2020-11-08,1 wk ahead inc death,2020-11-14,22,quantile,0.1,72.15
2020-11-08,1 wk ahead inc death,2020-11-14,23,quantile,0.9,14.10
2020-11-08,1 wk ahead inc death,2020-11-14,23,quantile,0.75,13.27
2020-11-08,1 wk ahead inc death,2020-11-14,23,quantile,0.5,12.46
2020-11-08,1 wk ahead inc death,2020-11-14,23,quantile,0.025,9.99
2020-11-08,1 wk ahead inc death,2020-11-14,23,quantile,0.1,10.91
2020-11-08,1 wk ahead inc death,2020-11-14,23,quantile,0.25,11.80
2020-11-08,1 wk ahead inc death,2020-11-14,23,quantile,0.975,14.74
2020-11-08,1 wk ahead inc death,2020-11-14,24,quantile,0.5,75.72
2020-11-08,1 wk ahead inc death,2020-11-14,24,quantile,0.975,83.05
2020-11-08,1 wk ahead inc death,2020-11-14,24,quantile,0.025,69.98
2020-11-08,1 wk ahead inc death,2020-11-14,24,quantile,0.1,72.06
2020-11-08,1 wk ahead inc death,2020-11-14,24,quantile,0.9,80.08
2020-11-08,1 wk ahead inc death,2020-11-14,24,quantile,0.75,77.82
2020-11-08,1 wk ahead inc death,2020-11-14,24,quantile,0.25,74.07
2020-11-08,1 wk ahead inc death,2020-11-14,25,quantile,0.9,132.85
2020-11-08,1 wk ahead inc death,2020-11-14,25,quantile,0.975,136.10
2020-11-08,1 wk ahead inc death,2020-11-14,25,quantile,0.025,120.58
2020-11-08,1 wk ahead inc death,2020-11-14,25,quantile,0.75,130.47
2020-11-08,1 wk ahead inc death,2020-11-14,25,quantile,0.1,122.37
2020-11-08,1 wk ahead inc death,2020-11-14,25,quantile,0.5,127.39
2020-11-08,1 wk ahead inc death,2020-11-14,25,quantile,0.25,124.30
2020-11-08,1 wk ahead inc death,2020-11-14,26,quantile,0.75,354.02
2020-11-08,1 wk ahead inc death,2020-11-14,26,quantile,0.025,328.82
2020-11-08,1 wk ahead inc death,2020-11-14,26,quantile,0.1,335.60
2020-11-08,1 wk ahead inc death,2020-11-14,26,quantile,0.25,341.81
2020-11-08,1 wk ahead inc death,2020-11-14,26,quantile,0.9,359.00
2020-11-08,1 wk ahead inc death,2020-11-14,26,quantile,0.5,347.78
2020-11-08,1 wk ahead inc death,2020-11-14,26,quantile,0.975,363.28
2020-11-08,1 wk ahead inc death,2020-11-14,27,quantile,0.1,243.25
2020-11-08,1 wk ahead inc death,2020-11-14,27,quantile,0.025,240.41
2020-11-08,1 wk ahead inc death,2020-11-14,27,quantile,0.9,261.22
2020-11-08,1 wk ahead inc death,2020-11-14,27,quantile,0.5,252.52
2020-11-08,1 wk ahead inc death,2020-11-14,27,quantile,0.25,247.25
2020-11-08,1 wk ahead inc death,2020-11-14,27,quantile,0.75,256.71
2020-11-08,1 wk ahead inc death,2020-11-14,27,quantile,0.975,266.57
2020-11-08,1 wk ahead inc death,2020-11-14,28,quantile,0.5,101.05
2020-11-08,1 wk ahead inc death,2020-11-14,28,quantile,0.975,106.94
2020-11-08,1 wk ahead inc death,2020-11-14,28,quantile,0.25,99.01
2020-11-08,1 wk ahead inc death,2020-11-14,28,quantile,0.9,105.12
2020-11-08,1 wk ahead inc death,2020-11-14,28,quantile,0.1,96.62
2020-11-08,1 wk ahead inc death,2020-11-14,28,quantile,0.75,102.93
2020-11-08,1 wk ahead inc death,2020-11-14,28,quantile,0.025,95.00
2020-11-08,1 wk ahead inc death,2020-11-14,29,quantile,0.75,212.27
2020-11-08,1 wk ahead inc death,2020-11-14,29,quantile,0.9,216.01
2020-11-08,1 wk ahead inc death,2020-11-14,29,quantile,0.975,220.72
2020-11-08,1 wk ahead inc death,2020-11-14,29,quantile,0.5,208.71
2020-11-08,1 wk ahead inc death,2020-11-14,29,quantile,0.1,202.46
2020-11-08,1 wk ahead inc death,2020-11-14,29,quantile,0.025,199.11
2020-11-08,1 wk ahead inc death,2020-11-14,29,quantile,0.25,205.45
2020-11-08,1 wk ahead inc death,2020-11-14,30,quantile,0.975,81.23
2020-11-08,1 wk ahead inc death,2020-11-14,30,quantile,0.75,78.37
2020-11-08,1 wk ahead inc death,2020-11-14,30,quantile,0.025,71.76
2020-11-08,1 wk ahead inc death,2020-11-14,30,quantile,0.9,79.85
2020-11-08,1 wk ahead inc death,2020-11-14,30,quantile,0.1,73.48
2020-11-08,1 wk ahead inc death,2020-11-14,30,quantile,0.5,76.61
2020-11-08,1 wk ahead inc death,2020-11-14,30,quantile,0.25,74.98
2020-11-08,1 wk ahead inc death,2020-11-14,31,quantile,0.1,92.83
2020-11-08,1 wk ahead inc death,2020-11-14,31,quantile,0.025,89.58
2020-11-08,1 wk ahead inc death,2020-11-14,31,quantile,0.9,102.99
2020-11-08,1 wk ahead inc death,2020-11-14,31,quantile,0.25,95.04
2020-11-08,1 wk ahead inc death,2020-11-14,31,quantile,0.75,100.49
2020-11-08,1 wk ahead inc death,2020-11-14,31,quantile,0.5,98.43
2020-11-08,1 wk ahead inc death,2020-11-14,31,quantile,0.975,105.47
2020-11-08,1 wk ahead inc death,2020-11-14,32,quantile,0.975,85.88
2020-11-08,1 wk ahead inc death,2020-11-14,32,quantile,0.9,82.94
2020-11-08,1 wk ahead inc death,2020-11-14,32,quantile,0.25,74.55
2020-11-08,1 wk ahead inc death,2020-11-14,32,quantile,0.025,69.29
2020-11-08,1 wk ahead inc death,2020-11-14,32,quantile,0.75,80.59
2020-11-08,1 wk ahead inc death,2020-11-14,32,quantile,0.5,77.57
2020-11-08,1 wk ahead inc death,2020-11-14,32,quantile,0.1,72.32
2020-11-08,1 wk ahead inc death,2020-11-14,33,quantile,0.9,13.69
2020-11-08,1 wk ahead inc death,2020-11-14,33,quantile,0.25,12.11
2020-11-08,1 wk ahead inc death,2020-11-14,33,quantile,0.025,11.04
2020-11-08,1 wk ahead inc death,2020-11-14,33,quantile,0.1,11.55
2020-11-08,1 wk ahead inc death,2020-11-14,33,quantile,0.5,12.67
2020-11-08,1 wk ahead inc death,2020-11-14,33,quantile,0.975,14.52
2020-11-08,1 wk ahead inc death,2020-11-14,33,quantile,0.75,13.22
2020-11-08,1 wk ahead inc death,2020-11-14,34,quantile,0.975,125.91
2020-11-08,1 wk ahead inc death,2020-11-14,34,quantile,0.75,118.42
2020-11-08,1 wk ahead inc death,2020-11-14,34,quantile,0.9,122.26
2020-11-08,1 wk ahead inc death,2020-11-14,34,quantile,0.1,109.49
2020-11-08,1 wk ahead inc death,2020-11-14,34,quantile,0.5,114.79
2020-11-08,1 wk ahead inc death,2020-11-14,34,quantile,0.025,106.12
2020-11-08,1 wk ahead inc death,2020-11-14,34,quantile,0.25,112.47
2020-11-08,1 wk ahead inc death,2020-11-14,35,quantile,0.75,95.80
2020-11-08,1 wk ahead inc death,2020-11-14,35,quantile,0.9,97.80
2020-11-08,1 wk ahead inc death,2020-11-14,35,quantile,0.1,90.00
2020-11-08,1 wk ahead inc death,2020-11-14,35,quantile,0.25,91.60
2020-11-08,1 wk ahead inc death,2020-11-14,35,quantile,0.025,88.77
2020-11-08,1 wk ahead inc death,2020-11-14,35,quantile,0.5,93.49
2020-11-08,1 wk ahead inc death,2020-11-14,35,quantile,0.975,98.94
2020-11-08,1 wk ahead inc death,2020-11-14,36,quantile,0.25,184.05
2020-11-08,1 wk ahead inc death,2020-11-14,36,quantile,0.1,179.60
2020-11-08,1 wk ahead inc death,2020-11-14,36,quantile,0.5,187.91
2020-11-08,1 wk ahead inc death,2020-11-14,36,quantile,0.9,193.38
2020-11-08,1 wk ahead inc death,2020-11-14,36,quantile,0.75,191.57
2020-11-08,1 wk ahead inc death,2020-11-14,36,quantile,0.975,197.69
2020-11-08,1 wk ahead inc death,2020-11-14,36,quantile,0.025,177.03
2020-11-08,1 wk ahead inc death,2020-11-14,37,quantile,0.1,211.99
2020-11-08,1 wk ahead inc death,2020-11-14,37,quantile,0.9,225.01
2020-11-08,1 wk ahead inc death,2020-11-14,37,quantile,0.75,221.84
2020-11-08,1 wk ahead inc death,2020-11-14,37,quantile,0.25,215.13
2020-11-08,1 wk ahead inc death,2020-11-14,37,quantile,0.025,208.67
2020-11-08,1 wk ahead inc death,2020-11-14,37,quantile,0.975,226.34
2020-11-08,1 wk ahead inc death,2020-11-14,37,quantile,0.5,218.50
2020-11-08,1 wk ahead inc death,2020-11-14,38,quantile,0.025,107.55
2020-11-08,1 wk ahead inc death,2020-11-14,38,quantile,0.75,115.73
2020-11-08,1 wk ahead inc death,2020-11-14,38,quantile,0.975,119.81
2020-11-08,1 wk ahead inc death,2020-11-14,38,quantile,0.1,109.15
2020-11-08,1 wk ahead inc death,2020-11-14,38,quantile,0.5,112.74
2020-11-08,1 wk ahead inc death,2020-11-14,38,quantile,0.25,110.67
2020-11-08,1 wk ahead inc death,2020-11-14,38,quantile,0.9,118.45
2020-11-08,1 wk ahead inc death,2020-11-14,39,quantile,0.975,300.22
2020-11-08,1 wk ahead inc death,2020-11-14,39,quantile,0.75,291.34
2020-11-08,1 wk ahead inc death,2020-11-14,39,quantile,0.025,273.12
2020-11-08,1 wk ahead inc death,2020-11-14,39,quantile,0.1,276.96
2020-11-08,1 wk ahead inc death,2020-11-14,39,quantile,0.25,281.10
2020-11-08,1 wk ahead inc death,2020-11-14,39,quantile,0.9,294.82
2020-11-08,1 wk ahead inc death,2020-11-14,39,quantile,0.5,285.31
2020-11-08,1 wk ahead inc death,2020-11-14,40,quantile,0.9,133.37
2020-11-08,1 wk ahead inc death,2020-11-14,40,quantile,0.75,130.08
2020-11-08,1 wk ahead inc death,2020-11-14,40,quantile,0.5,127.26
2020-11-08,1 wk ahead inc death,2020-11-14,40,quantile,0.025,119.31
2020-11-08,1 wk ahead inc death,2020-11-14,40,quantile,0.975,136.88
2020-11-08,1 wk ahead inc death,2020-11-14,40,quantile,0.25,124.82
2020-11-08,1 wk ahead inc death,2020-11-14,40,quantile,0.1,123.25
2020-11-08,1 wk ahead inc death,2020-11-14,41,quantile,0.9,54.03
2020-11-08,1 wk ahead inc death,2020-11-14,41,quantile,0.975,55.44
2020-11-08,1 wk ahead inc death,2020-11-14,41,quantile,0.75,52.09
2020-11-08,1 wk ahead inc death,2020-11-14,41,quantile,0.025,45.92
2020-11-08,1 wk ahead inc death,2020-11-14,41,quantile,0.25,48.83
2020-11-08,1 wk ahead inc death,2020-11-14,41,quantile,0.5,50.13
2020-11-08,1 wk ahead inc death,2020-11-14,41,quantile,0.1,47.57
2020-11-08,1 wk ahead inc death,2020-11-14,42,quantile,0.975,231.92
2020-11-08,1 wk ahead inc death,2020-11-14,42,quantile,0.9,230.10
2020-11-08,1 wk ahead inc death,2020-11-14,42,quantile,0.025,212.05
2020-11-08,1 wk ahead inc death,2020-11-14,42,quantile,0.1,214.50
2020-11-08,1 wk ahead inc death,2020-11-14,42,quantile,0.25,218.55
2020-11-08,1 wk ahead inc death,2020-11-14,42,quantile,0.75,226.03
2020-11-08,1 wk ahead inc death,2020-11-14,42,quantile,0.5,222.70
2020-11-08,1 wk ahead inc death,2020-11-14,44,quantile,0.1,24.09
2020-11-08,1 wk ahead inc death,2020-11-14,44,quantile,0.25,24.63
2020-11-08,1 wk ahead inc death,2020-11-14,44,quantile,0.75,26.18
2020-11-08,1 wk ahead inc death,2020-11-14,44,quantile,0.5,25.36
2020-11-08,1 wk ahead inc death,2020-11-14,44,quantile,0.975,27.95
2020-11-08,1 wk ahead inc death,2020-11-14,44,quantile,0.9,27.03
2020-11-08,1 wk ahead inc death,2020-11-14,44,quantile,0.025,23.41
2020-11-08,1 wk ahead inc death,2020-11-14,45,quantile,0.5,111.06
2020-11-08,1 wk ahead inc death,2020-11-14,45,quantile,0.025,105.00
2020-11-08,1 wk ahead inc death,2020-11-14,45,quantile,0.25,108.58
2020-11-08,1 wk ahead inc death,2020-11-14,45,quantile,0.1,107.08
2020-11-08,1 wk ahead inc death,2020-11-14,45,quantile,0.9,115.30
2020-11-08,1 wk ahead inc death,2020-11-14,45,quantile,0.75,113.47
2020-11-08,1 wk ahead inc death,2020-11-14,45,quantile,0.975,117.25
2020-11-08,1 wk ahead inc death,2020-11-14,46,quantile,0.975,114.76
2020-11-08,1 wk ahead inc death,2020-11-14,46,quantile,0.1,105.22
2020-11-08,1 wk ahead inc death,2020-11-14,46,quantile,0.9,113.43
2020-11-08,1 wk ahead inc death,2020-11-14,46,quantile,0.025,102.04
2020-11-08,1 wk ahead inc death,2020-11-14,46,quantile,0.25,106.42
2020-11-08,1 wk ahead inc death,2020-11-14,46,quantile,0.75,110.99
2020-11-08,1 wk ahead inc death,2020-11-14,46,quantile,0.5,109.14
2020-11-08,1 wk ahead inc death,2020-11-14,47,quantile,0.9,232.28
2020-11-08,1 wk ahead inc death,2020-11-14,47,quantile,0.25,223.37
2020-11-08,1 wk ahead inc death,2020-11-14,47,quantile,0.5,225.52
2020-11-08,1 wk ahead inc death,2020-11-14,47,quantile,0.975,236.19
2020-11-08,1 wk ahead inc death,2020-11-14,47,quantile,0.1,220.90
2020-11-08,1 wk ahead inc death,2020-11-14,47,quantile,0.75,228.82
2020-11-08,1 wk ahead inc death,2020-11-14,47,quantile,0.025,219.00
2020-11-08,1 wk ahead inc death,2020-11-14,48,quantile,0.25,652.91
2020-11-08,1 wk ahead inc death,2020-11-14,48,quantile,0.5,659.82
2020-11-08,1 wk ahead inc death,2020-11-14,48,quantile,0.975,693.66
2020-11-08,1 wk ahead inc death,2020-11-14,48,quantile,0.025,631.44
2020-11-08,1 wk ahead inc death,2020-11-14,48,quantile,0.1,641.08
2020-11-08,1 wk ahead inc death,2020-11-14,48,quantile,0.75,671.68
2020-11-08,1 wk ahead inc death,2020-11-14,48,quantile,0.9,679.04
2020-11-08,1 wk ahead inc death,2020-11-14,49,quantile,0.75,85.39
2020-11-08,1 wk ahead inc death,2020-11-14,49,quantile,0.9,89.96
2020-11-08,1 wk ahead inc death,2020-11-14,49,quantile,0.1,75.92
2020-11-08,1 wk ahead inc death,2020-11-14,49,quantile,0.025,73.43
2020-11-08,1 wk ahead inc death,2020-11-14,49,quantile,0.25,79.66
2020-11-08,1 wk ahead inc death,2020-11-14,49,quantile,0.5,82.21
2020-11-08,1 wk ahead inc death,2020-11-14,49,quantile,0.975,91.82
2020-11-08,1 wk ahead inc death,2020-11-14,50,quantile,0.5,2.22
2020-11-08,1 wk ahead inc death,2020-11-14,50,quantile,0.25,1.90
2020-11-08,1 wk ahead inc death,2020-11-14,50,quantile,0.9,2.82
2020-11-08,1 wk ahead inc death,2020-11-14,50,quantile,0.975,3.03
2020-11-08,1 wk ahead inc death,2020-11-14,50,quantile,0.1,1.64
2020-11-08,1 wk ahead inc death,2020-11-14,50,quantile,0.75,2.55
2020-11-08,1 wk ahead inc death,2020-11-14,50,quantile,0.025,1.43
2020-11-08,1 wk ahead inc death,2020-11-14,51,quantile,0.975,107.69
2020-11-08,1 wk ahead inc death,2020-11-14,51,quantile,0.1,94.07
2020-11-08,1 wk ahead inc death,2020-11-14,51,quantile,0.5,99.09
2020-11-08,1 wk ahead inc death,2020-11-14,51,quantile,0.25,96.77
2020-11-08,1 wk ahead inc death,2020-11-14,51,quantile,0.75,102.48
2020-11-08,1 wk ahead inc death,2020-11-14,51,quantile,0.9,104.74
2020-11-08,1 wk ahead inc death,2020-11-14,51,quantile,0.025,92.51
2020-11-08,1 wk ahead inc death,2020-11-14,53,quantile,0.25,82.55
2020-11-08,1 wk ahead inc death,2020-11-14,53,quantile,0.025,78.37
2020-11-08,1 wk ahead inc death,2020-11-14,53,quantile,0.1,80.47
2020-11-08,1 wk ahead inc death,2020-11-14,53,quantile,0.975,94.57
2020-11-08,1 wk ahead inc death,2020-11-14,53,quantile,0.9,90.47
2020-11-08,1 wk ahead inc death,2020-11-14,53,quantile,0.5,85.41
2020-11-08,1 wk ahead inc death,2020-11-14,53,quantile,0.75,87.76
2020-11-08,1 wk ahead inc death,2020-11-14,54,quantile,0.75,49.09
2020-11-08,1 wk ahead inc death,2020-11-14,54,quantile,0.5,47.25
2020-11-08,1 wk ahead inc death,2020-11-14,54,quantile,0.025,41.91
2020-11-08,1 wk ahead inc death,2020-11-14,54,quantile,0.975,52.08
2020-11-08,1 wk ahead inc death,2020-11-14,54,quantile,0.25,45.51
2020-11-08,1 wk ahead inc death,2020-11-14,54,quantile,0.9,50.46
2020-11-08,1 wk ahead inc death,2020-11-14,54,quantile,0.1,43.48
2020-11-08,1 wk ahead inc death,2020-11-14,55,quantile,0.025,345.91
2020-11-08,1 wk ahead inc death,2020-11-14,55,quantile,0.975,374.93
2020-11-08,1 wk ahead inc death,2020-11-14,55,quantile,0.75,365.78
2020-11-08,1 wk ahead inc death,2020-11-14,55,quantile,0.5,360.35
2020-11-08,1 wk ahead inc death,2020-11-14,55,quantile,0.9,370.24
2020-11-08,1 wk ahead inc death,2020-11-14,55,quantile,0.1,350.86
2020-11-08,1 wk ahead inc death,2020-11-14,55,quantile,0.25,354.56
2020-11-08,1 wk ahead inc death,2020-11-14,56,quantile,0.9,39.31
2020-11-08,1 wk ahead inc death,2020-11-14,56,quantile,0.75,38.09
2020-11-08,1 wk ahead inc death,2020-11-14,56,quantile,0.5,36.90
2020-11-08,1 wk ahead inc death,2020-11-14,56,quantile,0.25,35.57
2020-11-08,1 wk ahead inc death,2020-11-14,56,quantile,0.025,33.02
2020-11-08,1 wk ahead inc death,2020-11-14,56,quantile,0.1,34.09
2020-11-08,1 wk ahead inc death,2020-11-14,56,quantile,0.975,40.34
2020-11-08,2 wk ahead inc death,2020-11-21,01,point,NA,159.31
2020-11-08,2 wk ahead inc death,2020-11-21,02,point,NA,22.04
2020-11-08,2 wk ahead inc death,2020-11-21,04,point,NA,176.99
2020-11-08,2 wk ahead inc death,2020-11-21,05,point,NA,144.93
2020-11-08,2 wk ahead inc death,2020-11-21,06,point,NA,552.89
2020-11-08,2 wk ahead inc death,2020-11-21,08,point,NA,255.74
2020-11-08,2 wk ahead inc death,2020-11-21,09,point,NA,93.87
2020-11-08,2 wk ahead inc death,2020-11-21,10,point,NA,13.57
2020-11-08,2 wk ahead inc death,2020-11-21,11,point,NA,8.94
2020-11-08,2 wk ahead inc death,2020-11-21,12,point,NA,447.57
2020-11-08,2 wk ahead inc death,2020-11-21,13,point,NA,202.28
2020-11-08,2 wk ahead inc death,2020-11-21,15,point,NA,9.05
2020-11-08,2 wk ahead inc death,2020-11-21,16,point,NA,97.96
2020-11-08,2 wk ahead inc death,2020-11-21,17,point,NA,786.40
2020-11-08,2 wk ahead inc death,2020-11-21,18,point,NA,370.15
2020-11-08,2 wk ahead inc death,2020-11-21,19,point,NA,290.57
2020-11-08,2 wk ahead inc death,2020-11-21,20,point,NA,165.07
2020-11-08,2 wk ahead inc death,2020-11-21,21,point,NA,175.73
2020-11-08,2 wk ahead inc death,2020-11-21,22,point,NA,87.96
2020-11-08,2 wk ahead inc death,2020-11-21,23,point,NA,15.31
2020-11-08,2 wk ahead inc death,2020-11-21,24,point,NA,92.07
2020-11-08,2 wk ahead inc death,2020-11-21,25,point,NA,138.45
2020-11-08,2 wk ahead inc death,2020-11-21,26,point,NA,406.98
2020-11-08,2 wk ahead inc death,2020-11-21,27,point,NA,312.24
2020-11-08,2 wk ahead inc death,2020-11-21,28,point,NA,118.38
2020-11-08,2 wk ahead inc death,2020-11-21,29,point,NA,274.21
2020-11-08,2 wk ahead inc death,2020-11-21,30,point,NA,90.28
2020-11-08,2 wk ahead inc death,2020-11-21,31,point,NA,138.46
2020-11-08,2 wk ahead inc death,2020-11-21,32,point,NA,88.46
2020-11-08,2 wk ahead inc death,2020-11-21,33,point,NA,16.99
2020-11-08,2 wk ahead inc death,2020-11-21,34,point,NA,156.64
2020-11-08,2 wk ahead inc death,2020-11-21,35,point,NA,100.49
2020-11-08,2 wk ahead inc death,2020-11-21,36,point,NA,235.27
2020-11-08,2 wk ahead inc death,2020-11-21,37,point,NA,253.26
2020-11-08,2 wk ahead inc death,2020-11-21,38,point,NA,127.28
2020-11-08,2 wk ahead inc death,2020-11-21,39,point,NA,391.70
2020-11-08,2 wk ahead inc death,2020-11-21,40,point,NA,142.23
2020-11-08,2 wk ahead inc death,2020-11-21,41,point,NA,66.21
2020-11-08,2 wk ahead inc death,2020-11-21,42,point,NA,266.15
2020-11-08,2 wk ahead inc death,2020-11-21,44,point,NA,28.44
2020-11-08,2 wk ahead inc death,2020-11-21,45,point,NA,130.96
2020-11-08,2 wk ahead inc death,2020-11-21,46,point,NA,121.03
2020-11-08,2 wk ahead inc death,2020-11-21,47,point,NA,257.96
2020-11-08,2 wk ahead inc death,2020-11-21,48,point,NA,781.12
2020-11-08,2 wk ahead inc death,2020-11-21,49,point,NA,102.03
2020-11-08,2 wk ahead inc death,2020-11-21,50,point,NA,4.58
2020-11-08,2 wk ahead inc death,2020-11-21,51,point,NA,134.35
2020-11-08,2 wk ahead inc death,2020-11-21,53,point,NA,110.04
2020-11-08,2 wk ahead inc death,2020-11-21,54,point,NA,56.63
2020-11-08,2 wk ahead inc death,2020-11-21,55,point,NA,423.82
2020-11-08,2 wk ahead inc death,2020-11-21,56,point,NA,48.84
2020-11-08,2 wk ahead inc death,2020-11-21,01,quantile,0.025,148.65
2020-11-08,2 wk ahead inc death,2020-11-21,01,quantile,0.975,172.46
2020-11-08,2 wk ahead inc death,2020-11-21,01,quantile,0.1,150.91
2020-11-08,2 wk ahead inc death,2020-11-21,01,quantile,0.75,163.64
2020-11-08,2 wk ahead inc death,2020-11-21,01,quantile,0.5,158.94
2020-11-08,2 wk ahead inc death,2020-11-21,01,quantile,0.9,168.20
2020-11-08,2 wk ahead inc death,2020-11-21,01,quantile,0.25,154.98
2020-11-08,2 wk ahead inc death,2020-11-21,02,quantile,0.1,19.11
2020-11-08,2 wk ahead inc death,2020-11-21,02,quantile,0.5,21.89
2020-11-08,2 wk ahead inc death,2020-11-21,02,quantile,0.975,26.31
2020-11-08,2 wk ahead inc death,2020-11-21,02,quantile,0.25,20.76
2020-11-08,2 wk ahead inc death,2020-11-21,02,quantile,0.75,23.41
2020-11-08,2 wk ahead inc death,2020-11-21,02,quantile,0.025,17.69
2020-11-08,2 wk ahead inc death,2020-11-21,02,quantile,0.9,25.21
2020-11-08,2 wk ahead inc death,2020-11-21,04,quantile,0.25,167.65
2020-11-08,2 wk ahead inc death,2020-11-21,04,quantile,0.9,195.89
2020-11-08,2 wk ahead inc death,2020-11-21,04,quantile,0.5,174.48
2020-11-08,2 wk ahead inc death,2020-11-21,04,quantile,0.75,182.99
2020-11-08,2 wk ahead inc death,2020-11-21,04,quantile,0.1,160.24
2020-11-08,2 wk ahead inc death,2020-11-21,04,quantile,0.025,154.38
2020-11-08,2 wk ahead inc death,2020-11-21,04,quantile,0.975,205.72
2020-11-08,2 wk ahead inc death,2020-11-21,05,quantile,0.5,144.59
2020-11-08,2 wk ahead inc death,2020-11-21,05,quantile,0.1,137.57
2020-11-08,2 wk ahead inc death,2020-11-21,05,quantile,0.25,141.05
2020-11-08,2 wk ahead inc death,2020-11-21,05,quantile,0.9,152.42
2020-11-08,2 wk ahead inc death,2020-11-21,05,quantile,0.025,136.12
2020-11-08,2 wk ahead inc death,2020-11-21,05,quantile,0.975,155.47
2020-11-08,2 wk ahead inc death,2020-11-21,05,quantile,0.75,148.80
2020-11-08,2 wk ahead inc death,2020-11-21,06,quantile,0.1,516.40
2020-11-08,2 wk ahead inc death,2020-11-21,06,quantile,0.25,534.95
2020-11-08,2 wk ahead inc death,2020-11-21,06,quantile,0.9,583.04
2020-11-08,2 wk ahead inc death,2020-11-21,06,quantile,0.975,594.06
2020-11-08,2 wk ahead inc death,2020-11-21,06,quantile,0.75,570.74
2020-11-08,2 wk ahead inc death,2020-11-21,06,quantile,0.5,556.57
2020-11-08,2 wk ahead inc death,2020-11-21,06,quantile,0.025,503.18
2020-11-08,2 wk ahead inc death,2020-11-21,08,quantile,0.75,262.61
2020-11-08,2 wk ahead inc death,2020-11-21,08,quantile,0.1,243.61
2020-11-08,2 wk ahead inc death,2020-11-21,08,quantile,0.5,255.01
2020-11-08,2 wk ahead inc death,2020-11-21,08,quantile,0.25,247.63
2020-11-08,2 wk ahead inc death,2020-11-21,08,quantile,0.975,276.16
2020-11-08,2 wk ahead inc death,2020-11-21,08,quantile,0.025,237.10
2020-11-08,2 wk ahead inc death,2020-11-21,08,quantile,0.9,268.70
2020-11-08,2 wk ahead inc death,2020-11-21,09,quantile,0.025,84.09
2020-11-08,2 wk ahead inc death,2020-11-21,09,quantile,0.75,97.31
2020-11-08,2 wk ahead inc death,2020-11-21,09,quantile,0.25,89.92
2020-11-08,2 wk ahead inc death,2020-11-21,09,quantile,0.9,100.84
2020-11-08,2 wk ahead inc death,2020-11-21,09,quantile,0.5,93.70
2020-11-08,2 wk ahead inc death,2020-11-21,09,quantile,0.975,105.47
2020-11-08,2 wk ahead inc death,2020-11-21,09,quantile,0.1,86.85
2020-11-08,2 wk ahead inc death,2020-11-21,10,quantile,0.9,15.08
2020-11-08,2 wk ahead inc death,2020-11-21,10,quantile,0.975,16.29
2020-11-08,2 wk ahead inc death,2020-11-21,10,quantile,0.5,13.51
2020-11-08,2 wk ahead inc death,2020-11-21,10,quantile,0.25,12.68
2020-11-08,2 wk ahead inc death,2020-11-21,10,quantile,0.75,14.19
2020-11-08,2 wk ahead inc death,2020-11-21,10,quantile,0.025,11.58
2020-11-08,2 wk ahead inc death,2020-11-21,10,quantile,0.1,12.27
2020-11-08,2 wk ahead inc death,2020-11-21,11,quantile,0.025,7.15
2020-11-08,2 wk ahead inc death,2020-11-21,11,quantile,0.25,8.26
2020-11-08,2 wk ahead inc death,2020-11-21,11,quantile,0.1,7.56
2020-11-08,2 wk ahead inc death,2020-11-21,11,quantile,0.9,10.25
2020-11-08,2 wk ahead inc death,2020-11-21,11,quantile,0.975,10.86
2020-11-08,2 wk ahead inc death,2020-11-21,11,quantile,0.5,8.95
2020-11-08,2 wk ahead inc death,2020-11-21,11,quantile,0.75,9.63
2020-11-08,2 wk ahead inc death,2020-11-21,12,quantile,0.1,427.24
2020-11-08,2 wk ahead inc death,2020-11-21,12,quantile,0.9,465.98
2020-11-08,2 wk ahead inc death,2020-11-21,12,quantile,0.5,446.43
2020-11-08,2 wk ahead inc death,2020-11-21,12,quantile,0.25,437.48
2020-11-08,2 wk ahead inc death,2020-11-21,12,quantile,0.025,418.43
2020-11-08,2 wk ahead inc death,2020-11-21,12,quantile,0.975,477.11
2020-11-08,2 wk ahead inc death,2020-11-21,12,quantile,0.75,456.83
2020-11-08,2 wk ahead inc death,2020-11-21,13,quantile,0.25,198.30
2020-11-08,2 wk ahead inc death,2020-11-21,13,quantile,0.75,206.94
2020-11-08,2 wk ahead inc death,2020-11-21,13,quantile,0.5,201.74
2020-11-08,2 wk ahead inc death,2020-11-21,13,quantile,0.9,212.82
2020-11-08,2 wk ahead inc death,2020-11-21,13,quantile,0.1,194.63
2020-11-08,2 wk ahead inc death,2020-11-21,13,quantile,0.975,215.20
2020-11-08,2 wk ahead inc death,2020-11-21,13,quantile,0.025,187.02
2020-11-08,2 wk ahead inc death,2020-11-21,15,quantile,0.975,11.30
2020-11-08,2 wk ahead inc death,2020-11-21,15,quantile,0.9,10.43
2020-11-08,2 wk ahead inc death,2020-11-21,15,quantile,0.1,7.58
2020-11-08,2 wk ahead inc death,2020-11-21,15,quantile,0.25,8.22
2020-11-08,2 wk ahead inc death,2020-11-21,15,quantile,0.75,10.01
2020-11-08,2 wk ahead inc death,2020-11-21,15,quantile,0.5,8.96
2020-11-08,2 wk ahead inc death,2020-11-21,15,quantile,0.025,6.87
2020-11-08,2 wk ahead inc death,2020-11-21,16,quantile,0.025,89.50
2020-11-08,2 wk ahead inc death,2020-11-21,16,quantile,0.5,97.53
2020-11-08,2 wk ahead inc death,2020-11-21,16,quantile,0.25,95.40
2020-11-08,2 wk ahead inc death,2020-11-21,16,quantile,0.975,106.35
2020-11-08,2 wk ahead inc death,2020-11-21,16,quantile,0.75,101.32
2020-11-08,2 wk ahead inc death,2020-11-21,16,quantile,0.9,103.76
2020-11-08,2 wk ahead inc death,2020-11-21,16,quantile,0.1,92.40
2020-11-08,2 wk ahead inc death,2020-11-21,17,quantile,0.25,772.76
2020-11-08,2 wk ahead inc death,2020-11-21,17,quantile,0.75,798.12
2020-11-08,2 wk ahead inc death,2020-11-21,17,quantile,0.5,785.96
2020-11-08,2 wk ahead inc death,2020-11-21,17,quantile,0.9,815.63
2020-11-08,2 wk ahead inc death,2020-11-21,17,quantile,0.1,760.64
2020-11-08,2 wk ahead inc death,2020-11-21,17,quantile,0.975,836.17
2020-11-08,2 wk ahead inc death,2020-11-21,17,quantile,0.025,738.64
2020-11-08,2 wk ahead inc death,2020-11-21,18,quantile,0.9,382.63
2020-11-08,2 wk ahead inc death,2020-11-21,18,quantile,0.75,377.92
2020-11-08,2 wk ahead inc death,2020-11-21,18,quantile,0.1,357.22
2020-11-08,2 wk ahead inc death,2020-11-21,18,quantile,0.975,391.39
2020-11-08,2 wk ahead inc death,2020-11-21,18,quantile,0.25,363.46
2020-11-08,2 wk ahead inc death,2020-11-21,18,quantile,0.025,350.56
2020-11-08,2 wk ahead inc death,2020-11-21,18,quantile,0.5,369.80
2020-11-08,2 wk ahead inc death,2020-11-21,19,quantile,0.25,285.19
2020-11-08,2 wk ahead inc death,2020-11-21,19,quantile,0.5,291.62
2020-11-08,2 wk ahead inc death,2020-11-21,19,quantile,0.1,280.71
2020-11-08,2 wk ahead inc death,2020-11-21,19,quantile,0.9,300.57
2020-11-08,2 wk ahead inc death,2020-11-21,19,quantile,0.75,297.02
2020-11-08,2 wk ahead inc death,2020-11-21,19,quantile,0.025,268.97
2020-11-08,2 wk ahead inc death,2020-11-21,19,quantile,0.975,306.61
2020-11-08,2 wk ahead inc death,2020-11-21,20,quantile,0.025,152.76
2020-11-08,2 wk ahead inc death,2020-11-21,20,quantile,0.975,176.62
2020-11-08,2 wk ahead inc death,2020-11-21,20,quantile,0.5,165.23
2020-11-08,2 wk ahead inc death,2020-11-21,20,quantile,0.25,161.15
2020-11-08,2 wk ahead inc death,2020-11-21,20,quantile,0.75,169.39
2020-11-08,2 wk ahead inc death,2020-11-21,20,quantile,0.9,171.92
2020-11-08,2 wk ahead inc death,2020-11-21,20,quantile,0.1,156.23
2020-11-08,2 wk ahead inc death,2020-11-21,21,quantile,0.1,167.84
2020-11-08,2 wk ahead inc death,2020-11-21,21,quantile,0.25,171.04
2020-11-08,2 wk ahead inc death,2020-11-21,21,quantile,0.5,175.29
2020-11-08,2 wk ahead inc death,2020-11-21,21,quantile,0.9,185.17
2020-11-08,2 wk ahead inc death,2020-11-21,21,quantile,0.025,162.96
2020-11-08,2 wk ahead inc death,2020-11-21,21,quantile,0.975,190.17
2020-11-08,2 wk ahead inc death,2020-11-21,21,quantile,0.75,179.94
2020-11-08,2 wk ahead inc death,2020-11-21,22,quantile,0.5,88.31
2020-11-08,2 wk ahead inc death,2020-11-21,22,quantile,0.9,92.45
2020-11-08,2 wk ahead inc death,2020-11-21,22,quantile,0.025,80.48
2020-11-08,2 wk ahead inc death,2020-11-21,22,quantile,0.75,90.34
2020-11-08,2 wk ahead inc death,2020-11-21,22,quantile,0.975,95.05
2020-11-08,2 wk ahead inc death,2020-11-21,22,quantile,0.25,85.04
2020-11-08,2 wk ahead inc death,2020-11-21,22,quantile,0.1,82.66
2020-11-08,2 wk ahead inc death,2020-11-21,23,quantile,0.9,16.86
2020-11-08,2 wk ahead inc death,2020-11-21,23,quantile,0.75,16.23
2020-11-08,2 wk ahead inc death,2020-11-21,23,quantile,0.5,15.23
2020-11-08,2 wk ahead inc death,2020-11-21,23,quantile,0.025,12.95
2020-11-08,2 wk ahead inc death,2020-11-21,23,quantile,0.1,13.90
2020-11-08,2 wk ahead inc death,2020-11-21,23,quantile,0.25,14.49
2020-11-08,2 wk ahead inc death,2020-11-21,23,quantile,0.975,17.79
2020-11-08,2 wk ahead inc death,2020-11-21,24,quantile,0.5,92.64
2020-11-08,2 wk ahead inc death,2020-11-21,24,quantile,0.975,99.55
2020-11-08,2 wk ahead inc death,2020-11-21,24,quantile,0.025,83.44
2020-11-08,2 wk ahead inc death,2020-11-21,24,quantile,0.1,85.96
2020-11-08,2 wk ahead inc death,2020-11-21,24,quantile,0.9,97.66
2020-11-08,2 wk ahead inc death,2020-11-21,24,quantile,0.75,94.86
2020-11-08,2 wk ahead inc death,2020-11-21,24,quantile,0.25,89.11
2020-11-08,2 wk ahead inc death,2020-11-21,25,quantile,0.9,146.38
2020-11-08,2 wk ahead inc death,2020-11-21,25,quantile,0.975,148.65
2020-11-08,2 wk ahead inc death,2020-11-21,25,quantile,0.025,127.98
2020-11-08,2 wk ahead inc death,2020-11-21,25,quantile,0.75,143.36
2020-11-08,2 wk ahead inc death,2020-11-21,25,quantile,0.1,130.99
2020-11-08,2 wk ahead inc death,2020-11-21,25,quantile,0.5,137.92
2020-11-08,2 wk ahead inc death,2020-11-21,25,quantile,0.25,134.09
2020-11-08,2 wk ahead inc death,2020-11-21,26,quantile,0.75,414.34
2020-11-08,2 wk ahead inc death,2020-11-21,26,quantile,0.025,387.65
2020-11-08,2 wk ahead inc death,2020-11-21,26,quantile,0.1,392.46
2020-11-08,2 wk ahead inc death,2020-11-21,26,quantile,0.25,398.35
2020-11-08,2 wk ahead inc death,2020-11-21,26,quantile,0.9,419.92
2020-11-08,2 wk ahead inc death,2020-11-21,26,quantile,0.5,408.10
2020-11-08,2 wk ahead inc death,2020-11-21,26,quantile,0.975,429.59
2020-11-08,2 wk ahead inc death,2020-11-21,27,quantile,0.1,297.52
2020-11-08,2 wk ahead inc death,2020-11-21,27,quantile,0.025,293.28
2020-11-08,2 wk ahead inc death,2020-11-21,27,quantile,0.9,324.04
2020-11-08,2 wk ahead inc death,2020-11-21,27,quantile,0.5,312.69
2020-11-08,2 wk ahead inc death,2020-11-21,27,quantile,0.25,305.96
2020-11-08,2 wk ahead inc death,2020-11-21,27,quantile,0.75,319.26
2020-11-08,2 wk ahead inc death,2020-11-21,27,quantile,0.975,329.15
2020-11-08,2 wk ahead inc death,2020-11-21,28,quantile,0.5,118.18
2020-11-08,2 wk ahead inc death,2020-11-21,28,quantile,0.975,127.35
2020-11-08,2 wk ahead inc death,2020-11-21,28,quantile,0.25,115.47
2020-11-08,2 wk ahead inc death,2020-11-21,28,quantile,0.9,124.16
2020-11-08,2 wk ahead inc death,2020-11-21,28,quantile,0.1,112.74
2020-11-08,2 wk ahead inc death,2020-11-21,28,quantile,0.75,121.12
2020-11-08,2 wk ahead inc death,2020-11-21,28,quantile,0.025,110.42
2020-11-08,2 wk ahead inc death,2020-11-21,29,quantile,0.75,281.28
2020-11-08,2 wk ahead inc death,2020-11-21,29,quantile,0.9,287.39
2020-11-08,2 wk ahead inc death,2020-11-21,29,quantile,0.975,292.49
2020-11-08,2 wk ahead inc death,2020-11-21,29,quantile,0.5,273.76
2020-11-08,2 wk ahead inc death,2020-11-21,29,quantile,0.1,262.58
2020-11-08,2 wk ahead inc death,2020-11-21,29,quantile,0.025,255.49
2020-11-08,2 wk ahead inc death,2020-11-21,29,quantile,0.25,267.75
2020-11-08,2 wk ahead inc death,2020-11-21,30,quantile,0.975,97.80
2020-11-08,2 wk ahead inc death,2020-11-21,30,quantile,0.75,92.94
2020-11-08,2 wk ahead inc death,2020-11-21,30,quantile,0.025,82.29
2020-11-08,2 wk ahead inc death,2020-11-21,30,quantile,0.9,96.05
2020-11-08,2 wk ahead inc death,2020-11-21,30,quantile,0.1,84.71
2020-11-08,2 wk ahead inc death,2020-11-21,30,quantile,0.5,90.39
2020-11-08,2 wk ahead inc death,2020-11-21,30,quantile,0.25,87.12
2020-11-08,2 wk ahead inc death,2020-11-21,31,quantile,0.1,130.42
2020-11-08,2 wk ahead inc death,2020-11-21,31,quantile,0.025,126.91
2020-11-08,2 wk ahead inc death,2020-11-21,31,quantile,0.9,145.22
2020-11-08,2 wk ahead inc death,2020-11-21,31,quantile,0.25,135.11
2020-11-08,2 wk ahead inc death,2020-11-21,31,quantile,0.75,142.97
2020-11-08,2 wk ahead inc death,2020-11-21,31,quantile,0.5,138.88
2020-11-08,2 wk ahead inc death,2020-11-21,31,quantile,0.975,148.22
2020-11-08,2 wk ahead inc death,2020-11-21,32,quantile,0.975,107.34
2020-11-08,2 wk ahead inc death,2020-11-21,32,quantile,0.9,97.54
2020-11-08,2 wk ahead inc death,2020-11-21,32,quantile,0.25,83.06
2020-11-08,2 wk ahead inc death,2020-11-21,32,quantile,0.025,76.39
2020-11-08,2 wk ahead inc death,2020-11-21,32,quantile,0.75,92.82
2020-11-08,2 wk ahead inc death,2020-11-21,32,quantile,0.5,87.20
2020-11-08,2 wk ahead inc death,2020-11-21,32,quantile,0.1,80.10
2020-11-08,2 wk ahead inc death,2020-11-21,33,quantile,0.9,19.12
2020-11-08,2 wk ahead inc death,2020-11-21,33,quantile,0.25,15.96
2020-11-08,2 wk ahead inc death,2020-11-21,33,quantile,0.025,13.39
2020-11-08,2 wk ahead inc death,2020-11-21,33,quantile,0.1,15.05
2020-11-08,2 wk ahead inc death,2020-11-21,33,quantile,0.5,16.82
2020-11-08,2 wk ahead inc death,2020-11-21,33,quantile,0.975,20.20
2020-11-08,2 wk ahead inc death,2020-11-21,33,quantile,0.75,18.26
2020-11-08,2 wk ahead inc death,2020-11-21,34,quantile,0.975,174.23
2020-11-08,2 wk ahead inc death,2020-11-21,34,quantile,0.75,160.22
2020-11-08,2 wk ahead inc death,2020-11-21,34,quantile,0.9,168.62
2020-11-08,2 wk ahead inc death,2020-11-21,34,quantile,0.1,146.81
2020-11-08,2 wk ahead inc death,2020-11-21,34,quantile,0.5,156.75
2020-11-08,2 wk ahead inc death,2020-11-21,34,quantile,0.025,142.39
2020-11-08,2 wk ahead inc death,2020-11-21,34,quantile,0.25,151.15
2020-11-08,2 wk ahead inc death,2020-11-21,35,quantile,0.75,102.76
2020-11-08,2 wk ahead inc death,2020-11-21,35,quantile,0.9,105.07
2020-11-08,2 wk ahead inc death,2020-11-21,35,quantile,0.1,95.69
2020-11-08,2 wk ahead inc death,2020-11-21,35,quantile,0.25,97.14
2020-11-08,2 wk ahead inc death,2020-11-21,35,quantile,0.025,93.20
2020-11-08,2 wk ahead inc death,2020-11-21,35,quantile,0.5,100.21
2020-11-08,2 wk ahead inc death,2020-11-21,35,quantile,0.975,111.86
2020-11-08,2 wk ahead inc death,2020-11-21,36,quantile,0.25,230.40
2020-11-08,2 wk ahead inc death,2020-11-21,36,quantile,0.1,225.14
2020-11-08,2 wk ahead inc death,2020-11-21,36,quantile,0.5,234.62
2020-11-08,2 wk ahead inc death,2020-11-21,36,quantile,0.9,245.50
2020-11-08,2 wk ahead inc death,2020-11-21,36,quantile,0.75,240.62
2020-11-08,2 wk ahead inc death,2020-11-21,36,quantile,0.975,253.07
2020-11-08,2 wk ahead inc death,2020-11-21,36,quantile,0.025,220.26
2020-11-08,2 wk ahead inc death,2020-11-21,37,quantile,0.1,243.60
2020-11-08,2 wk ahead inc death,2020-11-21,37,quantile,0.9,263.60
2020-11-08,2 wk ahead inc death,2020-11-21,37,quantile,0.75,259.02
2020-11-08,2 wk ahead inc death,2020-11-21,37,quantile,0.25,247.79
2020-11-08,2 wk ahead inc death,2020-11-21,37,quantile,0.025,239.70
2020-11-08,2 wk ahead inc death,2020-11-21,37,quantile,0.975,269.64
2020-11-08,2 wk ahead inc death,2020-11-21,37,quantile,0.5,252.58
2020-11-08,2 wk ahead inc death,2020-11-21,38,quantile,0.025,118.17
2020-11-08,2 wk ahead inc death,2020-11-21,38,quantile,0.75,130.76
2020-11-08,2 wk ahead inc death,2020-11-21,38,quantile,0.975,136.53
2020-11-08,2 wk ahead inc death,2020-11-21,38,quantile,0.1,120.82
2020-11-08,2 wk ahead inc death,2020-11-21,38,quantile,0.5,126.44
2020-11-08,2 wk ahead inc death,2020-11-21,38,quantile,0.25,123.68
2020-11-08,2 wk ahead inc death,2020-11-21,38,quantile,0.9,134.26
2020-11-08,2 wk ahead inc death,2020-11-21,39,quantile,0.975,415.22
2020-11-08,2 wk ahead inc death,2020-11-21,39,quantile,0.75,400.74
2020-11-08,2 wk ahead inc death,2020-11-21,39,quantile,0.025,368.87
2020-11-08,2 wk ahead inc death,2020-11-21,39,quantile,0.1,374.01
2020-11-08,2 wk ahead inc death,2020-11-21,39,quantile,0.25,382.61
2020-11-08,2 wk ahead inc death,2020-11-21,39,quantile,0.9,408.34
2020-11-08,2 wk ahead inc death,2020-11-21,39,quantile,0.5,391.99
2020-11-08,2 wk ahead inc death,2020-11-21,40,quantile,0.9,149.89
2020-11-08,2 wk ahead inc death,2020-11-21,40,quantile,0.75,146.24
2020-11-08,2 wk ahead inc death,2020-11-21,40,quantile,0.5,142.19
2020-11-08,2 wk ahead inc death,2020-11-21,40,quantile,0.025,131.89
2020-11-08,2 wk ahead inc death,2020-11-21,40,quantile,0.975,152.32
2020-11-08,2 wk ahead inc death,2020-11-21,40,quantile,0.25,138.88
2020-11-08,2 wk ahead inc death,2020-11-21,40,quantile,0.1,134.26
2020-11-08,2 wk ahead inc death,2020-11-21,41,quantile,0.9,71.09
2020-11-08,2 wk ahead inc death,2020-11-21,41,quantile,0.975,73.59
2020-11-08,2 wk ahead inc death,2020-11-21,41,quantile,0.75,68.21
2020-11-08,2 wk ahead inc death,2020-11-21,41,quantile,0.025,58.90
2020-11-08,2 wk ahead inc death,2020-11-21,41,quantile,0.25,64.08
2020-11-08,2 wk ahead inc death,2020-11-21,41,quantile,0.5,66.19
2020-11-08,2 wk ahead inc death,2020-11-21,41,quantile,0.1,60.83
2020-11-08,2 wk ahead inc death,2020-11-21,42,quantile,0.975,281.17
2020-11-08,2 wk ahead inc death,2020-11-21,42,quantile,0.9,275.48
2020-11-08,2 wk ahead inc death,2020-11-21,42,quantile,0.025,250.32
2020-11-08,2 wk ahead inc death,2020-11-21,42,quantile,0.1,256.44
2020-11-08,2 wk ahead inc death,2020-11-21,42,quantile,0.25,260.31
2020-11-08,2 wk ahead inc death,2020-11-21,42,quantile,0.75,272.31
2020-11-08,2 wk ahead inc death,2020-11-21,42,quantile,0.5,265.91
2020-11-08,2 wk ahead inc death,2020-11-21,44,quantile,0.1,25.99
2020-11-08,2 wk ahead inc death,2020-11-21,44,quantile,0.25,27.16
2020-11-08,2 wk ahead inc death,2020-11-21,44,quantile,0.75,29.75
2020-11-08,2 wk ahead inc death,2020-11-21,44,quantile,0.5,28.55
2020-11-08,2 wk ahead inc death,2020-11-21,44,quantile,0.975,32.39
2020-11-08,2 wk ahead inc death,2020-11-21,44,quantile,0.9,30.13
2020-11-08,2 wk ahead inc death,2020-11-21,44,quantile,0.025,24.82
2020-11-08,2 wk ahead inc death,2020-11-21,45,quantile,0.5,130.70
2020-11-08,2 wk ahead inc death,2020-11-21,45,quantile,0.025,120.95
2020-11-08,2 wk ahead inc death,2020-11-21,45,quantile,0.25,127.88
2020-11-08,2 wk ahead inc death,2020-11-21,45,quantile,0.1,124.45
2020-11-08,2 wk ahead inc death,2020-11-21,45,quantile,0.9,137.62
2020-11-08,2 wk ahead inc death,2020-11-21,45,quantile,0.75,134.04
2020-11-08,2 wk ahead inc death,2020-11-21,45,quantile,0.975,141.16
2020-11-08,2 wk ahead inc death,2020-11-21,46,quantile,0.975,131.84
2020-11-08,2 wk ahead inc death,2020-11-21,46,quantile,0.1,114.46
2020-11-08,2 wk ahead inc death,2020-11-21,46,quantile,0.9,129.16
2020-11-08,2 wk ahead inc death,2020-11-21,46,quantile,0.025,111.60
2020-11-08,2 wk ahead inc death,2020-11-21,46,quantile,0.25,117.81
2020-11-08,2 wk ahead inc death,2020-11-21,46,quantile,0.75,124.74
2020-11-08,2 wk ahead inc death,2020-11-21,46,quantile,0.5,120.71
2020-11-08,2 wk ahead inc death,2020-11-21,47,quantile,0.9,268.70
2020-11-08,2 wk ahead inc death,2020-11-21,47,quantile,0.25,252.08
2020-11-08,2 wk ahead inc death,2020-11-21,47,quantile,0.5,259.48
2020-11-08,2 wk ahead inc death,2020-11-21,47,quantile,0.975,271.81
2020-11-08,2 wk ahead inc death,2020-11-21,47,quantile,0.1,246.79
2020-11-08,2 wk ahead inc death,2020-11-21,47,quantile,0.75,262.93
2020-11-08,2 wk ahead inc death,2020-11-21,47,quantile,0.025,243.03
2020-11-08,2 wk ahead inc death,2020-11-21,48,quantile,0.25,760.65
2020-11-08,2 wk ahead inc death,2020-11-21,48,quantile,0.5,781.77
2020-11-08,2 wk ahead inc death,2020-11-21,48,quantile,0.975,844.03
2020-11-08,2 wk ahead inc death,2020-11-21,48,quantile,0.025,724.13
2020-11-08,2 wk ahead inc death,2020-11-21,48,quantile,0.1,741.52
2020-11-08,2 wk ahead inc death,2020-11-21,48,quantile,0.75,803.94
2020-11-08,2 wk ahead inc death,2020-11-21,48,quantile,0.9,821.64
2020-11-08,2 wk ahead inc death,2020-11-21,49,quantile,0.75,106.44
2020-11-08,2 wk ahead inc death,2020-11-21,49,quantile,0.9,110.68
2020-11-08,2 wk ahead inc death,2020-11-21,49,quantile,0.1,93.73
2020-11-08,2 wk ahead inc death,2020-11-21,49,quantile,0.025,89.28
2020-11-08,2 wk ahead inc death,2020-11-21,49,quantile,0.25,97.40
2020-11-08,2 wk ahead inc death,2020-11-21,49,quantile,0.5,103.03
2020-11-08,2 wk ahead inc death,2020-11-21,49,quantile,0.975,115.19
2020-11-08,2 wk ahead inc death,2020-11-21,50,quantile,0.5,4.43
2020-11-08,2 wk ahead inc death,2020-11-21,50,quantile,0.25,3.96
2020-11-08,2 wk ahead inc death,2020-11-21,50,quantile,0.9,5.79
2020-11-08,2 wk ahead inc death,2020-11-21,50,quantile,0.975,6.14
2020-11-08,2 wk ahead inc death,2020-11-21,50,quantile,0.1,3.61
2020-11-08,2 wk ahead inc death,2020-11-21,50,quantile,0.75,5.17
2020-11-08,2 wk ahead inc death,2020-11-21,50,quantile,0.025,3.37
2020-11-08,2 wk ahead inc death,2020-11-21,51,quantile,0.975,144.76
2020-11-08,2 wk ahead inc death,2020-11-21,51,quantile,0.1,127.82
2020-11-08,2 wk ahead inc death,2020-11-21,51,quantile,0.5,133.55
2020-11-08,2 wk ahead inc death,2020-11-21,51,quantile,0.25,129.80
2020-11-08,2 wk ahead inc death,2020-11-21,51,quantile,0.75,138.67
2020-11-08,2 wk ahead inc death,2020-11-21,51,quantile,0.9,142.62
2020-11-08,2 wk ahead inc death,2020-11-21,51,quantile,0.025,124.49
2020-11-08,2 wk ahead inc death,2020-11-21,53,quantile,0.25,105.98
2020-11-08,2 wk ahead inc death,2020-11-21,53,quantile,0.025,100.31
2020-11-08,2 wk ahead inc death,2020-11-21,53,quantile,0.1,103.92
2020-11-08,2 wk ahead inc death,2020-11-21,53,quantile,0.975,120.61
2020-11-08,2 wk ahead inc death,2020-11-21,53,quantile,0.9,116.31
2020-11-08,2 wk ahead inc death,2020-11-21,53,quantile,0.5,110.41
2020-11-08,2 wk ahead inc death,2020-11-21,53,quantile,0.75,113.71
2020-11-08,2 wk ahead inc death,2020-11-21,54,quantile,0.75,59.11
2020-11-08,2 wk ahead inc death,2020-11-21,54,quantile,0.5,56.47
2020-11-08,2 wk ahead inc death,2020-11-21,54,quantile,0.025,50.28
2020-11-08,2 wk ahead inc death,2020-11-21,54,quantile,0.975,63.99
2020-11-08,2 wk ahead inc death,2020-11-21,54,quantile,0.25,53.91
2020-11-08,2 wk ahead inc death,2020-11-21,54,quantile,0.9,61.40
2020-11-08,2 wk ahead inc death,2020-11-21,54,quantile,0.1,52.06
2020-11-08,2 wk ahead inc death,2020-11-21,55,quantile,0.025,402.88
2020-11-08,2 wk ahead inc death,2020-11-21,55,quantile,0.975,446.68
2020-11-08,2 wk ahead inc death,2020-11-21,55,quantile,0.75,430.85
2020-11-08,2 wk ahead inc death,2020-11-21,55,quantile,0.5,423.93
2020-11-08,2 wk ahead inc death,2020-11-21,55,quantile,0.9,437.59
2020-11-08,2 wk ahead inc death,2020-11-21,55,quantile,0.1,409.94
2020-11-08,2 wk ahead inc death,2020-11-21,55,quantile,0.25,416.51
2020-11-08,2 wk ahead inc death,2020-11-21,56,quantile,0.9,53.13
2020-11-08,2 wk ahead inc death,2020-11-21,56,quantile,0.75,50.39
2020-11-08,2 wk ahead inc death,2020-11-21,56,quantile,0.5,48.95
2020-11-08,2 wk ahead inc death,2020-11-21,56,quantile,0.25,46.45
2020-11-08,2 wk ahead inc death,2020-11-21,56,quantile,0.025,43.75
2020-11-08,2 wk ahead inc death,2020-11-21,56,quantile,0.1,44.59
2020-11-08,2 wk ahead inc death,2020-11-21,56,quantile,0.975,55.74
2020-11-08,1 wk ahead inc death,2020-11-14,US,point,NA,8012.58
2020-11-08,1 wk ahead inc death,2020-11-14,US,quantile,0.025,7786.61
2020-11-08,1 wk ahead inc death,2020-11-14,US,quantile,0.1,7850.26
2020-11-08,1 wk ahead inc death,2020-11-14,US,quantile,0.25,7954.02
2020-11-08,1 wk ahead inc death,2020-11-14,US,quantile,0.5,8009.28
2020-11-08,1 wk ahead inc death,2020-11-14,US,quantile,0.75,8073.90
2020-11-08,1 wk ahead inc death,2020-11-14,US,quantile,0.9,8172.15
2020-11-08,1 wk ahead inc death,2020-11-14,US,quantile,0.975,8266.77
2020-11-08,2 wk ahead inc death,2020-11-21,US,point,NA,9691.89
2020-11-08,2 wk ahead inc death,2020-11-21,US,quantile,0.025,9280.64
2020-11-08,2 wk ahead inc death,2020-11-21,US,quantile,0.1,9481.81
2020-11-08,2 wk ahead inc death,2020-11-21,US,quantile,0.25,9574.71
2020-11-08,2 wk ahead inc death,2020-11-21,US,quantile,0.5,9706.28
2020-11-08,2 wk ahead inc death,2020-11-21,US,quantile,0.75,9821.60
2020-11-08,2 wk ahead inc death,2020-11-21,US,quantile,0.9,9928.08
2020-11-08,2 wk ahead inc death,2020-11-21,US,quantile,0.975,10029.02
