forecast_date,target,target_end_date,location,type,quantile,value
2020-11-15,1 wk ahead inc death,2020-11-21,01,point,NA,157.63
2020-11-15,1 wk ahead inc death,2020-11-21,02,point,NA,21.46
2020-11-15,1 wk ahead inc death,2020-11-21,04,point,NA,147.29
2020-11-15,1 wk ahead inc death,2020-11-21,05,point,NA,111.42
2020-11-15,1 wk ahead inc death,2020-11-21,06,point,NA,366.94
2020-11-15,1 wk ahead inc death,2020-11-21,08,point,NA,169.13
2020-11-15,1 wk ahead inc death,2020-11-21,09,point,NA,68.62
2020-11-15,1 wk ahead inc death,2020-11-21,10,point,NA,20.92
2020-11-15,1 wk ahead inc death,2020-11-21,11,point,NA,5.68
2020-11-15,1 wk ahead inc death,2020-11-21,12,point,NA,390.44
2020-11-15,1 wk ahead inc death,2020-11-21,13,point,NA,294.70
2020-11-15,1 wk ahead inc death,2020-11-21,15,point,NA,4.52
2020-11-15,1 wk ahead inc death,2020-11-21,16,point,NA,79.38
2020-11-15,1 wk ahead inc death,2020-11-21,17,point,NA,596.59
2020-11-15,1 wk ahead inc death,2020-11-21,18,point,NA,329.99
2020-11-15,1 wk ahead inc death,2020-11-21,19,point,NA,212.04
2020-11-15,1 wk ahead inc death,2020-11-21,20,point,NA,116.76
2020-11-15,1 wk ahead inc death,2020-11-21,21,point,NA,144.61
2020-11-15,1 wk ahead inc death,2020-11-21,22,point,NA,102.48
2020-11-15,1 wk ahead inc death,2020-11-21,23,point,NA,11.86
2020-11-15,1 wk ahead inc death,2020-11-21,24,point,NA,96.50
2020-11-15,1 wk ahead inc death,2020-11-21,25,point,NA,149.27
2020-11-15,1 wk ahead inc death,2020-11-21,26,point,NA,398.52
2020-11-15,1 wk ahead inc death,2020-11-21,27,point,NA,289.52
2020-11-15,1 wk ahead inc death,2020-11-21,28,point,NA,108.66
2020-11-15,1 wk ahead inc death,2020-11-21,29,point,NA,247.62
2020-11-15,1 wk ahead inc death,2020-11-21,30,point,NA,72.80
2020-11-15,1 wk ahead inc death,2020-11-21,31,point,NA,103.09
2020-11-15,1 wk ahead inc death,2020-11-21,32,point,NA,69.45
2020-11-15,1 wk ahead inc death,2020-11-21,33,point,NA,13.10
2020-11-15,1 wk ahead inc death,2020-11-21,34,point,NA,147.17
2020-11-15,1 wk ahead inc death,2020-11-21,35,point,NA,108.63
2020-11-15,1 wk ahead inc death,2020-11-21,36,point,NA,197.13
2020-11-15,1 wk ahead inc death,2020-11-21,37,point,NA,182.37
2020-11-15,1 wk ahead inc death,2020-11-21,38,point,NA,89.20
2020-11-15,1 wk ahead inc death,2020-11-21,39,point,NA,313.29
2020-11-15,1 wk ahead inc death,2020-11-21,40,point,NA,139.75
2020-11-15,1 wk ahead inc death,2020-11-21,41,point,NA,54.77
2020-11-15,1 wk ahead inc death,2020-11-21,42,point,NA,262.13
2020-11-15,1 wk ahead inc death,2020-11-21,44,point,NA,28.11
2020-11-15,1 wk ahead inc death,2020-11-21,45,point,NA,117.26
2020-11-15,1 wk ahead inc death,2020-11-21,46,point,NA,99.50
2020-11-15,1 wk ahead inc death,2020-11-21,47,point,NA,278.64
2020-11-15,1 wk ahead inc death,2020-11-21,48,point,NA,754.86
2020-11-15,1 wk ahead inc death,2020-11-21,49,point,NA,69.20
2020-11-15,1 wk ahead inc death,2020-11-21,50,point,NA,3.36
2020-11-15,1 wk ahead inc death,2020-11-21,51,point,NA,100.69
2020-11-15,1 wk ahead inc death,2020-11-21,53,point,NA,86.61
2020-11-15,1 wk ahead inc death,2020-11-21,54,point,NA,67.62
2020-11-15,1 wk ahead inc death,2020-11-21,55,point,NA,267.90
2020-11-15,1 wk ahead inc death,2020-11-21,56,point,NA,40.21
2020-11-15,1 wk ahead inc death,2020-11-21,01,quantile,0.025,149.07
2020-11-15,1 wk ahead inc death,2020-11-21,01,quantile,0.975,167.59
2020-11-15,1 wk ahead inc death,2020-11-21,01,quantile,0.1,150.95
2020-11-15,1 wk ahead inc death,2020-11-21,01,quantile,0.75,160.44
2020-11-15,1 wk ahead inc death,2020-11-21,01,quantile,0.5,156.98
2020-11-15,1 wk ahead inc death,2020-11-21,01,quantile,0.9,165.82
2020-11-15,1 wk ahead inc death,2020-11-21,01,quantile,0.25,154.28
2020-11-15,1 wk ahead inc death,2020-11-21,02,quantile,0.1,20.28
2020-11-15,1 wk ahead inc death,2020-11-21,02,quantile,0.5,21.32
2020-11-15,1 wk ahead inc death,2020-11-21,02,quantile,0.975,23.64
2020-11-15,1 wk ahead inc death,2020-11-21,02,quantile,0.25,20.90
2020-11-15,1 wk ahead inc death,2020-11-21,02,quantile,0.75,22.19
2020-11-15,1 wk ahead inc death,2020-11-21,02,quantile,0.025,19.49
2020-11-15,1 wk ahead inc death,2020-11-21,02,quantile,0.9,22.71
2020-11-15,1 wk ahead inc death,2020-11-21,04,quantile,0.25,144.62
2020-11-15,1 wk ahead inc death,2020-11-21,04,quantile,0.9,153.06
2020-11-15,1 wk ahead inc death,2020-11-21,04,quantile,0.5,147.51
2020-11-15,1 wk ahead inc death,2020-11-21,04,quantile,0.75,149.85
2020-11-15,1 wk ahead inc death,2020-11-21,04,quantile,0.1,141.34
2020-11-15,1 wk ahead inc death,2020-11-21,04,quantile,0.025,137.84
2020-11-15,1 wk ahead inc death,2020-11-21,04,quantile,0.975,155.56
2020-11-15,1 wk ahead inc death,2020-11-21,05,quantile,0.5,111.02
2020-11-15,1 wk ahead inc death,2020-11-21,05,quantile,0.1,107.51
2020-11-15,1 wk ahead inc death,2020-11-21,05,quantile,0.25,109.04
2020-11-15,1 wk ahead inc death,2020-11-21,05,quantile,0.9,115.35
2020-11-15,1 wk ahead inc death,2020-11-21,05,quantile,0.025,105.16
2020-11-15,1 wk ahead inc death,2020-11-21,05,quantile,0.975,117.24
2020-11-15,1 wk ahead inc death,2020-11-21,05,quantile,0.75,114.24
2020-11-15,1 wk ahead inc death,2020-11-21,06,quantile,0.1,350.81
2020-11-15,1 wk ahead inc death,2020-11-21,06,quantile,0.25,358.42
2020-11-15,1 wk ahead inc death,2020-11-21,06,quantile,0.9,383.11
2020-11-15,1 wk ahead inc death,2020-11-21,06,quantile,0.975,395.18
2020-11-15,1 wk ahead inc death,2020-11-21,06,quantile,0.75,376.64
2020-11-15,1 wk ahead inc death,2020-11-21,06,quantile,0.5,365.61
2020-11-15,1 wk ahead inc death,2020-11-21,06,quantile,0.025,344.78
2020-11-15,1 wk ahead inc death,2020-11-21,08,quantile,0.75,171.39
2020-11-15,1 wk ahead inc death,2020-11-21,08,quantile,0.1,163.84
2020-11-15,1 wk ahead inc death,2020-11-21,08,quantile,0.5,168.85
2020-11-15,1 wk ahead inc death,2020-11-21,08,quantile,0.25,165.97
2020-11-15,1 wk ahead inc death,2020-11-21,08,quantile,0.975,178.22
2020-11-15,1 wk ahead inc death,2020-11-21,08,quantile,0.025,161.30
2020-11-15,1 wk ahead inc death,2020-11-21,08,quantile,0.9,175.08
2020-11-15,1 wk ahead inc death,2020-11-21,09,quantile,0.025,64.12
2020-11-15,1 wk ahead inc death,2020-11-21,09,quantile,0.75,69.88
2020-11-15,1 wk ahead inc death,2020-11-21,09,quantile,0.25,66.57
2020-11-15,1 wk ahead inc death,2020-11-21,09,quantile,0.9,72.10
2020-11-15,1 wk ahead inc death,2020-11-21,09,quantile,0.5,68.37
2020-11-15,1 wk ahead inc death,2020-11-21,09,quantile,0.975,73.97
2020-11-15,1 wk ahead inc death,2020-11-21,09,quantile,0.1,65.61
2020-11-15,1 wk ahead inc death,2020-11-21,10,quantile,0.9,22.52
2020-11-15,1 wk ahead inc death,2020-11-21,10,quantile,0.975,23.76
2020-11-15,1 wk ahead inc death,2020-11-21,10,quantile,0.5,20.79
2020-11-15,1 wk ahead inc death,2020-11-21,10,quantile,0.25,20.16
2020-11-15,1 wk ahead inc death,2020-11-21,10,quantile,0.75,21.56
2020-11-15,1 wk ahead inc death,2020-11-21,10,quantile,0.025,18.51
2020-11-15,1 wk ahead inc death,2020-11-21,10,quantile,0.1,19.41
2020-11-15,1 wk ahead inc death,2020-11-21,11,quantile,0.025,4.37
2020-11-15,1 wk ahead inc death,2020-11-21,11,quantile,0.25,5.22
2020-11-15,1 wk ahead inc death,2020-11-21,11,quantile,0.1,4.83
2020-11-15,1 wk ahead inc death,2020-11-21,11,quantile,0.9,6.66
2020-11-15,1 wk ahead inc death,2020-11-21,11,quantile,0.975,7.04
2020-11-15,1 wk ahead inc death,2020-11-21,11,quantile,0.5,5.53
2020-11-15,1 wk ahead inc death,2020-11-21,11,quantile,0.75,6.13
2020-11-15,1 wk ahead inc death,2020-11-21,12,quantile,0.1,377.78
2020-11-15,1 wk ahead inc death,2020-11-21,12,quantile,0.9,401.40
2020-11-15,1 wk ahead inc death,2020-11-21,12,quantile,0.5,391.04
2020-11-15,1 wk ahead inc death,2020-11-21,12,quantile,0.25,383.26
2020-11-15,1 wk ahead inc death,2020-11-21,12,quantile,0.025,373.95
2020-11-15,1 wk ahead inc death,2020-11-21,12,quantile,0.975,407.94
2020-11-15,1 wk ahead inc death,2020-11-21,12,quantile,0.75,396.93
2020-11-15,1 wk ahead inc death,2020-11-21,13,quantile,0.25,289.35
2020-11-15,1 wk ahead inc death,2020-11-21,13,quantile,0.75,300.14
2020-11-15,1 wk ahead inc death,2020-11-21,13,quantile,0.5,293.55
2020-11-15,1 wk ahead inc death,2020-11-21,13,quantile,0.9,305.78
2020-11-15,1 wk ahead inc death,2020-11-21,13,quantile,0.1,285.92
2020-11-15,1 wk ahead inc death,2020-11-21,13,quantile,0.975,308.61
2020-11-15,1 wk ahead inc death,2020-11-21,13,quantile,0.025,281.42
2020-11-15,1 wk ahead inc death,2020-11-21,15,quantile,0.975,5.61
2020-11-15,1 wk ahead inc death,2020-11-21,15,quantile,0.9,5.19
2020-11-15,1 wk ahead inc death,2020-11-21,15,quantile,0.1,3.83
2020-11-15,1 wk ahead inc death,2020-11-21,15,quantile,0.25,4.17
2020-11-15,1 wk ahead inc death,2020-11-21,15,quantile,0.75,4.85
2020-11-15,1 wk ahead inc death,2020-11-21,15,quantile,0.5,4.54
2020-11-15,1 wk ahead inc death,2020-11-21,15,quantile,0.025,3.53
2020-11-15,1 wk ahead inc death,2020-11-21,16,quantile,0.025,73.38
2020-11-15,1 wk ahead inc death,2020-11-21,16,quantile,0.5,79.42
2020-11-15,1 wk ahead inc death,2020-11-21,16,quantile,0.25,77.78
2020-11-15,1 wk ahead inc death,2020-11-21,16,quantile,0.975,84.46
2020-11-15,1 wk ahead inc death,2020-11-21,16,quantile,0.75,81.45
2020-11-15,1 wk ahead inc death,2020-11-21,16,quantile,0.9,82.76
2020-11-15,1 wk ahead inc death,2020-11-21,16,quantile,0.1,75.71
2020-11-15,1 wk ahead inc death,2020-11-21,17,quantile,0.25,589.35
2020-11-15,1 wk ahead inc death,2020-11-21,17,quantile,0.75,604.93
2020-11-15,1 wk ahead inc death,2020-11-21,17,quantile,0.5,597.37
2020-11-15,1 wk ahead inc death,2020-11-21,17,quantile,0.9,613.67
2020-11-15,1 wk ahead inc death,2020-11-21,17,quantile,0.1,580.53
2020-11-15,1 wk ahead inc death,2020-11-21,17,quantile,0.975,619.09
2020-11-15,1 wk ahead inc death,2020-11-21,17,quantile,0.025,568.30
2020-11-15,1 wk ahead inc death,2020-11-21,18,quantile,0.9,338.04
2020-11-15,1 wk ahead inc death,2020-11-21,18,quantile,0.75,333.67
2020-11-15,1 wk ahead inc death,2020-11-21,18,quantile,0.1,321.81
2020-11-15,1 wk ahead inc death,2020-11-21,18,quantile,0.975,341.58
2020-11-15,1 wk ahead inc death,2020-11-21,18,quantile,0.25,326.36
2020-11-15,1 wk ahead inc death,2020-11-21,18,quantile,0.025,317.20
2020-11-15,1 wk ahead inc death,2020-11-21,18,quantile,0.5,330.27
2020-11-15,1 wk ahead inc death,2020-11-21,19,quantile,0.25,208.71
2020-11-15,1 wk ahead inc death,2020-11-21,19,quantile,0.5,212.27
2020-11-15,1 wk ahead inc death,2020-11-21,19,quantile,0.1,206.23
2020-11-15,1 wk ahead inc death,2020-11-21,19,quantile,0.9,218.42
2020-11-15,1 wk ahead inc death,2020-11-21,19,quantile,0.75,215.85
2020-11-15,1 wk ahead inc death,2020-11-21,19,quantile,0.025,202.91
2020-11-15,1 wk ahead inc death,2020-11-21,19,quantile,0.975,222.81
2020-11-15,1 wk ahead inc death,2020-11-21,20,quantile,0.025,110.68
2020-11-15,1 wk ahead inc death,2020-11-21,20,quantile,0.975,125.44
2020-11-15,1 wk ahead inc death,2020-11-21,20,quantile,0.5,116.22
2020-11-15,1 wk ahead inc death,2020-11-21,20,quantile,0.25,114.33
2020-11-15,1 wk ahead inc death,2020-11-21,20,quantile,0.75,119.17
2020-11-15,1 wk ahead inc death,2020-11-21,20,quantile,0.9,121.18
2020-11-15,1 wk ahead inc death,2020-11-21,20,quantile,0.1,112.91
2020-11-15,1 wk ahead inc death,2020-11-21,21,quantile,0.1,139.07
2020-11-15,1 wk ahead inc death,2020-11-21,21,quantile,0.25,142.36
2020-11-15,1 wk ahead inc death,2020-11-21,21,quantile,0.5,144.93
2020-11-15,1 wk ahead inc death,2020-11-21,21,quantile,0.9,149.52
2020-11-15,1 wk ahead inc death,2020-11-21,21,quantile,0.025,136.64
2020-11-15,1 wk ahead inc death,2020-11-21,21,quantile,0.975,150.99
2020-11-15,1 wk ahead inc death,2020-11-21,21,quantile,0.75,147.23
2020-11-15,1 wk ahead inc death,2020-11-21,22,quantile,0.5,102.43
2020-11-15,1 wk ahead inc death,2020-11-21,22,quantile,0.9,106.47
2020-11-15,1 wk ahead inc death,2020-11-21,22,quantile,0.025,97.23
2020-11-15,1 wk ahead inc death,2020-11-21,22,quantile,0.75,104.86
2020-11-15,1 wk ahead inc death,2020-11-21,22,quantile,0.975,108.75
2020-11-15,1 wk ahead inc death,2020-11-21,22,quantile,0.25,100.34
2020-11-15,1 wk ahead inc death,2020-11-21,22,quantile,0.1,98.46
2020-11-15,1 wk ahead inc death,2020-11-21,23,quantile,0.9,13.07
2020-11-15,1 wk ahead inc death,2020-11-21,23,quantile,0.75,12.53
2020-11-15,1 wk ahead inc death,2020-11-21,23,quantile,0.5,11.79
2020-11-15,1 wk ahead inc death,2020-11-21,23,quantile,0.025,10.33
2020-11-15,1 wk ahead inc death,2020-11-21,23,quantile,0.1,10.68
2020-11-15,1 wk ahead inc death,2020-11-21,23,quantile,0.25,11.29
2020-11-15,1 wk ahead inc death,2020-11-21,23,quantile,0.975,13.44
2020-11-15,1 wk ahead inc death,2020-11-21,24,quantile,0.5,97.05
2020-11-15,1 wk ahead inc death,2020-11-21,24,quantile,0.975,102.30
2020-11-15,1 wk ahead inc death,2020-11-21,24,quantile,0.025,90.75
2020-11-15,1 wk ahead inc death,2020-11-21,24,quantile,0.1,91.95
2020-11-15,1 wk ahead inc death,2020-11-21,24,quantile,0.9,100.57
2020-11-15,1 wk ahead inc death,2020-11-21,24,quantile,0.75,98.66
2020-11-15,1 wk ahead inc death,2020-11-21,24,quantile,0.25,94.05
2020-11-15,1 wk ahead inc death,2020-11-21,25,quantile,0.9,153.59
2020-11-15,1 wk ahead inc death,2020-11-21,25,quantile,0.975,156.46
2020-11-15,1 wk ahead inc death,2020-11-21,25,quantile,0.025,141.38
2020-11-15,1 wk ahead inc death,2020-11-21,25,quantile,0.75,151.68
2020-11-15,1 wk ahead inc death,2020-11-21,25,quantile,0.1,144.56
2020-11-15,1 wk ahead inc death,2020-11-21,25,quantile,0.5,148.94
2020-11-15,1 wk ahead inc death,2020-11-21,25,quantile,0.25,147.37
2020-11-15,1 wk ahead inc death,2020-11-21,26,quantile,0.75,404.97
2020-11-15,1 wk ahead inc death,2020-11-21,26,quantile,0.025,380.35
2020-11-15,1 wk ahead inc death,2020-11-21,26,quantile,0.1,387.68
2020-11-15,1 wk ahead inc death,2020-11-21,26,quantile,0.25,392.25
2020-11-15,1 wk ahead inc death,2020-11-21,26,quantile,0.9,411.13
2020-11-15,1 wk ahead inc death,2020-11-21,26,quantile,0.5,397.92
2020-11-15,1 wk ahead inc death,2020-11-21,26,quantile,0.975,412.90
2020-11-15,1 wk ahead inc death,2020-11-21,27,quantile,0.1,278.52
2020-11-15,1 wk ahead inc death,2020-11-21,27,quantile,0.025,271.84
2020-11-15,1 wk ahead inc death,2020-11-21,27,quantile,0.9,302.10
2020-11-15,1 wk ahead inc death,2020-11-21,27,quantile,0.5,289.38
2020-11-15,1 wk ahead inc death,2020-11-21,27,quantile,0.25,284.53
2020-11-15,1 wk ahead inc death,2020-11-21,27,quantile,0.75,296.11
2020-11-15,1 wk ahead inc death,2020-11-21,27,quantile,0.975,306.32
2020-11-15,1 wk ahead inc death,2020-11-21,28,quantile,0.5,108.51
2020-11-15,1 wk ahead inc death,2020-11-21,28,quantile,0.975,114.64
2020-11-15,1 wk ahead inc death,2020-11-21,28,quantile,0.25,106.41
2020-11-15,1 wk ahead inc death,2020-11-21,28,quantile,0.9,112.11
2020-11-15,1 wk ahead inc death,2020-11-21,28,quantile,0.1,105.04
2020-11-15,1 wk ahead inc death,2020-11-21,28,quantile,0.75,110.73
2020-11-15,1 wk ahead inc death,2020-11-21,28,quantile,0.025,102.28
2020-11-15,1 wk ahead inc death,2020-11-21,29,quantile,0.75,250.62
2020-11-15,1 wk ahead inc death,2020-11-21,29,quantile,0.9,253.97
2020-11-15,1 wk ahead inc death,2020-11-21,29,quantile,0.975,259.75
2020-11-15,1 wk ahead inc death,2020-11-21,29,quantile,0.5,248.09
2020-11-15,1 wk ahead inc death,2020-11-21,29,quantile,0.1,240.63
2020-11-15,1 wk ahead inc death,2020-11-21,29,quantile,0.025,238.33
2020-11-15,1 wk ahead inc death,2020-11-21,29,quantile,0.25,243.64
2020-11-15,1 wk ahead inc death,2020-11-21,30,quantile,0.975,77.74
2020-11-15,1 wk ahead inc death,2020-11-21,30,quantile,0.75,74.93
2020-11-15,1 wk ahead inc death,2020-11-21,30,quantile,0.025,68.18
2020-11-15,1 wk ahead inc death,2020-11-21,30,quantile,0.9,75.91
2020-11-15,1 wk ahead inc death,2020-11-21,30,quantile,0.1,69.06
2020-11-15,1 wk ahead inc death,2020-11-21,30,quantile,0.5,72.91
2020-11-15,1 wk ahead inc death,2020-11-21,30,quantile,0.25,70.96
2020-11-15,1 wk ahead inc death,2020-11-21,31,quantile,0.1,99.00
2020-11-15,1 wk ahead inc death,2020-11-21,31,quantile,0.025,97.28
2020-11-15,1 wk ahead inc death,2020-11-21,31,quantile,0.9,108.21
2020-11-15,1 wk ahead inc death,2020-11-21,31,quantile,0.25,100.57
2020-11-15,1 wk ahead inc death,2020-11-21,31,quantile,0.75,104.98
2020-11-15,1 wk ahead inc death,2020-11-21,31,quantile,0.5,102.58
2020-11-15,1 wk ahead inc death,2020-11-21,31,quantile,0.975,111.56
2020-11-15,1 wk ahead inc death,2020-11-21,32,quantile,0.975,75.95
2020-11-15,1 wk ahead inc death,2020-11-21,32,quantile,0.9,74.93
2020-11-15,1 wk ahead inc death,2020-11-21,32,quantile,0.25,67.03
2020-11-15,1 wk ahead inc death,2020-11-21,32,quantile,0.025,62.27
2020-11-15,1 wk ahead inc death,2020-11-21,32,quantile,0.75,71.88
2020-11-15,1 wk ahead inc death,2020-11-21,32,quantile,0.5,69.28
2020-11-15,1 wk ahead inc death,2020-11-21,32,quantile,0.1,64.66
2020-11-15,1 wk ahead inc death,2020-11-21,33,quantile,0.9,14.86
2020-11-15,1 wk ahead inc death,2020-11-21,33,quantile,0.25,12.34
2020-11-15,1 wk ahead inc death,2020-11-21,33,quantile,0.025,11.01
2020-11-15,1 wk ahead inc death,2020-11-21,33,quantile,0.1,11.69
2020-11-15,1 wk ahead inc death,2020-11-21,33,quantile,0.5,12.89
2020-11-15,1 wk ahead inc death,2020-11-21,33,quantile,0.975,15.74
2020-11-15,1 wk ahead inc death,2020-11-21,33,quantile,0.75,13.85
2020-11-15,1 wk ahead inc death,2020-11-21,34,quantile,0.975,155.17
2020-11-15,1 wk ahead inc death,2020-11-21,34,quantile,0.75,150.01
2020-11-15,1 wk ahead inc death,2020-11-21,34,quantile,0.9,153.18
2020-11-15,1 wk ahead inc death,2020-11-21,34,quantile,0.1,142.12
2020-11-15,1 wk ahead inc death,2020-11-21,34,quantile,0.5,147.21
2020-11-15,1 wk ahead inc death,2020-11-21,34,quantile,0.025,139.45
2020-11-15,1 wk ahead inc death,2020-11-21,34,quantile,0.25,144.40
2020-11-15,1 wk ahead inc death,2020-11-21,35,quantile,0.75,110.62
2020-11-15,1 wk ahead inc death,2020-11-21,35,quantile,0.9,112.42
2020-11-15,1 wk ahead inc death,2020-11-21,35,quantile,0.1,104.74
2020-11-15,1 wk ahead inc death,2020-11-21,35,quantile,0.25,106.61
2020-11-15,1 wk ahead inc death,2020-11-21,35,quantile,0.025,103.03
2020-11-15,1 wk ahead inc death,2020-11-21,35,quantile,0.5,108.39
2020-11-15,1 wk ahead inc death,2020-11-21,35,quantile,0.975,114.03
2020-11-15,1 wk ahead inc death,2020-11-21,36,quantile,0.25,193.37
2020-11-15,1 wk ahead inc death,2020-11-21,36,quantile,0.1,191.22
2020-11-15,1 wk ahead inc death,2020-11-21,36,quantile,0.5,196.85
2020-11-15,1 wk ahead inc death,2020-11-21,36,quantile,0.9,204.30
2020-11-15,1 wk ahead inc death,2020-11-21,36,quantile,0.75,200.77
2020-11-15,1 wk ahead inc death,2020-11-21,36,quantile,0.975,208.59
2020-11-15,1 wk ahead inc death,2020-11-21,36,quantile,0.025,185.16
2020-11-15,1 wk ahead inc death,2020-11-21,37,quantile,0.1,177.12
2020-11-15,1 wk ahead inc death,2020-11-21,37,quantile,0.9,189.17
2020-11-15,1 wk ahead inc death,2020-11-21,37,quantile,0.75,185.76
2020-11-15,1 wk ahead inc death,2020-11-21,37,quantile,0.25,178.99
2020-11-15,1 wk ahead inc death,2020-11-21,37,quantile,0.025,172.65
2020-11-15,1 wk ahead inc death,2020-11-21,37,quantile,0.975,191.81
2020-11-15,1 wk ahead inc death,2020-11-21,37,quantile,0.5,182.53
2020-11-15,1 wk ahead inc death,2020-11-21,38,quantile,0.025,83.70
2020-11-15,1 wk ahead inc death,2020-11-21,38,quantile,0.75,91.22
2020-11-15,1 wk ahead inc death,2020-11-21,38,quantile,0.975,94.63
2020-11-15,1 wk ahead inc death,2020-11-21,38,quantile,0.1,85.27
2020-11-15,1 wk ahead inc death,2020-11-21,38,quantile,0.5,89.34
2020-11-15,1 wk ahead inc death,2020-11-21,38,quantile,0.25,87.24
2020-11-15,1 wk ahead inc death,2020-11-21,38,quantile,0.9,93.37
2020-11-15,1 wk ahead inc death,2020-11-21,39,quantile,0.975,326.86
2020-11-15,1 wk ahead inc death,2020-11-21,39,quantile,0.75,316.99
2020-11-15,1 wk ahead inc death,2020-11-21,39,quantile,0.025,301.07
2020-11-15,1 wk ahead inc death,2020-11-21,39,quantile,0.1,305.21
2020-11-15,1 wk ahead inc death,2020-11-21,39,quantile,0.25,308.68
2020-11-15,1 wk ahead inc death,2020-11-21,39,quantile,0.9,323.68
2020-11-15,1 wk ahead inc death,2020-11-21,39,quantile,0.5,313.77
2020-11-15,1 wk ahead inc death,2020-11-21,40,quantile,0.9,144.18
2020-11-15,1 wk ahead inc death,2020-11-21,40,quantile,0.75,142.24
2020-11-15,1 wk ahead inc death,2020-11-21,40,quantile,0.5,139.67
2020-11-15,1 wk ahead inc death,2020-11-21,40,quantile,0.025,132.92
2020-11-15,1 wk ahead inc death,2020-11-21,40,quantile,0.975,146.81
2020-11-15,1 wk ahead inc death,2020-11-21,40,quantile,0.25,137.53
2020-11-15,1 wk ahead inc death,2020-11-21,40,quantile,0.1,134.40
2020-11-15,1 wk ahead inc death,2020-11-21,41,quantile,0.9,57.19
2020-11-15,1 wk ahead inc death,2020-11-21,41,quantile,0.975,58.21
2020-11-15,1 wk ahead inc death,2020-11-21,41,quantile,0.75,56.26
2020-11-15,1 wk ahead inc death,2020-11-21,41,quantile,0.025,51.60
2020-11-15,1 wk ahead inc death,2020-11-21,41,quantile,0.25,53.44
2020-11-15,1 wk ahead inc death,2020-11-21,41,quantile,0.5,54.55
2020-11-15,1 wk ahead inc death,2020-11-21,41,quantile,0.1,52.52
2020-11-15,1 wk ahead inc death,2020-11-21,42,quantile,0.975,271.51
2020-11-15,1 wk ahead inc death,2020-11-21,42,quantile,0.9,268.42
2020-11-15,1 wk ahead inc death,2020-11-21,42,quantile,0.025,252.23
2020-11-15,1 wk ahead inc death,2020-11-21,42,quantile,0.1,256.32
2020-11-15,1 wk ahead inc death,2020-11-21,42,quantile,0.25,258.55
2020-11-15,1 wk ahead inc death,2020-11-21,42,quantile,0.75,265.96
2020-11-15,1 wk ahead inc death,2020-11-21,42,quantile,0.5,262.36
2020-11-15,1 wk ahead inc death,2020-11-21,44,quantile,0.1,26.19
2020-11-15,1 wk ahead inc death,2020-11-21,44,quantile,0.25,27.20
2020-11-15,1 wk ahead inc death,2020-11-21,44,quantile,0.75,28.90
2020-11-15,1 wk ahead inc death,2020-11-21,44,quantile,0.5,28.08
2020-11-15,1 wk ahead inc death,2020-11-21,44,quantile,0.975,31.37
2020-11-15,1 wk ahead inc death,2020-11-21,44,quantile,0.9,30.04
2020-11-15,1 wk ahead inc death,2020-11-21,44,quantile,0.025,25.28
2020-11-15,1 wk ahead inc death,2020-11-21,45,quantile,0.5,117.40
2020-11-15,1 wk ahead inc death,2020-11-21,45,quantile,0.025,110.89
2020-11-15,1 wk ahead inc death,2020-11-21,45,quantile,0.25,115.47
2020-11-15,1 wk ahead inc death,2020-11-21,45,quantile,0.1,112.77
2020-11-15,1 wk ahead inc death,2020-11-21,45,quantile,0.9,121.90
2020-11-15,1 wk ahead inc death,2020-11-21,45,quantile,0.75,119.20
2020-11-15,1 wk ahead inc death,2020-11-21,45,quantile,0.975,124.64
2020-11-15,1 wk ahead inc death,2020-11-21,46,quantile,0.975,107.54
2020-11-15,1 wk ahead inc death,2020-11-21,46,quantile,0.1,95.02
2020-11-15,1 wk ahead inc death,2020-11-21,46,quantile,0.9,104.46
2020-11-15,1 wk ahead inc death,2020-11-21,46,quantile,0.025,92.65
2020-11-15,1 wk ahead inc death,2020-11-21,46,quantile,0.25,97.50
2020-11-15,1 wk ahead inc death,2020-11-21,46,quantile,0.75,101.57
2020-11-15,1 wk ahead inc death,2020-11-21,46,quantile,0.5,99.12
2020-11-15,1 wk ahead inc death,2020-11-21,47,quantile,0.9,285.25
2020-11-15,1 wk ahead inc death,2020-11-21,47,quantile,0.25,274.86
2020-11-15,1 wk ahead inc death,2020-11-21,47,quantile,0.5,278.56
2020-11-15,1 wk ahead inc death,2020-11-21,47,quantile,0.975,287.88
2020-11-15,1 wk ahead inc death,2020-11-21,47,quantile,0.1,271.89
2020-11-15,1 wk ahead inc death,2020-11-21,47,quantile,0.75,282.36
2020-11-15,1 wk ahead inc death,2020-11-21,47,quantile,0.025,269.35
2020-11-15,1 wk ahead inc death,2020-11-21,48,quantile,0.25,741.37
2020-11-15,1 wk ahead inc death,2020-11-21,48,quantile,0.5,750.08
2020-11-15,1 wk ahead inc death,2020-11-21,48,quantile,0.975,800.28
2020-11-15,1 wk ahead inc death,2020-11-21,48,quantile,0.025,720.59
2020-11-15,1 wk ahead inc death,2020-11-21,48,quantile,0.1,731.45
2020-11-15,1 wk ahead inc death,2020-11-21,48,quantile,0.75,769.03
2020-11-15,1 wk ahead inc death,2020-11-21,48,quantile,0.9,782.13
2020-11-15,1 wk ahead inc death,2020-11-21,49,quantile,0.75,73.93
2020-11-15,1 wk ahead inc death,2020-11-21,49,quantile,0.9,76.89
2020-11-15,1 wk ahead inc death,2020-11-21,49,quantile,0.1,61.33
2020-11-15,1 wk ahead inc death,2020-11-21,49,quantile,0.025,57.74
2020-11-15,1 wk ahead inc death,2020-11-21,49,quantile,0.25,64.25
2020-11-15,1 wk ahead inc death,2020-11-21,49,quantile,0.5,69.07
2020-11-15,1 wk ahead inc death,2020-11-21,49,quantile,0.975,82.83
2020-11-15,1 wk ahead inc death,2020-11-21,50,quantile,0.5,3.37
2020-11-15,1 wk ahead inc death,2020-11-21,50,quantile,0.25,2.95
2020-11-15,1 wk ahead inc death,2020-11-21,50,quantile,0.9,4.02
2020-11-15,1 wk ahead inc death,2020-11-21,50,quantile,0.975,4.65
2020-11-15,1 wk ahead inc death,2020-11-21,50,quantile,0.1,2.63
2020-11-15,1 wk ahead inc death,2020-11-21,50,quantile,0.75,3.69
2020-11-15,1 wk ahead inc death,2020-11-21,50,quantile,0.025,2.45
2020-11-15,1 wk ahead inc death,2020-11-21,51,quantile,0.975,108.39
2020-11-15,1 wk ahead inc death,2020-11-21,51,quantile,0.1,95.42
2020-11-15,1 wk ahead inc death,2020-11-21,51,quantile,0.5,100.46
2020-11-15,1 wk ahead inc death,2020-11-21,51,quantile,0.25,97.97
2020-11-15,1 wk ahead inc death,2020-11-21,51,quantile,0.75,103.83
2020-11-15,1 wk ahead inc death,2020-11-21,51,quantile,0.9,106.09
2020-11-15,1 wk ahead inc death,2020-11-21,51,quantile,0.025,93.72
2020-11-15,1 wk ahead inc death,2020-11-21,53,quantile,0.25,84.65
2020-11-15,1 wk ahead inc death,2020-11-21,53,quantile,0.025,80.80
2020-11-15,1 wk ahead inc death,2020-11-21,53,quantile,0.1,83.17
2020-11-15,1 wk ahead inc death,2020-11-21,53,quantile,0.975,91.53
2020-11-15,1 wk ahead inc death,2020-11-21,53,quantile,0.9,90.13
2020-11-15,1 wk ahead inc death,2020-11-21,53,quantile,0.5,86.49
2020-11-15,1 wk ahead inc death,2020-11-21,53,quantile,0.75,88.83
2020-11-15,1 wk ahead inc death,2020-11-21,54,quantile,0.75,68.95
2020-11-15,1 wk ahead inc death,2020-11-21,54,quantile,0.5,67.76
2020-11-15,1 wk ahead inc death,2020-11-21,54,quantile,0.025,63.56
2020-11-15,1 wk ahead inc death,2020-11-21,54,quantile,0.975,72.63
2020-11-15,1 wk ahead inc death,2020-11-21,54,quantile,0.25,66.30
2020-11-15,1 wk ahead inc death,2020-11-21,54,quantile,0.9,70.52
2020-11-15,1 wk ahead inc death,2020-11-21,54,quantile,0.1,64.33
2020-11-15,1 wk ahead inc death,2020-11-21,55,quantile,0.025,255.03
2020-11-15,1 wk ahead inc death,2020-11-21,55,quantile,0.975,281.72
2020-11-15,1 wk ahead inc death,2020-11-21,55,quantile,0.75,273.18
2020-11-15,1 wk ahead inc death,2020-11-21,55,quantile,0.5,266.55
2020-11-15,1 wk ahead inc death,2020-11-21,55,quantile,0.9,279.11
2020-11-15,1 wk ahead inc death,2020-11-21,55,quantile,0.1,258.17
2020-11-15,1 wk ahead inc death,2020-11-21,55,quantile,0.25,262.49
2020-11-15,1 wk ahead inc death,2020-11-21,56,quantile,0.9,42.20
2020-11-15,1 wk ahead inc death,2020-11-21,56,quantile,0.75,41.26
2020-11-15,1 wk ahead inc death,2020-11-21,56,quantile,0.5,40.16
2020-11-15,1 wk ahead inc death,2020-11-21,56,quantile,0.25,39.19
2020-11-15,1 wk ahead inc death,2020-11-21,56,quantile,0.025,37.04
2020-11-15,1 wk ahead inc death,2020-11-21,56,quantile,0.1,38.31
2020-11-15,1 wk ahead inc death,2020-11-21,56,quantile,0.975,42.88
2020-11-15,2 wk ahead inc death,2020-11-28,01,point,NA,160.34
2020-11-15,2 wk ahead inc death,2020-11-28,02,point,NA,24.55
2020-11-15,2 wk ahead inc death,2020-11-28,04,point,NA,148.73
2020-11-15,2 wk ahead inc death,2020-11-28,05,point,NA,124.44
2020-11-15,2 wk ahead inc death,2020-11-28,06,point,NA,457.45
2020-11-15,2 wk ahead inc death,2020-11-28,08,point,NA,179.81
2020-11-15,2 wk ahead inc death,2020-11-28,09,point,NA,76.45
2020-11-15,2 wk ahead inc death,2020-11-28,10,point,NA,25.65
2020-11-15,2 wk ahead inc death,2020-11-28,11,point,NA,6.62
2020-11-15,2 wk ahead inc death,2020-11-28,12,point,NA,413.49
2020-11-15,2 wk ahead inc death,2020-11-28,13,point,NA,307.28
2020-11-15,2 wk ahead inc death,2020-11-28,15,point,NA,5.92
2020-11-15,2 wk ahead inc death,2020-11-28,16,point,NA,88.97
2020-11-15,2 wk ahead inc death,2020-11-28,17,point,NA,620.09
2020-11-15,2 wk ahead inc death,2020-11-28,18,point,NA,379.28
2020-11-15,2 wk ahead inc death,2020-11-28,19,point,NA,239.98
2020-11-15,2 wk ahead inc death,2020-11-28,20,point,NA,150.38
2020-11-15,2 wk ahead inc death,2020-11-28,21,point,NA,188.14
2020-11-15,2 wk ahead inc death,2020-11-28,22,point,NA,119.91
2020-11-15,2 wk ahead inc death,2020-11-28,23,point,NA,18.29
2020-11-15,2 wk ahead inc death,2020-11-28,24,point,NA,111.20
2020-11-15,2 wk ahead inc death,2020-11-28,25,point,NA,154.16
2020-11-15,2 wk ahead inc death,2020-11-28,26,point,NA,436.59
2020-11-15,2 wk ahead inc death,2020-11-28,27,point,NA,300.78
2020-11-15,2 wk ahead inc death,2020-11-28,28,point,NA,112.62
2020-11-15,2 wk ahead inc death,2020-11-28,29,point,NA,294.53
2020-11-15,2 wk ahead inc death,2020-11-28,30,point,NA,84.60
2020-11-15,2 wk ahead inc death,2020-11-28,31,point,NA,119.58
2020-11-15,2 wk ahead inc death,2020-11-28,32,point,NA,88.94
2020-11-15,2 wk ahead inc death,2020-11-28,33,point,NA,17.98
2020-11-15,2 wk ahead inc death,2020-11-28,34,point,NA,168.21
2020-11-15,2 wk ahead inc death,2020-11-28,35,point,NA,113.59
2020-11-15,2 wk ahead inc death,2020-11-28,36,point,NA,248.62
2020-11-15,2 wk ahead inc death,2020-11-28,37,point,NA,203.35
2020-11-15,2 wk ahead inc death,2020-11-28,38,point,NA,93.74
2020-11-15,2 wk ahead inc death,2020-11-28,39,point,NA,404.97
2020-11-15,2 wk ahead inc death,2020-11-28,40,point,NA,163.02
2020-11-15,2 wk ahead inc death,2020-11-28,41,point,NA,74.60
2020-11-15,2 wk ahead inc death,2020-11-28,42,point,NA,296.98
2020-11-15,2 wk ahead inc death,2020-11-28,44,point,NA,30.39
2020-11-15,2 wk ahead inc death,2020-11-28,45,point,NA,131.86
2020-11-15,2 wk ahead inc death,2020-11-28,46,point,NA,107.86
2020-11-15,2 wk ahead inc death,2020-11-28,47,point,NA,309.23
2020-11-15,2 wk ahead inc death,2020-11-28,48,point,NA,833.31
2020-11-15,2 wk ahead inc death,2020-11-28,49,point,NA,95.02
2020-11-15,2 wk ahead inc death,2020-11-28,50,point,NA,6.85
2020-11-15,2 wk ahead inc death,2020-11-28,51,point,NA,136.03
2020-11-15,2 wk ahead inc death,2020-11-28,53,point,NA,105.99
2020-11-15,2 wk ahead inc death,2020-11-28,54,point,NA,78.82
2020-11-15,2 wk ahead inc death,2020-11-28,55,point,NA,296.47
2020-11-15,2 wk ahead inc death,2020-11-28,56,point,NA,47.59
2020-11-15,2 wk ahead inc death,2020-11-28,01,quantile,0.025,150.14
2020-11-15,2 wk ahead inc death,2020-11-28,01,quantile,0.975,171.76
2020-11-15,2 wk ahead inc death,2020-11-28,01,quantile,0.1,153.29
2020-11-15,2 wk ahead inc death,2020-11-28,01,quantile,0.75,163.91
2020-11-15,2 wk ahead inc death,2020-11-28,01,quantile,0.5,160.12
2020-11-15,2 wk ahead inc death,2020-11-28,01,quantile,0.9,167.90
2020-11-15,2 wk ahead inc death,2020-11-28,01,quantile,0.25,156.57
2020-11-15,2 wk ahead inc death,2020-11-28,02,quantile,0.1,22.06
2020-11-15,2 wk ahead inc death,2020-11-28,02,quantile,0.5,24.60
2020-11-15,2 wk ahead inc death,2020-11-28,02,quantile,0.975,27.75
2020-11-15,2 wk ahead inc death,2020-11-28,02,quantile,0.25,23.34
2020-11-15,2 wk ahead inc death,2020-11-28,02,quantile,0.75,25.81
2020-11-15,2 wk ahead inc death,2020-11-28,02,quantile,0.025,21.05
2020-11-15,2 wk ahead inc death,2020-11-28,02,quantile,0.9,26.65
2020-11-15,2 wk ahead inc death,2020-11-28,04,quantile,0.25,144.12
2020-11-15,2 wk ahead inc death,2020-11-28,04,quantile,0.9,157.21
2020-11-15,2 wk ahead inc death,2020-11-28,04,quantile,0.5,148.08
2020-11-15,2 wk ahead inc death,2020-11-28,04,quantile,0.75,153.97
2020-11-15,2 wk ahead inc death,2020-11-28,04,quantile,0.1,140.35
2020-11-15,2 wk ahead inc death,2020-11-28,04,quantile,0.025,136.40
2020-11-15,2 wk ahead inc death,2020-11-28,04,quantile,0.975,160.46
2020-11-15,2 wk ahead inc death,2020-11-28,05,quantile,0.5,124.19
2020-11-15,2 wk ahead inc death,2020-11-28,05,quantile,0.1,118.49
2020-11-15,2 wk ahead inc death,2020-11-28,05,quantile,0.25,121.37
2020-11-15,2 wk ahead inc death,2020-11-28,05,quantile,0.9,130.28
2020-11-15,2 wk ahead inc death,2020-11-28,05,quantile,0.025,116.10
2020-11-15,2 wk ahead inc death,2020-11-28,05,quantile,0.975,136.04
2020-11-15,2 wk ahead inc death,2020-11-28,05,quantile,0.75,127.18
2020-11-15,2 wk ahead inc death,2020-11-28,06,quantile,0.1,429.95
2020-11-15,2 wk ahead inc death,2020-11-28,06,quantile,0.25,440.04
2020-11-15,2 wk ahead inc death,2020-11-28,06,quantile,0.9,483.88
2020-11-15,2 wk ahead inc death,2020-11-28,06,quantile,0.975,500.10
2020-11-15,2 wk ahead inc death,2020-11-28,06,quantile,0.75,471.46
2020-11-15,2 wk ahead inc death,2020-11-28,06,quantile,0.5,456.56
2020-11-15,2 wk ahead inc death,2020-11-28,06,quantile,0.025,416.79
2020-11-15,2 wk ahead inc death,2020-11-28,08,quantile,0.75,183.84
2020-11-15,2 wk ahead inc death,2020-11-28,08,quantile,0.1,171.53
2020-11-15,2 wk ahead inc death,2020-11-28,08,quantile,0.5,180.22
2020-11-15,2 wk ahead inc death,2020-11-28,08,quantile,0.25,175.56
2020-11-15,2 wk ahead inc death,2020-11-28,08,quantile,0.975,195.05
2020-11-15,2 wk ahead inc death,2020-11-28,08,quantile,0.025,167.65
2020-11-15,2 wk ahead inc death,2020-11-28,08,quantile,0.9,186.92
2020-11-15,2 wk ahead inc death,2020-11-28,09,quantile,0.025,70.08
2020-11-15,2 wk ahead inc death,2020-11-28,09,quantile,0.75,78.88
2020-11-15,2 wk ahead inc death,2020-11-28,09,quantile,0.25,73.95
2020-11-15,2 wk ahead inc death,2020-11-28,09,quantile,0.9,80.87
2020-11-15,2 wk ahead inc death,2020-11-28,09,quantile,0.5,76.52
2020-11-15,2 wk ahead inc death,2020-11-28,09,quantile,0.975,82.85
2020-11-15,2 wk ahead inc death,2020-11-28,09,quantile,0.1,72.80
2020-11-15,2 wk ahead inc death,2020-11-28,10,quantile,0.9,27.79
2020-11-15,2 wk ahead inc death,2020-11-28,10,quantile,0.975,29.19
2020-11-15,2 wk ahead inc death,2020-11-28,10,quantile,0.5,25.80
2020-11-15,2 wk ahead inc death,2020-11-28,10,quantile,0.25,24.28
2020-11-15,2 wk ahead inc death,2020-11-28,10,quantile,0.75,26.79
2020-11-15,2 wk ahead inc death,2020-11-28,10,quantile,0.025,22.50
2020-11-15,2 wk ahead inc death,2020-11-28,10,quantile,0.1,23.14
2020-11-15,2 wk ahead inc death,2020-11-28,11,quantile,0.025,4.65
2020-11-15,2 wk ahead inc death,2020-11-28,11,quantile,0.25,6.19
2020-11-15,2 wk ahead inc death,2020-11-28,11,quantile,0.1,5.40
2020-11-15,2 wk ahead inc death,2020-11-28,11,quantile,0.9,7.67
2020-11-15,2 wk ahead inc death,2020-11-28,11,quantile,0.975,8.36
2020-11-15,2 wk ahead inc death,2020-11-28,11,quantile,0.5,6.66
2020-11-15,2 wk ahead inc death,2020-11-28,11,quantile,0.75,7.23
2020-11-15,2 wk ahead inc death,2020-11-28,12,quantile,0.1,396.17
2020-11-15,2 wk ahead inc death,2020-11-28,12,quantile,0.9,430.40
2020-11-15,2 wk ahead inc death,2020-11-28,12,quantile,0.5,412.77
2020-11-15,2 wk ahead inc death,2020-11-28,12,quantile,0.25,403.37
2020-11-15,2 wk ahead inc death,2020-11-28,12,quantile,0.025,389.77
2020-11-15,2 wk ahead inc death,2020-11-28,12,quantile,0.975,437.11
2020-11-15,2 wk ahead inc death,2020-11-28,12,quantile,0.75,424.46
2020-11-15,2 wk ahead inc death,2020-11-28,13,quantile,0.25,301.36
2020-11-15,2 wk ahead inc death,2020-11-28,13,quantile,0.75,313.43
2020-11-15,2 wk ahead inc death,2020-11-28,13,quantile,0.5,307.48
2020-11-15,2 wk ahead inc death,2020-11-28,13,quantile,0.9,316.42
2020-11-15,2 wk ahead inc death,2020-11-28,13,quantile,0.1,296.78
2020-11-15,2 wk ahead inc death,2020-11-28,13,quantile,0.975,322.50
2020-11-15,2 wk ahead inc death,2020-11-28,13,quantile,0.025,292.40
2020-11-15,2 wk ahead inc death,2020-11-28,15,quantile,0.975,7.38
2020-11-15,2 wk ahead inc death,2020-11-28,15,quantile,0.9,6.97
2020-11-15,2 wk ahead inc death,2020-11-28,15,quantile,0.1,5.09
2020-11-15,2 wk ahead inc death,2020-11-28,15,quantile,0.25,5.45
2020-11-15,2 wk ahead inc death,2020-11-28,15,quantile,0.75,6.32
2020-11-15,2 wk ahead inc death,2020-11-28,15,quantile,0.5,5.91
2020-11-15,2 wk ahead inc death,2020-11-28,15,quantile,0.025,4.71
2020-11-15,2 wk ahead inc death,2020-11-28,16,quantile,0.025,82.69
2020-11-15,2 wk ahead inc death,2020-11-28,16,quantile,0.5,88.46
2020-11-15,2 wk ahead inc death,2020-11-28,16,quantile,0.25,86.01
2020-11-15,2 wk ahead inc death,2020-11-28,16,quantile,0.975,96.96
2020-11-15,2 wk ahead inc death,2020-11-28,16,quantile,0.75,91.64
2020-11-15,2 wk ahead inc death,2020-11-28,16,quantile,0.9,94.02
2020-11-15,2 wk ahead inc death,2020-11-28,16,quantile,0.1,84.12
2020-11-15,2 wk ahead inc death,2020-11-28,17,quantile,0.25,605.33
2020-11-15,2 wk ahead inc death,2020-11-28,17,quantile,0.75,638.10
2020-11-15,2 wk ahead inc death,2020-11-28,17,quantile,0.5,621.52
2020-11-15,2 wk ahead inc death,2020-11-28,17,quantile,0.9,650.89
2020-11-15,2 wk ahead inc death,2020-11-28,17,quantile,0.1,592.61
2020-11-15,2 wk ahead inc death,2020-11-28,17,quantile,0.975,659.95
2020-11-15,2 wk ahead inc death,2020-11-28,17,quantile,0.025,573.38
2020-11-15,2 wk ahead inc death,2020-11-28,18,quantile,0.9,393.87
2020-11-15,2 wk ahead inc death,2020-11-28,18,quantile,0.75,386.25
2020-11-15,2 wk ahead inc death,2020-11-28,18,quantile,0.1,365.20
2020-11-15,2 wk ahead inc death,2020-11-28,18,quantile,0.975,399.38
2020-11-15,2 wk ahead inc death,2020-11-28,18,quantile,0.25,372.81
2020-11-15,2 wk ahead inc death,2020-11-28,18,quantile,0.025,357.70
2020-11-15,2 wk ahead inc death,2020-11-28,18,quantile,0.5,379.81
2020-11-15,2 wk ahead inc death,2020-11-28,19,quantile,0.25,234.75
2020-11-15,2 wk ahead inc death,2020-11-28,19,quantile,0.5,239.67
2020-11-15,2 wk ahead inc death,2020-11-28,19,quantile,0.1,230.18
2020-11-15,2 wk ahead inc death,2020-11-28,19,quantile,0.9,249.46
2020-11-15,2 wk ahead inc death,2020-11-28,19,quantile,0.75,245.77
2020-11-15,2 wk ahead inc death,2020-11-28,19,quantile,0.025,227.07
2020-11-15,2 wk ahead inc death,2020-11-28,19,quantile,0.975,252.77
2020-11-15,2 wk ahead inc death,2020-11-28,20,quantile,0.025,138.71
2020-11-15,2 wk ahead inc death,2020-11-28,20,quantile,0.975,161.74
2020-11-15,2 wk ahead inc death,2020-11-28,20,quantile,0.5,149.97
2020-11-15,2 wk ahead inc death,2020-11-28,20,quantile,0.25,146.15
2020-11-15,2 wk ahead inc death,2020-11-28,20,quantile,0.75,154.33
2020-11-15,2 wk ahead inc death,2020-11-28,20,quantile,0.9,158.86
2020-11-15,2 wk ahead inc death,2020-11-28,20,quantile,0.1,143.74
2020-11-15,2 wk ahead inc death,2020-11-28,21,quantile,0.1,179.75
2020-11-15,2 wk ahead inc death,2020-11-28,21,quantile,0.25,184.32
2020-11-15,2 wk ahead inc death,2020-11-28,21,quantile,0.5,188.55
2020-11-15,2 wk ahead inc death,2020-11-28,21,quantile,0.9,196.55
2020-11-15,2 wk ahead inc death,2020-11-28,21,quantile,0.025,175.59
2020-11-15,2 wk ahead inc death,2020-11-28,21,quantile,0.975,199.41
2020-11-15,2 wk ahead inc death,2020-11-28,21,quantile,0.75,192.00
2020-11-15,2 wk ahead inc death,2020-11-28,22,quantile,0.5,119.22
2020-11-15,2 wk ahead inc death,2020-11-28,22,quantile,0.9,125.60
2020-11-15,2 wk ahead inc death,2020-11-28,22,quantile,0.025,112.12
2020-11-15,2 wk ahead inc death,2020-11-28,22,quantile,0.75,122.89
2020-11-15,2 wk ahead inc death,2020-11-28,22,quantile,0.975,129.43
2020-11-15,2 wk ahead inc death,2020-11-28,22,quantile,0.25,116.66
2020-11-15,2 wk ahead inc death,2020-11-28,22,quantile,0.1,114.23
2020-11-15,2 wk ahead inc death,2020-11-28,23,quantile,0.9,20.60
2020-11-15,2 wk ahead inc death,2020-11-28,23,quantile,0.75,19.44
2020-11-15,2 wk ahead inc death,2020-11-28,23,quantile,0.5,18.31
2020-11-15,2 wk ahead inc death,2020-11-28,23,quantile,0.025,15.45
2020-11-15,2 wk ahead inc death,2020-11-28,23,quantile,0.1,16.25
2020-11-15,2 wk ahead inc death,2020-11-28,23,quantile,0.25,17.05
2020-11-15,2 wk ahead inc death,2020-11-28,23,quantile,0.975,21.04
2020-11-15,2 wk ahead inc death,2020-11-28,24,quantile,0.5,111.55
2020-11-15,2 wk ahead inc death,2020-11-28,24,quantile,0.975,122.01
2020-11-15,2 wk ahead inc death,2020-11-28,24,quantile,0.025,100.65
2020-11-15,2 wk ahead inc death,2020-11-28,24,quantile,0.1,102.94
2020-11-15,2 wk ahead inc death,2020-11-28,24,quantile,0.9,118.17
2020-11-15,2 wk ahead inc death,2020-11-28,24,quantile,0.75,115.16
2020-11-15,2 wk ahead inc death,2020-11-28,24,quantile,0.25,107.40
2020-11-15,2 wk ahead inc death,2020-11-28,25,quantile,0.9,161.94
2020-11-15,2 wk ahead inc death,2020-11-28,25,quantile,0.975,167.39
2020-11-15,2 wk ahead inc death,2020-11-28,25,quantile,0.025,142.25
2020-11-15,2 wk ahead inc death,2020-11-28,25,quantile,0.75,158.09
2020-11-15,2 wk ahead inc death,2020-11-28,25,quantile,0.1,146.66
2020-11-15,2 wk ahead inc death,2020-11-28,25,quantile,0.5,154.09
2020-11-15,2 wk ahead inc death,2020-11-28,25,quantile,0.25,150.07
2020-11-15,2 wk ahead inc death,2020-11-28,26,quantile,0.75,447.48
2020-11-15,2 wk ahead inc death,2020-11-28,26,quantile,0.025,405.86
2020-11-15,2 wk ahead inc death,2020-11-28,26,quantile,0.1,413.93
2020-11-15,2 wk ahead inc death,2020-11-28,26,quantile,0.25,423.91
2020-11-15,2 wk ahead inc death,2020-11-28,26,quantile,0.9,457.79
2020-11-15,2 wk ahead inc death,2020-11-28,26,quantile,0.5,437.64
2020-11-15,2 wk ahead inc death,2020-11-28,26,quantile,0.975,467.45
2020-11-15,2 wk ahead inc death,2020-11-28,27,quantile,0.1,283.28
2020-11-15,2 wk ahead inc death,2020-11-28,27,quantile,0.025,278.50
2020-11-15,2 wk ahead inc death,2020-11-28,27,quantile,0.9,315.92
2020-11-15,2 wk ahead inc death,2020-11-28,27,quantile,0.5,302.85
2020-11-15,2 wk ahead inc death,2020-11-28,27,quantile,0.25,291.59
2020-11-15,2 wk ahead inc death,2020-11-28,27,quantile,0.75,309.28
2020-11-15,2 wk ahead inc death,2020-11-28,27,quantile,0.975,320.64
2020-11-15,2 wk ahead inc death,2020-11-28,28,quantile,0.5,112.77
2020-11-15,2 wk ahead inc death,2020-11-28,28,quantile,0.975,121.55
2020-11-15,2 wk ahead inc death,2020-11-28,28,quantile,0.25,109.55
2020-11-15,2 wk ahead inc death,2020-11-28,28,quantile,0.9,118.02
2020-11-15,2 wk ahead inc death,2020-11-28,28,quantile,0.1,106.41
2020-11-15,2 wk ahead inc death,2020-11-28,28,quantile,0.75,116.02
2020-11-15,2 wk ahead inc death,2020-11-28,28,quantile,0.025,101.73
2020-11-15,2 wk ahead inc death,2020-11-28,29,quantile,0.75,302.64
2020-11-15,2 wk ahead inc death,2020-11-28,29,quantile,0.9,309.05
2020-11-15,2 wk ahead inc death,2020-11-28,29,quantile,0.975,315.16
2020-11-15,2 wk ahead inc death,2020-11-28,29,quantile,0.5,293.29
2020-11-15,2 wk ahead inc death,2020-11-28,29,quantile,0.1,281.30
2020-11-15,2 wk ahead inc death,2020-11-28,29,quantile,0.025,275.57
2020-11-15,2 wk ahead inc death,2020-11-28,29,quantile,0.25,287.12
2020-11-15,2 wk ahead inc death,2020-11-28,30,quantile,0.975,91.33
2020-11-15,2 wk ahead inc death,2020-11-28,30,quantile,0.75,87.05
2020-11-15,2 wk ahead inc death,2020-11-28,30,quantile,0.025,78.25
2020-11-15,2 wk ahead inc death,2020-11-28,30,quantile,0.9,88.91
2020-11-15,2 wk ahead inc death,2020-11-28,30,quantile,0.1,79.82
2020-11-15,2 wk ahead inc death,2020-11-28,30,quantile,0.5,84.39
2020-11-15,2 wk ahead inc death,2020-11-28,30,quantile,0.25,81.95
2020-11-15,2 wk ahead inc death,2020-11-28,31,quantile,0.1,113.23
2020-11-15,2 wk ahead inc death,2020-11-28,31,quantile,0.025,111.19
2020-11-15,2 wk ahead inc death,2020-11-28,31,quantile,0.9,126.15
2020-11-15,2 wk ahead inc death,2020-11-28,31,quantile,0.25,115.96
2020-11-15,2 wk ahead inc death,2020-11-28,31,quantile,0.75,121.96
2020-11-15,2 wk ahead inc death,2020-11-28,31,quantile,0.5,119.57
2020-11-15,2 wk ahead inc death,2020-11-28,31,quantile,0.975,130.05
2020-11-15,2 wk ahead inc death,2020-11-28,32,quantile,0.975,100.89
2020-11-15,2 wk ahead inc death,2020-11-28,32,quantile,0.9,97.85
2020-11-15,2 wk ahead inc death,2020-11-28,32,quantile,0.25,84.39
2020-11-15,2 wk ahead inc death,2020-11-28,32,quantile,0.025,78.18
2020-11-15,2 wk ahead inc death,2020-11-28,32,quantile,0.75,93.31
2020-11-15,2 wk ahead inc death,2020-11-28,32,quantile,0.5,88.26
2020-11-15,2 wk ahead inc death,2020-11-28,32,quantile,0.1,80.91
2020-11-15,2 wk ahead inc death,2020-11-28,33,quantile,0.9,19.83
2020-11-15,2 wk ahead inc death,2020-11-28,33,quantile,0.25,16.73
2020-11-15,2 wk ahead inc death,2020-11-28,33,quantile,0.025,15.02
2020-11-15,2 wk ahead inc death,2020-11-28,33,quantile,0.1,15.91
2020-11-15,2 wk ahead inc death,2020-11-28,33,quantile,0.5,18.05
2020-11-15,2 wk ahead inc death,2020-11-28,33,quantile,0.975,21.47
2020-11-15,2 wk ahead inc death,2020-11-28,33,quantile,0.75,19.10
2020-11-15,2 wk ahead inc death,2020-11-28,34,quantile,0.975,183.06
2020-11-15,2 wk ahead inc death,2020-11-28,34,quantile,0.75,172.57
2020-11-15,2 wk ahead inc death,2020-11-28,34,quantile,0.9,176.19
2020-11-15,2 wk ahead inc death,2020-11-28,34,quantile,0.1,160.26
2020-11-15,2 wk ahead inc death,2020-11-28,34,quantile,0.5,168.05
2020-11-15,2 wk ahead inc death,2020-11-28,34,quantile,0.025,155.31
2020-11-15,2 wk ahead inc death,2020-11-28,34,quantile,0.25,163.72
2020-11-15,2 wk ahead inc death,2020-11-28,35,quantile,0.75,116.29
2020-11-15,2 wk ahead inc death,2020-11-28,35,quantile,0.9,118.87
2020-11-15,2 wk ahead inc death,2020-11-28,35,quantile,0.1,108.38
2020-11-15,2 wk ahead inc death,2020-11-28,35,quantile,0.25,110.66
2020-11-15,2 wk ahead inc death,2020-11-28,35,quantile,0.025,106.23
2020-11-15,2 wk ahead inc death,2020-11-28,35,quantile,0.5,113.38
2020-11-15,2 wk ahead inc death,2020-11-28,35,quantile,0.975,120.56
2020-11-15,2 wk ahead inc death,2020-11-28,36,quantile,0.25,242.06
2020-11-15,2 wk ahead inc death,2020-11-28,36,quantile,0.1,238.36
2020-11-15,2 wk ahead inc death,2020-11-28,36,quantile,0.5,248.61
2020-11-15,2 wk ahead inc death,2020-11-28,36,quantile,0.9,257.90
2020-11-15,2 wk ahead inc death,2020-11-28,36,quantile,0.75,253.94
2020-11-15,2 wk ahead inc death,2020-11-28,36,quantile,0.975,265.63
2020-11-15,2 wk ahead inc death,2020-11-28,36,quantile,0.025,233.38
2020-11-15,2 wk ahead inc death,2020-11-28,37,quantile,0.1,195.39
2020-11-15,2 wk ahead inc death,2020-11-28,37,quantile,0.9,211.60
2020-11-15,2 wk ahead inc death,2020-11-28,37,quantile,0.75,207.94
2020-11-15,2 wk ahead inc death,2020-11-28,37,quantile,0.25,198.97
2020-11-15,2 wk ahead inc death,2020-11-28,37,quantile,0.025,191.83
2020-11-15,2 wk ahead inc death,2020-11-28,37,quantile,0.975,214.65
2020-11-15,2 wk ahead inc death,2020-11-28,37,quantile,0.5,202.53
2020-11-15,2 wk ahead inc death,2020-11-28,38,quantile,0.025,85.43
2020-11-15,2 wk ahead inc death,2020-11-28,38,quantile,0.75,96.88
2020-11-15,2 wk ahead inc death,2020-11-28,38,quantile,0.975,102.43
2020-11-15,2 wk ahead inc death,2020-11-28,38,quantile,0.1,88.38
2020-11-15,2 wk ahead inc death,2020-11-28,38,quantile,0.5,93.39
2020-11-15,2 wk ahead inc death,2020-11-28,38,quantile,0.25,90.33
2020-11-15,2 wk ahead inc death,2020-11-28,38,quantile,0.9,99.15
2020-11-15,2 wk ahead inc death,2020-11-28,39,quantile,0.975,438.07
2020-11-15,2 wk ahead inc death,2020-11-28,39,quantile,0.75,411.63
2020-11-15,2 wk ahead inc death,2020-11-28,39,quantile,0.025,384.73
2020-11-15,2 wk ahead inc death,2020-11-28,39,quantile,0.1,389.31
2020-11-15,2 wk ahead inc death,2020-11-28,39,quantile,0.25,396.65
2020-11-15,2 wk ahead inc death,2020-11-28,39,quantile,0.9,418.05
2020-11-15,2 wk ahead inc death,2020-11-28,39,quantile,0.5,404.74
2020-11-15,2 wk ahead inc death,2020-11-28,40,quantile,0.9,170.25
2020-11-15,2 wk ahead inc death,2020-11-28,40,quantile,0.75,167.27
2020-11-15,2 wk ahead inc death,2020-11-28,40,quantile,0.5,161.92
2020-11-15,2 wk ahead inc death,2020-11-28,40,quantile,0.025,154.12
2020-11-15,2 wk ahead inc death,2020-11-28,40,quantile,0.975,175.16
2020-11-15,2 wk ahead inc death,2020-11-28,40,quantile,0.25,159.02
2020-11-15,2 wk ahead inc death,2020-11-28,40,quantile,0.1,156.84
2020-11-15,2 wk ahead inc death,2020-11-28,41,quantile,0.9,79.17
2020-11-15,2 wk ahead inc death,2020-11-28,41,quantile,0.975,81.56
2020-11-15,2 wk ahead inc death,2020-11-28,41,quantile,0.75,76.87
2020-11-15,2 wk ahead inc death,2020-11-28,41,quantile,0.025,68.76
2020-11-15,2 wk ahead inc death,2020-11-28,41,quantile,0.25,72.54
2020-11-15,2 wk ahead inc death,2020-11-28,41,quantile,0.5,74.33
2020-11-15,2 wk ahead inc death,2020-11-28,41,quantile,0.1,70.61
2020-11-15,2 wk ahead inc death,2020-11-28,42,quantile,0.975,315.91
2020-11-15,2 wk ahead inc death,2020-11-28,42,quantile,0.9,309.07
2020-11-15,2 wk ahead inc death,2020-11-28,42,quantile,0.025,277.68
2020-11-15,2 wk ahead inc death,2020-11-28,42,quantile,0.1,284.91
2020-11-15,2 wk ahead inc death,2020-11-28,42,quantile,0.25,290.38
2020-11-15,2 wk ahead inc death,2020-11-28,42,quantile,0.75,304.16
2020-11-15,2 wk ahead inc death,2020-11-28,42,quantile,0.5,298.10
2020-11-15,2 wk ahead inc death,2020-11-28,44,quantile,0.1,27.17
2020-11-15,2 wk ahead inc death,2020-11-28,44,quantile,0.25,29.04
2020-11-15,2 wk ahead inc death,2020-11-28,44,quantile,0.75,32.12
2020-11-15,2 wk ahead inc death,2020-11-28,44,quantile,0.5,30.56
2020-11-15,2 wk ahead inc death,2020-11-28,44,quantile,0.975,34.70
2020-11-15,2 wk ahead inc death,2020-11-28,44,quantile,0.9,33.42
2020-11-15,2 wk ahead inc death,2020-11-28,44,quantile,0.025,26.06
2020-11-15,2 wk ahead inc death,2020-11-28,45,quantile,0.5,131.28
2020-11-15,2 wk ahead inc death,2020-11-28,45,quantile,0.025,123.97
2020-11-15,2 wk ahead inc death,2020-11-28,45,quantile,0.25,128.64
2020-11-15,2 wk ahead inc death,2020-11-28,45,quantile,0.1,126.88
2020-11-15,2 wk ahead inc death,2020-11-28,45,quantile,0.9,138.43
2020-11-15,2 wk ahead inc death,2020-11-28,45,quantile,0.75,134.07
2020-11-15,2 wk ahead inc death,2020-11-28,45,quantile,0.975,141.65
2020-11-15,2 wk ahead inc death,2020-11-28,46,quantile,0.975,118.44
2020-11-15,2 wk ahead inc death,2020-11-28,46,quantile,0.1,102.43
2020-11-15,2 wk ahead inc death,2020-11-28,46,quantile,0.9,114.79
2020-11-15,2 wk ahead inc death,2020-11-28,46,quantile,0.025,98.73
2020-11-15,2 wk ahead inc death,2020-11-28,46,quantile,0.25,104.52
2020-11-15,2 wk ahead inc death,2020-11-28,46,quantile,0.75,110.80
2020-11-15,2 wk ahead inc death,2020-11-28,46,quantile,0.5,107.29
2020-11-15,2 wk ahead inc death,2020-11-28,47,quantile,0.9,319.21
2020-11-15,2 wk ahead inc death,2020-11-28,47,quantile,0.25,303.80
2020-11-15,2 wk ahead inc death,2020-11-28,47,quantile,0.5,309.02
2020-11-15,2 wk ahead inc death,2020-11-28,47,quantile,0.975,323.65
2020-11-15,2 wk ahead inc death,2020-11-28,47,quantile,0.1,299.46
2020-11-15,2 wk ahead inc death,2020-11-28,47,quantile,0.75,313.59
2020-11-15,2 wk ahead inc death,2020-11-28,47,quantile,0.025,294.39
2020-11-15,2 wk ahead inc death,2020-11-28,48,quantile,0.25,813.66
2020-11-15,2 wk ahead inc death,2020-11-28,48,quantile,0.5,833.44
2020-11-15,2 wk ahead inc death,2020-11-28,48,quantile,0.975,883.60
2020-11-15,2 wk ahead inc death,2020-11-28,48,quantile,0.025,785.03
2020-11-15,2 wk ahead inc death,2020-11-28,48,quantile,0.1,802.92
2020-11-15,2 wk ahead inc death,2020-11-28,48,quantile,0.75,849.79
2020-11-15,2 wk ahead inc death,2020-11-28,48,quantile,0.9,867.37
2020-11-15,2 wk ahead inc death,2020-11-28,49,quantile,0.75,102.97
2020-11-15,2 wk ahead inc death,2020-11-28,49,quantile,0.9,116.13
2020-11-15,2 wk ahead inc death,2020-11-28,49,quantile,0.1,79.50
2020-11-15,2 wk ahead inc death,2020-11-28,49,quantile,0.025,69.34
2020-11-15,2 wk ahead inc death,2020-11-28,49,quantile,0.25,84.68
2020-11-15,2 wk ahead inc death,2020-11-28,49,quantile,0.5,95.58
2020-11-15,2 wk ahead inc death,2020-11-28,49,quantile,0.975,123.78
2020-11-15,2 wk ahead inc death,2020-11-28,50,quantile,0.5,6.77
2020-11-15,2 wk ahead inc death,2020-11-28,50,quantile,0.25,6.15
2020-11-15,2 wk ahead inc death,2020-11-28,50,quantile,0.9,8.18
2020-11-15,2 wk ahead inc death,2020-11-28,50,quantile,0.975,8.89
2020-11-15,2 wk ahead inc death,2020-11-28,50,quantile,0.1,5.84
2020-11-15,2 wk ahead inc death,2020-11-28,50,quantile,0.75,7.53
2020-11-15,2 wk ahead inc death,2020-11-28,50,quantile,0.025,5.15
2020-11-15,2 wk ahead inc death,2020-11-28,51,quantile,0.975,148.42
2020-11-15,2 wk ahead inc death,2020-11-28,51,quantile,0.1,128.59
2020-11-15,2 wk ahead inc death,2020-11-28,51,quantile,0.5,135.42
2020-11-15,2 wk ahead inc death,2020-11-28,51,quantile,0.25,132.44
2020-11-15,2 wk ahead inc death,2020-11-28,51,quantile,0.75,140.09
2020-11-15,2 wk ahead inc death,2020-11-28,51,quantile,0.9,143.31
2020-11-15,2 wk ahead inc death,2020-11-28,51,quantile,0.025,123.51
2020-11-15,2 wk ahead inc death,2020-11-28,53,quantile,0.25,102.64
2020-11-15,2 wk ahead inc death,2020-11-28,53,quantile,0.025,98.41
2020-11-15,2 wk ahead inc death,2020-11-28,53,quantile,0.1,99.97
2020-11-15,2 wk ahead inc death,2020-11-28,53,quantile,0.975,113.58
2020-11-15,2 wk ahead inc death,2020-11-28,53,quantile,0.9,111.71
2020-11-15,2 wk ahead inc death,2020-11-28,53,quantile,0.5,106.19
2020-11-15,2 wk ahead inc death,2020-11-28,53,quantile,0.75,108.76
2020-11-15,2 wk ahead inc death,2020-11-28,54,quantile,0.75,81.08
2020-11-15,2 wk ahead inc death,2020-11-28,54,quantile,0.5,78.54
2020-11-15,2 wk ahead inc death,2020-11-28,54,quantile,0.025,72.73
2020-11-15,2 wk ahead inc death,2020-11-28,54,quantile,0.975,85.59
2020-11-15,2 wk ahead inc death,2020-11-28,54,quantile,0.25,76.31
2020-11-15,2 wk ahead inc death,2020-11-28,54,quantile,0.9,83.02
2020-11-15,2 wk ahead inc death,2020-11-28,54,quantile,0.1,74.81
2020-11-15,2 wk ahead inc death,2020-11-28,55,quantile,0.025,274.60
2020-11-15,2 wk ahead inc death,2020-11-28,55,quantile,0.975,317.19
2020-11-15,2 wk ahead inc death,2020-11-28,55,quantile,0.75,304.14
2020-11-15,2 wk ahead inc death,2020-11-28,55,quantile,0.5,296.71
2020-11-15,2 wk ahead inc death,2020-11-28,55,quantile,0.9,309.83
2020-11-15,2 wk ahead inc death,2020-11-28,55,quantile,0.1,281.18
2020-11-15,2 wk ahead inc death,2020-11-28,55,quantile,0.25,287.60
2020-11-15,2 wk ahead inc death,2020-11-28,56,quantile,0.9,50.50
2020-11-15,2 wk ahead inc death,2020-11-28,56,quantile,0.75,49.04
2020-11-15,2 wk ahead inc death,2020-11-28,56,quantile,0.5,47.45
2020-11-15,2 wk ahead inc death,2020-11-28,56,quantile,0.25,45.86
2020-11-15,2 wk ahead inc death,2020-11-28,56,quantile,0.025,42.55
2020-11-15,2 wk ahead inc death,2020-11-28,56,quantile,0.1,44.56
2020-11-15,2 wk ahead inc death,2020-11-28,56,quantile,0.975,53.01
2020-11-15,1 wk ahead inc death,2020-11-21,US,point,NA,8309.41
2020-11-15,1 wk ahead inc death,2020-11-21,US,quantile,0.025,8072.66
2020-11-15,1 wk ahead inc death,2020-11-21,US,quantile,0.1,8161.56
2020-11-15,1 wk ahead inc death,2020-11-21,US,quantile,0.25,8236.31
2020-11-15,1 wk ahead inc death,2020-11-21,US,quantile,0.5,8308.30
2020-11-15,1 wk ahead inc death,2020-11-21,US,quantile,0.75,8391.54
2020-11-15,1 wk ahead inc death,2020-11-21,US,quantile,0.9,8444.23
2020-11-15,1 wk ahead inc death,2020-11-21,US,quantile,0.975,8549.89
2020-11-15,2 wk ahead inc death,2020-11-28,US,point,NA,9403.25
2020-11-15,2 wk ahead inc death,2020-11-28,US,quantile,0.025,9103.56
2020-11-15,2 wk ahead inc death,2020-11-28,US,quantile,0.1,9151.13
2020-11-15,2 wk ahead inc death,2020-11-28,US,quantile,0.25,9283.42
2020-11-15,2 wk ahead inc death,2020-11-28,US,quantile,0.5,9412.50
2020-11-15,2 wk ahead inc death,2020-11-28,US,quantile,0.75,9520.77
2020-11-15,2 wk ahead inc death,2020-11-28,US,quantile,0.9,9632.92
2020-11-15,2 wk ahead inc death,2020-11-28,US,quantile,0.975,9826.39
