forecast_date,target,target_end_date,location,type,quantile,value
2021-01-17,1 wk ahead inc death,2021-01-23,01,point,NA,520.23
2021-01-17,1 wk ahead inc death,2021-01-23,02,point,NA,15.20
2021-01-17,1 wk ahead inc death,2021-01-23,04,point,NA,1037.44
2021-01-17,1 wk ahead inc death,2021-01-23,05,point,NA,257.53
2021-01-17,1 wk ahead inc death,2021-01-23,06,point,NA,3650.82
2021-01-17,1 wk ahead inc death,2021-01-23,08,point,NA,195.99
2021-01-17,1 wk ahead inc death,2021-01-23,09,point,NA,252.88
2021-01-17,1 wk ahead inc death,2021-01-23,10,point,NA,58.94
2021-01-17,1 wk ahead inc death,2021-01-23,11,point,NA,29.32
2021-01-17,1 wk ahead inc death,2021-01-23,12,point,NA,1190.01
2021-01-17,1 wk ahead inc death,2021-01-23,13,point,NA,793.32
2021-01-17,1 wk ahead inc death,2021-01-23,15,point,NA,14.07
2021-01-17,1 wk ahead inc death,2021-01-23,16,point,NA,83.90
2021-01-17,1 wk ahead inc death,2021-01-23,17,point,NA,717.02
2021-01-17,1 wk ahead inc death,2021-01-23,18,point,NA,380.41
2021-01-17,1 wk ahead inc death,2021-01-23,19,point,NA,171.07
2021-01-17,1 wk ahead inc death,2021-01-23,20,point,NA,349.19
2021-01-17,1 wk ahead inc death,2021-01-23,21,point,NA,286.01
2021-01-17,1 wk ahead inc death,2021-01-23,22,point,NA,295.42
2021-01-17,1 wk ahead inc death,2021-01-23,23,point,NA,71.12
2021-01-17,1 wk ahead inc death,2021-01-23,24,point,NA,263.20
2021-01-17,1 wk ahead inc death,2021-01-23,25,point,NA,497.37
2021-01-17,1 wk ahead inc death,2021-01-23,26,point,NA,412.42
2021-01-17,1 wk ahead inc death,2021-01-23,27,point,NA,178.29
2021-01-17,1 wk ahead inc death,2021-01-23,28,point,NA,271.01
2021-01-17,1 wk ahead inc death,2021-01-23,29,point,NA,292.17
2021-01-17,1 wk ahead inc death,2021-01-23,30,point,NA,51.77
2021-01-17,1 wk ahead inc death,2021-01-23,31,point,NA,78.44
2021-01-17,1 wk ahead inc death,2021-01-23,32,point,NA,259.62
2021-01-17,1 wk ahead inc death,2021-01-23,33,point,NA,55.70
2021-01-17,1 wk ahead inc death,2021-01-23,34,point,NA,552.33
2021-01-17,1 wk ahead inc death,2021-01-23,35,point,NA,169.37
2021-01-17,1 wk ahead inc death,2021-01-23,36,point,NA,1335.54
2021-01-17,1 wk ahead inc death,2021-01-23,37,point,NA,625.20
2021-01-17,1 wk ahead inc death,2021-01-23,38,point,NA,26.12
2021-01-17,1 wk ahead inc death,2021-01-23,39,point,NA,599.09
2021-01-17,1 wk ahead inc death,2021-01-23,40,point,NA,288.14
2021-01-17,1 wk ahead inc death,2021-01-23,41,point,NA,156.65
2021-01-17,1 wk ahead inc death,2021-01-23,42,point,NA,1201.04
2021-01-17,1 wk ahead inc death,2021-01-23,44,point,NA,88.29
2021-01-17,1 wk ahead inc death,2021-01-23,45,point,NA,398.36
2021-01-17,1 wk ahead inc death,2021-01-23,46,point,NA,55.96
2021-01-17,1 wk ahead inc death,2021-01-23,47,point,NA,564.26
2021-01-17,1 wk ahead inc death,2021-01-23,48,point,NA,2112.28
2021-01-17,1 wk ahead inc death,2021-01-23,49,point,NA,89.67
2021-01-17,1 wk ahead inc death,2021-01-23,50,point,NA,13.56
2021-01-17,1 wk ahead inc death,2021-01-23,51,point,NA,387.59
2021-01-17,1 wk ahead inc death,2021-01-23,53,point,NA,209.68
2021-01-17,1 wk ahead inc death,2021-01-23,54,point,NA,167.85
2021-01-17,1 wk ahead inc death,2021-01-23,55,point,NA,298.82
2021-01-17,1 wk ahead inc death,2021-01-23,56,point,NA,39.65
2021-01-17,1 wk ahead inc death,2021-01-23,01,quantile,0.025,512.14
2021-01-17,1 wk ahead inc death,2021-01-23,01,quantile,0.975,528.02
2021-01-17,1 wk ahead inc death,2021-01-23,01,quantile,0.1,514.30
2021-01-17,1 wk ahead inc death,2021-01-23,01,quantile,0.75,523.26
2021-01-17,1 wk ahead inc death,2021-01-23,01,quantile,0.5,520.17
2021-01-17,1 wk ahead inc death,2021-01-23,01,quantile,0.9,526.56
2021-01-17,1 wk ahead inc death,2021-01-23,01,quantile,0.25,516.93
2021-01-17,1 wk ahead inc death,2021-01-23,02,quantile,0.1,14.30
2021-01-17,1 wk ahead inc death,2021-01-23,02,quantile,0.5,15.11
2021-01-17,1 wk ahead inc death,2021-01-23,02,quantile,0.975,16.56
2021-01-17,1 wk ahead inc death,2021-01-23,02,quantile,0.25,14.75
2021-01-17,1 wk ahead inc death,2021-01-23,02,quantile,0.75,15.74
2021-01-17,1 wk ahead inc death,2021-01-23,02,quantile,0.025,13.78
2021-01-17,1 wk ahead inc death,2021-01-23,02,quantile,0.9,16.00
2021-01-17,1 wk ahead inc death,2021-01-23,04,quantile,0.25,1028.68
2021-01-17,1 wk ahead inc death,2021-01-23,04,quantile,0.9,1050.14
2021-01-17,1 wk ahead inc death,2021-01-23,04,quantile,0.5,1038.08
2021-01-17,1 wk ahead inc death,2021-01-23,04,quantile,0.75,1046.91
2021-01-17,1 wk ahead inc death,2021-01-23,04,quantile,0.1,1018.73
2021-01-17,1 wk ahead inc death,2021-01-23,04,quantile,0.025,1014.80
2021-01-17,1 wk ahead inc death,2021-01-23,04,quantile,0.975,1066.21
2021-01-17,1 wk ahead inc death,2021-01-23,05,quantile,0.5,257.75
2021-01-17,1 wk ahead inc death,2021-01-23,05,quantile,0.1,253.75
2021-01-17,1 wk ahead inc death,2021-01-23,05,quantile,0.25,255.60
2021-01-17,1 wk ahead inc death,2021-01-23,05,quantile,0.9,260.72
2021-01-17,1 wk ahead inc death,2021-01-23,05,quantile,0.025,252.29
2021-01-17,1 wk ahead inc death,2021-01-23,05,quantile,0.975,262.06
2021-01-17,1 wk ahead inc death,2021-01-23,05,quantile,0.75,259.37
2021-01-17,1 wk ahead inc death,2021-01-23,06,quantile,0.1,3611.65
2021-01-17,1 wk ahead inc death,2021-01-23,06,quantile,0.25,3628.31
2021-01-17,1 wk ahead inc death,2021-01-23,06,quantile,0.9,3688.66
2021-01-17,1 wk ahead inc death,2021-01-23,06,quantile,0.975,3707.39
2021-01-17,1 wk ahead inc death,2021-01-23,06,quantile,0.75,3670.19
2021-01-17,1 wk ahead inc death,2021-01-23,06,quantile,0.5,3651.24
2021-01-17,1 wk ahead inc death,2021-01-23,06,quantile,0.025,3598.35
2021-01-17,1 wk ahead inc death,2021-01-23,08,quantile,0.75,197.44
2021-01-17,1 wk ahead inc death,2021-01-23,08,quantile,0.1,192.57
2021-01-17,1 wk ahead inc death,2021-01-23,08,quantile,0.5,196.28
2021-01-17,1 wk ahead inc death,2021-01-23,08,quantile,0.25,194.48
2021-01-17,1 wk ahead inc death,2021-01-23,08,quantile,0.975,201.79
2021-01-17,1 wk ahead inc death,2021-01-23,08,quantile,0.025,191.13
2021-01-17,1 wk ahead inc death,2021-01-23,08,quantile,0.9,198.91
2021-01-17,1 wk ahead inc death,2021-01-23,09,quantile,0.025,248.93
2021-01-17,1 wk ahead inc death,2021-01-23,09,quantile,0.75,254.37
2021-01-17,1 wk ahead inc death,2021-01-23,09,quantile,0.25,251.36
2021-01-17,1 wk ahead inc death,2021-01-23,09,quantile,0.9,255.76
2021-01-17,1 wk ahead inc death,2021-01-23,09,quantile,0.5,252.74
2021-01-17,1 wk ahead inc death,2021-01-23,09,quantile,0.975,256.88
2021-01-17,1 wk ahead inc death,2021-01-23,09,quantile,0.1,249.97
2021-01-17,1 wk ahead inc death,2021-01-23,10,quantile,0.9,60.38
2021-01-17,1 wk ahead inc death,2021-01-23,10,quantile,0.975,61.69
2021-01-17,1 wk ahead inc death,2021-01-23,10,quantile,0.5,58.94
2021-01-17,1 wk ahead inc death,2021-01-23,10,quantile,0.25,57.99
2021-01-17,1 wk ahead inc death,2021-01-23,10,quantile,0.75,59.82
2021-01-17,1 wk ahead inc death,2021-01-23,10,quantile,0.025,57.07
2021-01-17,1 wk ahead inc death,2021-01-23,10,quantile,0.1,57.43
2021-01-17,1 wk ahead inc death,2021-01-23,11,quantile,0.025,28.45
2021-01-17,1 wk ahead inc death,2021-01-23,11,quantile,0.25,29.01
2021-01-17,1 wk ahead inc death,2021-01-23,11,quantile,0.1,28.72
2021-01-17,1 wk ahead inc death,2021-01-23,11,quantile,0.9,29.90
2021-01-17,1 wk ahead inc death,2021-01-23,11,quantile,0.975,30.11
2021-01-17,1 wk ahead inc death,2021-01-23,11,quantile,0.5,29.35
2021-01-17,1 wk ahead inc death,2021-01-23,11,quantile,0.75,29.64
2021-01-17,1 wk ahead inc death,2021-01-23,12,quantile,0.1,1179.55
2021-01-17,1 wk ahead inc death,2021-01-23,12,quantile,0.9,1201.13
2021-01-17,1 wk ahead inc death,2021-01-23,12,quantile,0.5,1189.98
2021-01-17,1 wk ahead inc death,2021-01-23,12,quantile,0.25,1183.98
2021-01-17,1 wk ahead inc death,2021-01-23,12,quantile,0.025,1173.96
2021-01-17,1 wk ahead inc death,2021-01-23,12,quantile,0.975,1207.17
2021-01-17,1 wk ahead inc death,2021-01-23,12,quantile,0.75,1195.51
2021-01-17,1 wk ahead inc death,2021-01-23,13,quantile,0.25,789.17
2021-01-17,1 wk ahead inc death,2021-01-23,13,quantile,0.75,797.94
2021-01-17,1 wk ahead inc death,2021-01-23,13,quantile,0.5,792.97
2021-01-17,1 wk ahead inc death,2021-01-23,13,quantile,0.9,802.78
2021-01-17,1 wk ahead inc death,2021-01-23,13,quantile,0.1,785.29
2021-01-17,1 wk ahead inc death,2021-01-23,13,quantile,0.975,807.19
2021-01-17,1 wk ahead inc death,2021-01-23,13,quantile,0.025,781.41
2021-01-17,1 wk ahead inc death,2021-01-23,15,quantile,0.975,15.12
2021-01-17,1 wk ahead inc death,2021-01-23,15,quantile,0.9,14.72
2021-01-17,1 wk ahead inc death,2021-01-23,15,quantile,0.1,13.29
2021-01-17,1 wk ahead inc death,2021-01-23,15,quantile,0.25,13.74
2021-01-17,1 wk ahead inc death,2021-01-23,15,quantile,0.75,14.45
2021-01-17,1 wk ahead inc death,2021-01-23,15,quantile,0.5,14.04
2021-01-17,1 wk ahead inc death,2021-01-23,15,quantile,0.025,12.95
2021-01-17,1 wk ahead inc death,2021-01-23,16,quantile,0.025,80.45
2021-01-17,1 wk ahead inc death,2021-01-23,16,quantile,0.5,83.91
2021-01-17,1 wk ahead inc death,2021-01-23,16,quantile,0.25,82.69
2021-01-17,1 wk ahead inc death,2021-01-23,16,quantile,0.975,86.43
2021-01-17,1 wk ahead inc death,2021-01-23,16,quantile,0.75,85.23
2021-01-17,1 wk ahead inc death,2021-01-23,16,quantile,0.9,85.97
2021-01-17,1 wk ahead inc death,2021-01-23,16,quantile,0.1,81.85
2021-01-17,1 wk ahead inc death,2021-01-23,17,quantile,0.25,712.26
2021-01-17,1 wk ahead inc death,2021-01-23,17,quantile,0.75,721.41
2021-01-17,1 wk ahead inc death,2021-01-23,17,quantile,0.5,716.60
2021-01-17,1 wk ahead inc death,2021-01-23,17,quantile,0.9,726.74
2021-01-17,1 wk ahead inc death,2021-01-23,17,quantile,0.1,708.58
2021-01-17,1 wk ahead inc death,2021-01-23,17,quantile,0.975,731.35
2021-01-17,1 wk ahead inc death,2021-01-23,17,quantile,0.025,705.62
2021-01-17,1 wk ahead inc death,2021-01-23,18,quantile,0.9,385.52
2021-01-17,1 wk ahead inc death,2021-01-23,18,quantile,0.75,382.71
2021-01-17,1 wk ahead inc death,2021-01-23,18,quantile,0.1,375.47
2021-01-17,1 wk ahead inc death,2021-01-23,18,quantile,0.975,389.36
2021-01-17,1 wk ahead inc death,2021-01-23,18,quantile,0.25,377.57
2021-01-17,1 wk ahead inc death,2021-01-23,18,quantile,0.025,373.15
2021-01-17,1 wk ahead inc death,2021-01-23,18,quantile,0.5,380.20
2021-01-17,1 wk ahead inc death,2021-01-23,19,quantile,0.25,169.01
2021-01-17,1 wk ahead inc death,2021-01-23,19,quantile,0.5,171.05
2021-01-17,1 wk ahead inc death,2021-01-23,19,quantile,0.1,167.28
2021-01-17,1 wk ahead inc death,2021-01-23,19,quantile,0.9,175.06
2021-01-17,1 wk ahead inc death,2021-01-23,19,quantile,0.75,173.22
2021-01-17,1 wk ahead inc death,2021-01-23,19,quantile,0.025,165.09
2021-01-17,1 wk ahead inc death,2021-01-23,19,quantile,0.975,176.34
2021-01-17,1 wk ahead inc death,2021-01-23,20,quantile,0.025,342.19
2021-01-17,1 wk ahead inc death,2021-01-23,20,quantile,0.975,355.17
2021-01-17,1 wk ahead inc death,2021-01-23,20,quantile,0.5,349.32
2021-01-17,1 wk ahead inc death,2021-01-23,20,quantile,0.25,347.34
2021-01-17,1 wk ahead inc death,2021-01-23,20,quantile,0.75,351.89
2021-01-17,1 wk ahead inc death,2021-01-23,20,quantile,0.9,353.13
2021-01-17,1 wk ahead inc death,2021-01-23,20,quantile,0.1,344.30
2021-01-17,1 wk ahead inc death,2021-01-23,21,quantile,0.1,280.39
2021-01-17,1 wk ahead inc death,2021-01-23,21,quantile,0.25,283.40
2021-01-17,1 wk ahead inc death,2021-01-23,21,quantile,0.5,285.96
2021-01-17,1 wk ahead inc death,2021-01-23,21,quantile,0.9,290.69
2021-01-17,1 wk ahead inc death,2021-01-23,21,quantile,0.025,278.55
2021-01-17,1 wk ahead inc death,2021-01-23,21,quantile,0.975,293.45
2021-01-17,1 wk ahead inc death,2021-01-23,21,quantile,0.75,288.80
2021-01-17,1 wk ahead inc death,2021-01-23,22,quantile,0.5,295.73
2021-01-17,1 wk ahead inc death,2021-01-23,22,quantile,0.9,299.47
2021-01-17,1 wk ahead inc death,2021-01-23,22,quantile,0.025,289.30
2021-01-17,1 wk ahead inc death,2021-01-23,22,quantile,0.75,297.96
2021-01-17,1 wk ahead inc death,2021-01-23,22,quantile,0.975,301.00
2021-01-17,1 wk ahead inc death,2021-01-23,22,quantile,0.25,292.96
2021-01-17,1 wk ahead inc death,2021-01-23,22,quantile,0.1,291.87
2021-01-17,1 wk ahead inc death,2021-01-23,23,quantile,0.9,72.08
2021-01-17,1 wk ahead inc death,2021-01-23,23,quantile,0.75,71.51
2021-01-17,1 wk ahead inc death,2021-01-23,23,quantile,0.5,71.16
2021-01-17,1 wk ahead inc death,2021-01-23,23,quantile,0.025,69.41
2021-01-17,1 wk ahead inc death,2021-01-23,23,quantile,0.1,70.03
2021-01-17,1 wk ahead inc death,2021-01-23,23,quantile,0.25,70.67
2021-01-17,1 wk ahead inc death,2021-01-23,23,quantile,0.975,72.69
2021-01-17,1 wk ahead inc death,2021-01-23,24,quantile,0.5,263.25
2021-01-17,1 wk ahead inc death,2021-01-23,24,quantile,0.975,268.14
2021-01-17,1 wk ahead inc death,2021-01-23,24,quantile,0.025,257.98
2021-01-17,1 wk ahead inc death,2021-01-23,24,quantile,0.1,259.77
2021-01-17,1 wk ahead inc death,2021-01-23,24,quantile,0.9,267.22
2021-01-17,1 wk ahead inc death,2021-01-23,24,quantile,0.75,265.16
2021-01-17,1 wk ahead inc death,2021-01-23,24,quantile,0.25,261.26
2021-01-17,1 wk ahead inc death,2021-01-23,25,quantile,0.9,502.82
2021-01-17,1 wk ahead inc death,2021-01-23,25,quantile,0.975,504.36
2021-01-17,1 wk ahead inc death,2021-01-23,25,quantile,0.025,489.62
2021-01-17,1 wk ahead inc death,2021-01-23,25,quantile,0.75,500.01
2021-01-17,1 wk ahead inc death,2021-01-23,25,quantile,0.1,492.60
2021-01-17,1 wk ahead inc death,2021-01-23,25,quantile,0.5,497.08
2021-01-17,1 wk ahead inc death,2021-01-23,25,quantile,0.25,494.61
2021-01-17,1 wk ahead inc death,2021-01-23,26,quantile,0.75,415.73
2021-01-17,1 wk ahead inc death,2021-01-23,26,quantile,0.025,405.49
2021-01-17,1 wk ahead inc death,2021-01-23,26,quantile,0.1,406.73
2021-01-17,1 wk ahead inc death,2021-01-23,26,quantile,0.25,408.93
2021-01-17,1 wk ahead inc death,2021-01-23,26,quantile,0.9,418.11
2021-01-17,1 wk ahead inc death,2021-01-23,26,quantile,0.5,412.54
2021-01-17,1 wk ahead inc death,2021-01-23,26,quantile,0.975,419.91
2021-01-17,1 wk ahead inc death,2021-01-23,27,quantile,0.1,175.26
2021-01-17,1 wk ahead inc death,2021-01-23,27,quantile,0.025,172.69
2021-01-17,1 wk ahead inc death,2021-01-23,27,quantile,0.9,182.03
2021-01-17,1 wk ahead inc death,2021-01-23,27,quantile,0.5,178.32
2021-01-17,1 wk ahead inc death,2021-01-23,27,quantile,0.25,176.47
2021-01-17,1 wk ahead inc death,2021-01-23,27,quantile,0.75,180.03
2021-01-17,1 wk ahead inc death,2021-01-23,27,quantile,0.975,182.84
2021-01-17,1 wk ahead inc death,2021-01-23,28,quantile,0.5,270.95
2021-01-17,1 wk ahead inc death,2021-01-23,28,quantile,0.975,276.08
2021-01-17,1 wk ahead inc death,2021-01-23,28,quantile,0.25,269.03
2021-01-17,1 wk ahead inc death,2021-01-23,28,quantile,0.9,274.51
2021-01-17,1 wk ahead inc death,2021-01-23,28,quantile,0.1,267.28
2021-01-17,1 wk ahead inc death,2021-01-23,28,quantile,0.75,272.99
2021-01-17,1 wk ahead inc death,2021-01-23,28,quantile,0.025,266.20
2021-01-17,1 wk ahead inc death,2021-01-23,29,quantile,0.75,294.56
2021-01-17,1 wk ahead inc death,2021-01-23,29,quantile,0.9,296.85
2021-01-17,1 wk ahead inc death,2021-01-23,29,quantile,0.975,298.35
2021-01-17,1 wk ahead inc death,2021-01-23,29,quantile,0.5,292.36
2021-01-17,1 wk ahead inc death,2021-01-23,29,quantile,0.1,286.76
2021-01-17,1 wk ahead inc death,2021-01-23,29,quantile,0.025,285.04
2021-01-17,1 wk ahead inc death,2021-01-23,29,quantile,0.25,290.38
2021-01-17,1 wk ahead inc death,2021-01-23,30,quantile,0.975,54.25
2021-01-17,1 wk ahead inc death,2021-01-23,30,quantile,0.75,52.84
2021-01-17,1 wk ahead inc death,2021-01-23,30,quantile,0.025,49.07
2021-01-17,1 wk ahead inc death,2021-01-23,30,quantile,0.9,53.79
2021-01-17,1 wk ahead inc death,2021-01-23,30,quantile,0.1,49.77
2021-01-17,1 wk ahead inc death,2021-01-23,30,quantile,0.5,51.78
2021-01-17,1 wk ahead inc death,2021-01-23,30,quantile,0.25,50.64
2021-01-17,1 wk ahead inc death,2021-01-23,31,quantile,0.1,75.44
2021-01-17,1 wk ahead inc death,2021-01-23,31,quantile,0.025,73.96
2021-01-17,1 wk ahead inc death,2021-01-23,31,quantile,0.9,81.36
2021-01-17,1 wk ahead inc death,2021-01-23,31,quantile,0.25,76.85
2021-01-17,1 wk ahead inc death,2021-01-23,31,quantile,0.75,80.24
2021-01-17,1 wk ahead inc death,2021-01-23,31,quantile,0.5,78.50
2021-01-17,1 wk ahead inc death,2021-01-23,31,quantile,0.975,82.26
2021-01-17,1 wk ahead inc death,2021-01-23,32,quantile,0.975,265.92
2021-01-17,1 wk ahead inc death,2021-01-23,32,quantile,0.9,264.31
2021-01-17,1 wk ahead inc death,2021-01-23,32,quantile,0.25,257.11
2021-01-17,1 wk ahead inc death,2021-01-23,32,quantile,0.025,253.03
2021-01-17,1 wk ahead inc death,2021-01-23,32,quantile,0.75,262.44
2021-01-17,1 wk ahead inc death,2021-01-23,32,quantile,0.5,259.69
2021-01-17,1 wk ahead inc death,2021-01-23,32,quantile,0.1,254.81
2021-01-17,1 wk ahead inc death,2021-01-23,33,quantile,0.9,56.65
2021-01-17,1 wk ahead inc death,2021-01-23,33,quantile,0.25,55.27
2021-01-17,1 wk ahead inc death,2021-01-23,33,quantile,0.025,54.28
2021-01-17,1 wk ahead inc death,2021-01-23,33,quantile,0.1,54.85
2021-01-17,1 wk ahead inc death,2021-01-23,33,quantile,0.5,55.72
2021-01-17,1 wk ahead inc death,2021-01-23,33,quantile,0.975,57.23
2021-01-17,1 wk ahead inc death,2021-01-23,33,quantile,0.75,56.12
2021-01-17,1 wk ahead inc death,2021-01-23,34,quantile,0.975,560.46
2021-01-17,1 wk ahead inc death,2021-01-23,34,quantile,0.75,555.03
2021-01-17,1 wk ahead inc death,2021-01-23,34,quantile,0.9,556.97
2021-01-17,1 wk ahead inc death,2021-01-23,34,quantile,0.1,546.93
2021-01-17,1 wk ahead inc death,2021-01-23,34,quantile,0.5,552.20
2021-01-17,1 wk ahead inc death,2021-01-23,34,quantile,0.025,545.16
2021-01-17,1 wk ahead inc death,2021-01-23,34,quantile,0.25,549.78
2021-01-17,1 wk ahead inc death,2021-01-23,35,quantile,0.75,170.70
2021-01-17,1 wk ahead inc death,2021-01-23,35,quantile,0.9,171.82
2021-01-17,1 wk ahead inc death,2021-01-23,35,quantile,0.1,166.85
2021-01-17,1 wk ahead inc death,2021-01-23,35,quantile,0.25,168.10
2021-01-17,1 wk ahead inc death,2021-01-23,35,quantile,0.025,165.95
2021-01-17,1 wk ahead inc death,2021-01-23,35,quantile,0.5,169.44
2021-01-17,1 wk ahead inc death,2021-01-23,35,quantile,0.975,173.04
2021-01-17,1 wk ahead inc death,2021-01-23,36,quantile,0.25,1330.39
2021-01-17,1 wk ahead inc death,2021-01-23,36,quantile,0.1,1324.42
2021-01-17,1 wk ahead inc death,2021-01-23,36,quantile,0.5,1334.92
2021-01-17,1 wk ahead inc death,2021-01-23,36,quantile,0.9,1345.92
2021-01-17,1 wk ahead inc death,2021-01-23,36,quantile,0.75,1341.20
2021-01-17,1 wk ahead inc death,2021-01-23,36,quantile,0.975,1350.95
2021-01-17,1 wk ahead inc death,2021-01-23,36,quantile,0.025,1320.58
2021-01-17,1 wk ahead inc death,2021-01-23,37,quantile,0.1,619.82
2021-01-17,1 wk ahead inc death,2021-01-23,37,quantile,0.9,631.40
2021-01-17,1 wk ahead inc death,2021-01-23,37,quantile,0.75,627.76
2021-01-17,1 wk ahead inc death,2021-01-23,37,quantile,0.25,622.42
2021-01-17,1 wk ahead inc death,2021-01-23,37,quantile,0.025,615.06
2021-01-17,1 wk ahead inc death,2021-01-23,37,quantile,0.975,637.51
2021-01-17,1 wk ahead inc death,2021-01-23,37,quantile,0.5,625.25
2021-01-17,1 wk ahead inc death,2021-01-23,38,quantile,0.025,23.54
2021-01-17,1 wk ahead inc death,2021-01-23,38,quantile,0.75,26.82
2021-01-17,1 wk ahead inc death,2021-01-23,38,quantile,0.975,28.16
2021-01-17,1 wk ahead inc death,2021-01-23,38,quantile,0.1,24.56
2021-01-17,1 wk ahead inc death,2021-01-23,38,quantile,0.5,26.17
2021-01-17,1 wk ahead inc death,2021-01-23,38,quantile,0.25,25.49
2021-01-17,1 wk ahead inc death,2021-01-23,38,quantile,0.9,27.62
2021-01-17,1 wk ahead inc death,2021-01-23,39,quantile,0.975,609.27
2021-01-17,1 wk ahead inc death,2021-01-23,39,quantile,0.75,602.95
2021-01-17,1 wk ahead inc death,2021-01-23,39,quantile,0.025,588.40
2021-01-17,1 wk ahead inc death,2021-01-23,39,quantile,0.1,592.09
2021-01-17,1 wk ahead inc death,2021-01-23,39,quantile,0.25,595.46
2021-01-17,1 wk ahead inc death,2021-01-23,39,quantile,0.9,605.42
2021-01-17,1 wk ahead inc death,2021-01-23,39,quantile,0.5,599.97
2021-01-17,1 wk ahead inc death,2021-01-23,40,quantile,0.9,291.68
2021-01-17,1 wk ahead inc death,2021-01-23,40,quantile,0.75,290.35
2021-01-17,1 wk ahead inc death,2021-01-23,40,quantile,0.5,288.32
2021-01-17,1 wk ahead inc death,2021-01-23,40,quantile,0.025,282.53
2021-01-17,1 wk ahead inc death,2021-01-23,40,quantile,0.975,293.57
2021-01-17,1 wk ahead inc death,2021-01-23,40,quantile,0.25,285.92
2021-01-17,1 wk ahead inc death,2021-01-23,40,quantile,0.1,284.18
2021-01-17,1 wk ahead inc death,2021-01-23,41,quantile,0.9,159.29
2021-01-17,1 wk ahead inc death,2021-01-23,41,quantile,0.975,160.94
2021-01-17,1 wk ahead inc death,2021-01-23,41,quantile,0.75,158.09
2021-01-17,1 wk ahead inc death,2021-01-23,41,quantile,0.025,151.89
2021-01-17,1 wk ahead inc death,2021-01-23,41,quantile,0.25,155.48
2021-01-17,1 wk ahead inc death,2021-01-23,41,quantile,0.5,156.58
2021-01-17,1 wk ahead inc death,2021-01-23,41,quantile,0.1,153.81
2021-01-17,1 wk ahead inc death,2021-01-23,42,quantile,0.975,1210.82
2021-01-17,1 wk ahead inc death,2021-01-23,42,quantile,0.9,1207.84
2021-01-17,1 wk ahead inc death,2021-01-23,42,quantile,0.025,1187.35
2021-01-17,1 wk ahead inc death,2021-01-23,42,quantile,0.1,1192.52
2021-01-17,1 wk ahead inc death,2021-01-23,42,quantile,0.25,1197.61
2021-01-17,1 wk ahead inc death,2021-01-23,42,quantile,0.75,1205.46
2021-01-17,1 wk ahead inc death,2021-01-23,42,quantile,0.5,1201.81
2021-01-17,1 wk ahead inc death,2021-01-23,44,quantile,0.1,86.39
2021-01-17,1 wk ahead inc death,2021-01-23,44,quantile,0.25,87.28
2021-01-17,1 wk ahead inc death,2021-01-23,44,quantile,0.75,89.38
2021-01-17,1 wk ahead inc death,2021-01-23,44,quantile,0.5,88.29
2021-01-17,1 wk ahead inc death,2021-01-23,44,quantile,0.975,90.77
2021-01-17,1 wk ahead inc death,2021-01-23,44,quantile,0.9,90.16
2021-01-17,1 wk ahead inc death,2021-01-23,44,quantile,0.025,85.36
2021-01-17,1 wk ahead inc death,2021-01-23,45,quantile,0.5,398.20
2021-01-17,1 wk ahead inc death,2021-01-23,45,quantile,0.025,391.35
2021-01-17,1 wk ahead inc death,2021-01-23,45,quantile,0.25,395.42
2021-01-17,1 wk ahead inc death,2021-01-23,45,quantile,0.1,393.62
2021-01-17,1 wk ahead inc death,2021-01-23,45,quantile,0.9,402.84
2021-01-17,1 wk ahead inc death,2021-01-23,45,quantile,0.75,401.39
2021-01-17,1 wk ahead inc death,2021-01-23,45,quantile,0.975,405.29
2021-01-17,1 wk ahead inc death,2021-01-23,46,quantile,0.975,58.64
2021-01-17,1 wk ahead inc death,2021-01-23,46,quantile,0.1,53.70
2021-01-17,1 wk ahead inc death,2021-01-23,46,quantile,0.9,58.11
2021-01-17,1 wk ahead inc death,2021-01-23,46,quantile,0.025,52.45
2021-01-17,1 wk ahead inc death,2021-01-23,46,quantile,0.25,54.51
2021-01-17,1 wk ahead inc death,2021-01-23,46,quantile,0.75,57.36
2021-01-17,1 wk ahead inc death,2021-01-23,46,quantile,0.5,56.31
2021-01-17,1 wk ahead inc death,2021-01-23,47,quantile,0.9,571.30
2021-01-17,1 wk ahead inc death,2021-01-23,47,quantile,0.25,560.58
2021-01-17,1 wk ahead inc death,2021-01-23,47,quantile,0.5,563.68
2021-01-17,1 wk ahead inc death,2021-01-23,47,quantile,0.975,574.57
2021-01-17,1 wk ahead inc death,2021-01-23,47,quantile,0.1,558.09
2021-01-17,1 wk ahead inc death,2021-01-23,47,quantile,0.75,567.49
2021-01-17,1 wk ahead inc death,2021-01-23,47,quantile,0.025,555.51
2021-01-17,1 wk ahead inc death,2021-01-23,48,quantile,0.25,2102.60
2021-01-17,1 wk ahead inc death,2021-01-23,48,quantile,0.5,2110.95
2021-01-17,1 wk ahead inc death,2021-01-23,48,quantile,0.975,2143.92
2021-01-17,1 wk ahead inc death,2021-01-23,48,quantile,0.025,2088.24
2021-01-17,1 wk ahead inc death,2021-01-23,48,quantile,0.1,2094.84
2021-01-17,1 wk ahead inc death,2021-01-23,48,quantile,0.75,2121.76
2021-01-17,1 wk ahead inc death,2021-01-23,48,quantile,0.9,2133.73
2021-01-17,1 wk ahead inc death,2021-01-23,49,quantile,0.75,90.83
2021-01-17,1 wk ahead inc death,2021-01-23,49,quantile,0.9,91.95
2021-01-17,1 wk ahead inc death,2021-01-23,49,quantile,0.1,87.74
2021-01-17,1 wk ahead inc death,2021-01-23,49,quantile,0.025,86.68
2021-01-17,1 wk ahead inc death,2021-01-23,49,quantile,0.25,88.62
2021-01-17,1 wk ahead inc death,2021-01-23,49,quantile,0.5,89.46
2021-01-17,1 wk ahead inc death,2021-01-23,49,quantile,0.975,92.78
2021-01-17,1 wk ahead inc death,2021-01-23,50,quantile,0.5,13.58
2021-01-17,1 wk ahead inc death,2021-01-23,50,quantile,0.25,13.18
2021-01-17,1 wk ahead inc death,2021-01-23,50,quantile,0.9,14.29
2021-01-17,1 wk ahead inc death,2021-01-23,50,quantile,0.975,14.48
2021-01-17,1 wk ahead inc death,2021-01-23,50,quantile,0.1,12.86
2021-01-17,1 wk ahead inc death,2021-01-23,50,quantile,0.75,14.00
2021-01-17,1 wk ahead inc death,2021-01-23,50,quantile,0.025,12.43
2021-01-17,1 wk ahead inc death,2021-01-23,51,quantile,0.975,395.73
2021-01-17,1 wk ahead inc death,2021-01-23,51,quantile,0.1,382.14
2021-01-17,1 wk ahead inc death,2021-01-23,51,quantile,0.5,388.21
2021-01-17,1 wk ahead inc death,2021-01-23,51,quantile,0.25,384.19
2021-01-17,1 wk ahead inc death,2021-01-23,51,quantile,0.75,390.18
2021-01-17,1 wk ahead inc death,2021-01-23,51,quantile,0.9,392.16
2021-01-17,1 wk ahead inc death,2021-01-23,51,quantile,0.025,379.78
2021-01-17,1 wk ahead inc death,2021-01-23,53,quantile,0.25,207.92
2021-01-17,1 wk ahead inc death,2021-01-23,53,quantile,0.025,205.69
2021-01-17,1 wk ahead inc death,2021-01-23,53,quantile,0.1,206.53
2021-01-17,1 wk ahead inc death,2021-01-23,53,quantile,0.975,213.90
2021-01-17,1 wk ahead inc death,2021-01-23,53,quantile,0.9,212.81
2021-01-17,1 wk ahead inc death,2021-01-23,53,quantile,0.5,209.74
2021-01-17,1 wk ahead inc death,2021-01-23,53,quantile,0.75,211.26
2021-01-17,1 wk ahead inc death,2021-01-23,54,quantile,0.75,169.27
2021-01-17,1 wk ahead inc death,2021-01-23,54,quantile,0.5,167.86
2021-01-17,1 wk ahead inc death,2021-01-23,54,quantile,0.025,164.09
2021-01-17,1 wk ahead inc death,2021-01-23,54,quantile,0.975,171.33
2021-01-17,1 wk ahead inc death,2021-01-23,54,quantile,0.25,166.42
2021-01-17,1 wk ahead inc death,2021-01-23,54,quantile,0.9,170.35
2021-01-17,1 wk ahead inc death,2021-01-23,54,quantile,0.1,165.28
2021-01-17,1 wk ahead inc death,2021-01-23,55,quantile,0.025,294.11
2021-01-17,1 wk ahead inc death,2021-01-23,55,quantile,0.975,305.66
2021-01-17,1 wk ahead inc death,2021-01-23,55,quantile,0.75,300.82
2021-01-17,1 wk ahead inc death,2021-01-23,55,quantile,0.5,298.58
2021-01-17,1 wk ahead inc death,2021-01-23,55,quantile,0.9,302.66
2021-01-17,1 wk ahead inc death,2021-01-23,55,quantile,0.1,295.42
2021-01-17,1 wk ahead inc death,2021-01-23,55,quantile,0.25,296.60
2021-01-17,1 wk ahead inc death,2021-01-23,56,quantile,0.9,40.70
2021-01-17,1 wk ahead inc death,2021-01-23,56,quantile,0.75,40.14
2021-01-17,1 wk ahead inc death,2021-01-23,56,quantile,0.5,39.64
2021-01-17,1 wk ahead inc death,2021-01-23,56,quantile,0.25,39.16
2021-01-17,1 wk ahead inc death,2021-01-23,56,quantile,0.025,37.88
2021-01-17,1 wk ahead inc death,2021-01-23,56,quantile,0.1,38.70
2021-01-17,1 wk ahead inc death,2021-01-23,56,quantile,0.975,41.26
2021-01-17,2 wk ahead inc death,2021-01-30,01,point,NA,432.33
2021-01-17,2 wk ahead inc death,2021-01-30,02,point,NA,17.09
2021-01-17,2 wk ahead inc death,2021-01-30,04,point,NA,865.96
2021-01-17,2 wk ahead inc death,2021-01-30,05,point,NA,229.96
2021-01-17,2 wk ahead inc death,2021-01-30,06,point,NA,3455.40
2021-01-17,2 wk ahead inc death,2021-01-30,08,point,NA,190.39
2021-01-17,2 wk ahead inc death,2021-01-30,09,point,NA,233.54
2021-01-17,2 wk ahead inc death,2021-01-30,10,point,NA,53.64
2021-01-17,2 wk ahead inc death,2021-01-30,11,point,NA,25.75
2021-01-17,2 wk ahead inc death,2021-01-30,12,point,NA,1139.33
2021-01-17,2 wk ahead inc death,2021-01-30,13,point,NA,748.03
2021-01-17,2 wk ahead inc death,2021-01-30,15,point,NA,15.42
2021-01-17,2 wk ahead inc death,2021-01-30,16,point,NA,82.95
2021-01-17,2 wk ahead inc death,2021-01-30,17,point,NA,664.54
2021-01-17,2 wk ahead inc death,2021-01-30,18,point,NA,355.02
2021-01-17,2 wk ahead inc death,2021-01-30,19,point,NA,152.76
2021-01-17,2 wk ahead inc death,2021-01-30,20,point,NA,279.08
2021-01-17,2 wk ahead inc death,2021-01-30,21,point,NA,291.87
2021-01-17,2 wk ahead inc death,2021-01-30,22,point,NA,273.56
2021-01-17,2 wk ahead inc death,2021-01-30,23,point,NA,58.86
2021-01-17,2 wk ahead inc death,2021-01-30,24,point,NA,248.93
2021-01-17,2 wk ahead inc death,2021-01-30,25,point,NA,457.74
2021-01-17,2 wk ahead inc death,2021-01-30,26,point,NA,375.59
2021-01-17,2 wk ahead inc death,2021-01-30,27,point,NA,155.20
2021-01-17,2 wk ahead inc death,2021-01-30,28,point,NA,238.85
2021-01-17,2 wk ahead inc death,2021-01-30,29,point,NA,268.78
2021-01-17,2 wk ahead inc death,2021-01-30,30,point,NA,56.72
2021-01-17,2 wk ahead inc death,2021-01-30,31,point,NA,77.91
2021-01-17,2 wk ahead inc death,2021-01-30,32,point,NA,238.71
2021-01-17,2 wk ahead inc death,2021-01-30,33,point,NA,54.52
2021-01-17,2 wk ahead inc death,2021-01-30,34,point,NA,501.87
2021-01-17,2 wk ahead inc death,2021-01-30,35,point,NA,151.58
2021-01-17,2 wk ahead inc death,2021-01-30,36,point,NA,1245.22
2021-01-17,2 wk ahead inc death,2021-01-30,37,point,NA,590.95
2021-01-17,2 wk ahead inc death,2021-01-30,38,point,NA,23.59
2021-01-17,2 wk ahead inc death,2021-01-30,39,point,NA,605.87
2021-01-17,2 wk ahead inc death,2021-01-30,40,point,NA,290.78
2021-01-17,2 wk ahead inc death,2021-01-30,41,point,NA,141.97
2021-01-17,2 wk ahead inc death,2021-01-30,42,point,NA,1003.92
2021-01-17,2 wk ahead inc death,2021-01-30,44,point,NA,75.12
2021-01-17,2 wk ahead inc death,2021-01-30,45,point,NA,371.29
2021-01-17,2 wk ahead inc death,2021-01-30,46,point,NA,46.14
2021-01-17,2 wk ahead inc death,2021-01-30,47,point,NA,486.66
2021-01-17,2 wk ahead inc death,2021-01-30,48,point,NA,2016.17
2021-01-17,2 wk ahead inc death,2021-01-30,49,point,NA,92.29
2021-01-17,2 wk ahead inc death,2021-01-30,50,point,NA,11.44
2021-01-17,2 wk ahead inc death,2021-01-30,51,point,NA,387.98
2021-01-17,2 wk ahead inc death,2021-01-30,53,point,NA,199.95
2021-01-17,2 wk ahead inc death,2021-01-30,54,point,NA,143.02
2021-01-17,2 wk ahead inc death,2021-01-30,55,point,NA,255.70
2021-01-17,2 wk ahead inc death,2021-01-30,56,point,NA,32.12
2021-01-17,2 wk ahead inc death,2021-01-30,01,quantile,0.025,420.34
2021-01-17,2 wk ahead inc death,2021-01-30,01,quantile,0.975,443.51
2021-01-17,2 wk ahead inc death,2021-01-30,01,quantile,0.1,424.94
2021-01-17,2 wk ahead inc death,2021-01-30,01,quantile,0.75,435.75
2021-01-17,2 wk ahead inc death,2021-01-30,01,quantile,0.5,432.74
2021-01-17,2 wk ahead inc death,2021-01-30,01,quantile,0.9,438.71
2021-01-17,2 wk ahead inc death,2021-01-30,01,quantile,0.25,429.25
2021-01-17,2 wk ahead inc death,2021-01-30,02,quantile,0.1,15.66
2021-01-17,2 wk ahead inc death,2021-01-30,02,quantile,0.5,17.08
2021-01-17,2 wk ahead inc death,2021-01-30,02,quantile,0.975,19.45
2021-01-17,2 wk ahead inc death,2021-01-30,02,quantile,0.25,16.39
2021-01-17,2 wk ahead inc death,2021-01-30,02,quantile,0.75,17.78
2021-01-17,2 wk ahead inc death,2021-01-30,02,quantile,0.025,15.09
2021-01-17,2 wk ahead inc death,2021-01-30,02,quantile,0.9,18.48
2021-01-17,2 wk ahead inc death,2021-01-30,04,quantile,0.25,856.40
2021-01-17,2 wk ahead inc death,2021-01-30,04,quantile,0.9,885.67
2021-01-17,2 wk ahead inc death,2021-01-30,04,quantile,0.5,864.97
2021-01-17,2 wk ahead inc death,2021-01-30,04,quantile,0.75,874.38
2021-01-17,2 wk ahead inc death,2021-01-30,04,quantile,0.1,847.64
2021-01-17,2 wk ahead inc death,2021-01-30,04,quantile,0.025,838.10
2021-01-17,2 wk ahead inc death,2021-01-30,04,quantile,0.975,898.08
2021-01-17,2 wk ahead inc death,2021-01-30,05,quantile,0.5,230.30
2021-01-17,2 wk ahead inc death,2021-01-30,05,quantile,0.1,224.20
2021-01-17,2 wk ahead inc death,2021-01-30,05,quantile,0.25,227.52
2021-01-17,2 wk ahead inc death,2021-01-30,05,quantile,0.9,234.92
2021-01-17,2 wk ahead inc death,2021-01-30,05,quantile,0.025,221.59
2021-01-17,2 wk ahead inc death,2021-01-30,05,quantile,0.975,237.20
2021-01-17,2 wk ahead inc death,2021-01-30,05,quantile,0.75,233.25
2021-01-17,2 wk ahead inc death,2021-01-30,06,quantile,0.1,3400.17
2021-01-17,2 wk ahead inc death,2021-01-30,06,quantile,0.25,3427.32
2021-01-17,2 wk ahead inc death,2021-01-30,06,quantile,0.9,3511.96
2021-01-17,2 wk ahead inc death,2021-01-30,06,quantile,0.975,3527.89
2021-01-17,2 wk ahead inc death,2021-01-30,06,quantile,0.75,3484.15
2021-01-17,2 wk ahead inc death,2021-01-30,06,quantile,0.5,3452.08
2021-01-17,2 wk ahead inc death,2021-01-30,06,quantile,0.025,3378.97
2021-01-17,2 wk ahead inc death,2021-01-30,08,quantile,0.75,193.33
2021-01-17,2 wk ahead inc death,2021-01-30,08,quantile,0.1,185.43
2021-01-17,2 wk ahead inc death,2021-01-30,08,quantile,0.5,190.39
2021-01-17,2 wk ahead inc death,2021-01-30,08,quantile,0.25,187.24
2021-01-17,2 wk ahead inc death,2021-01-30,08,quantile,0.975,198.41
2021-01-17,2 wk ahead inc death,2021-01-30,08,quantile,0.025,182.55
2021-01-17,2 wk ahead inc death,2021-01-30,08,quantile,0.9,196.28
2021-01-17,2 wk ahead inc death,2021-01-30,09,quantile,0.025,222.11
2021-01-17,2 wk ahead inc death,2021-01-30,09,quantile,0.75,236.93
2021-01-17,2 wk ahead inc death,2021-01-30,09,quantile,0.25,230.39
2021-01-17,2 wk ahead inc death,2021-01-30,09,quantile,0.9,240.65
2021-01-17,2 wk ahead inc death,2021-01-30,09,quantile,0.5,233.58
2021-01-17,2 wk ahead inc death,2021-01-30,09,quantile,0.975,243.82
2021-01-17,2 wk ahead inc death,2021-01-30,09,quantile,0.1,227.13
2021-01-17,2 wk ahead inc death,2021-01-30,10,quantile,0.9,56.41
2021-01-17,2 wk ahead inc death,2021-01-30,10,quantile,0.975,58.29
2021-01-17,2 wk ahead inc death,2021-01-30,10,quantile,0.5,53.45
2021-01-17,2 wk ahead inc death,2021-01-30,10,quantile,0.25,52.07
2021-01-17,2 wk ahead inc death,2021-01-30,10,quantile,0.75,55.10
2021-01-17,2 wk ahead inc death,2021-01-30,10,quantile,0.025,50.14
2021-01-17,2 wk ahead inc death,2021-01-30,10,quantile,0.1,51.23
2021-01-17,2 wk ahead inc death,2021-01-30,11,quantile,0.025,24.77
2021-01-17,2 wk ahead inc death,2021-01-30,11,quantile,0.25,25.37
2021-01-17,2 wk ahead inc death,2021-01-30,11,quantile,0.1,25.04
2021-01-17,2 wk ahead inc death,2021-01-30,11,quantile,0.9,26.45
2021-01-17,2 wk ahead inc death,2021-01-30,11,quantile,0.975,26.64
2021-01-17,2 wk ahead inc death,2021-01-30,11,quantile,0.5,25.78
2021-01-17,2 wk ahead inc death,2021-01-30,11,quantile,0.75,26.16
2021-01-17,2 wk ahead inc death,2021-01-30,12,quantile,0.1,1123.87
2021-01-17,2 wk ahead inc death,2021-01-30,12,quantile,0.9,1155.65
2021-01-17,2 wk ahead inc death,2021-01-30,12,quantile,0.5,1139.07
2021-01-17,2 wk ahead inc death,2021-01-30,12,quantile,0.25,1131.34
2021-01-17,2 wk ahead inc death,2021-01-30,12,quantile,0.025,1108.01
2021-01-17,2 wk ahead inc death,2021-01-30,12,quantile,0.975,1161.61
2021-01-17,2 wk ahead inc death,2021-01-30,12,quantile,0.75,1148.49
2021-01-17,2 wk ahead inc death,2021-01-30,13,quantile,0.25,742.12
2021-01-17,2 wk ahead inc death,2021-01-30,13,quantile,0.75,753.60
2021-01-17,2 wk ahead inc death,2021-01-30,13,quantile,0.5,747.68
2021-01-17,2 wk ahead inc death,2021-01-30,13,quantile,0.9,760.54
2021-01-17,2 wk ahead inc death,2021-01-30,13,quantile,0.1,735.73
2021-01-17,2 wk ahead inc death,2021-01-30,13,quantile,0.975,771.52
2021-01-17,2 wk ahead inc death,2021-01-30,13,quantile,0.025,728.97
2021-01-17,2 wk ahead inc death,2021-01-30,15,quantile,0.975,17.46
2021-01-17,2 wk ahead inc death,2021-01-30,15,quantile,0.9,16.43
2021-01-17,2 wk ahead inc death,2021-01-30,15,quantile,0.1,14.40
2021-01-17,2 wk ahead inc death,2021-01-30,15,quantile,0.25,14.81
2021-01-17,2 wk ahead inc death,2021-01-30,15,quantile,0.75,15.81
2021-01-17,2 wk ahead inc death,2021-01-30,15,quantile,0.5,15.35
2021-01-17,2 wk ahead inc death,2021-01-30,15,quantile,0.025,13.87
2021-01-17,2 wk ahead inc death,2021-01-30,16,quantile,0.025,76.86
2021-01-17,2 wk ahead inc death,2021-01-30,16,quantile,0.5,83.35
2021-01-17,2 wk ahead inc death,2021-01-30,16,quantile,0.25,81.08
2021-01-17,2 wk ahead inc death,2021-01-30,16,quantile,0.975,87.03
2021-01-17,2 wk ahead inc death,2021-01-30,16,quantile,0.75,84.97
2021-01-17,2 wk ahead inc death,2021-01-30,16,quantile,0.9,86.08
2021-01-17,2 wk ahead inc death,2021-01-30,16,quantile,0.1,79.72
2021-01-17,2 wk ahead inc death,2021-01-30,17,quantile,0.25,657.86
2021-01-17,2 wk ahead inc death,2021-01-30,17,quantile,0.75,670.14
2021-01-17,2 wk ahead inc death,2021-01-30,17,quantile,0.5,664.98
2021-01-17,2 wk ahead inc death,2021-01-30,17,quantile,0.9,676.65
2021-01-17,2 wk ahead inc death,2021-01-30,17,quantile,0.1,653.65
2021-01-17,2 wk ahead inc death,2021-01-30,17,quantile,0.975,683.41
2021-01-17,2 wk ahead inc death,2021-01-30,17,quantile,0.025,645.92
2021-01-17,2 wk ahead inc death,2021-01-30,18,quantile,0.9,361.32
2021-01-17,2 wk ahead inc death,2021-01-30,18,quantile,0.75,359.17
2021-01-17,2 wk ahead inc death,2021-01-30,18,quantile,0.1,346.86
2021-01-17,2 wk ahead inc death,2021-01-30,18,quantile,0.975,366.68
2021-01-17,2 wk ahead inc death,2021-01-30,18,quantile,0.25,351.94
2021-01-17,2 wk ahead inc death,2021-01-30,18,quantile,0.025,343.01
2021-01-17,2 wk ahead inc death,2021-01-30,18,quantile,0.5,355.39
2021-01-17,2 wk ahead inc death,2021-01-30,19,quantile,0.25,150.07
2021-01-17,2 wk ahead inc death,2021-01-30,19,quantile,0.5,153.11
2021-01-17,2 wk ahead inc death,2021-01-30,19,quantile,0.1,145.35
2021-01-17,2 wk ahead inc death,2021-01-30,19,quantile,0.9,158.70
2021-01-17,2 wk ahead inc death,2021-01-30,19,quantile,0.75,155.75
2021-01-17,2 wk ahead inc death,2021-01-30,19,quantile,0.025,144.24
2021-01-17,2 wk ahead inc death,2021-01-30,19,quantile,0.975,160.33
2021-01-17,2 wk ahead inc death,2021-01-30,20,quantile,0.025,268.02
2021-01-17,2 wk ahead inc death,2021-01-30,20,quantile,0.975,290.36
2021-01-17,2 wk ahead inc death,2021-01-30,20,quantile,0.5,279.30
2021-01-17,2 wk ahead inc death,2021-01-30,20,quantile,0.25,274.67
2021-01-17,2 wk ahead inc death,2021-01-30,20,quantile,0.75,282.60
2021-01-17,2 wk ahead inc death,2021-01-30,20,quantile,0.9,286.17
2021-01-17,2 wk ahead inc death,2021-01-30,20,quantile,0.1,271.98
2021-01-17,2 wk ahead inc death,2021-01-30,21,quantile,0.1,282.88
2021-01-17,2 wk ahead inc death,2021-01-30,21,quantile,0.25,286.67
2021-01-17,2 wk ahead inc death,2021-01-30,21,quantile,0.5,291.62
2021-01-17,2 wk ahead inc death,2021-01-30,21,quantile,0.9,301.05
2021-01-17,2 wk ahead inc death,2021-01-30,21,quantile,0.025,278.55
2021-01-17,2 wk ahead inc death,2021-01-30,21,quantile,0.975,307.73
2021-01-17,2 wk ahead inc death,2021-01-30,21,quantile,0.75,296.12
2021-01-17,2 wk ahead inc death,2021-01-30,22,quantile,0.5,273.24
2021-01-17,2 wk ahead inc death,2021-01-30,22,quantile,0.9,280.03
2021-01-17,2 wk ahead inc death,2021-01-30,22,quantile,0.025,265.33
2021-01-17,2 wk ahead inc death,2021-01-30,22,quantile,0.75,276.50
2021-01-17,2 wk ahead inc death,2021-01-30,22,quantile,0.975,283.95
2021-01-17,2 wk ahead inc death,2021-01-30,22,quantile,0.25,270.42
2021-01-17,2 wk ahead inc death,2021-01-30,22,quantile,0.1,267.57
2021-01-17,2 wk ahead inc death,2021-01-30,23,quantile,0.9,60.21
2021-01-17,2 wk ahead inc death,2021-01-30,23,quantile,0.75,59.60
2021-01-17,2 wk ahead inc death,2021-01-30,23,quantile,0.5,58.90
2021-01-17,2 wk ahead inc death,2021-01-30,23,quantile,0.025,56.61
2021-01-17,2 wk ahead inc death,2021-01-30,23,quantile,0.1,57.62
2021-01-17,2 wk ahead inc death,2021-01-30,23,quantile,0.25,58.23
2021-01-17,2 wk ahead inc death,2021-01-30,23,quantile,0.975,60.60
2021-01-17,2 wk ahead inc death,2021-01-30,24,quantile,0.5,248.77
2021-01-17,2 wk ahead inc death,2021-01-30,24,quantile,0.975,256.20
2021-01-17,2 wk ahead inc death,2021-01-30,24,quantile,0.025,239.96
2021-01-17,2 wk ahead inc death,2021-01-30,24,quantile,0.1,243.87
2021-01-17,2 wk ahead inc death,2021-01-30,24,quantile,0.9,254.26
2021-01-17,2 wk ahead inc death,2021-01-30,24,quantile,0.75,251.54
2021-01-17,2 wk ahead inc death,2021-01-30,24,quantile,0.25,246.60
2021-01-17,2 wk ahead inc death,2021-01-30,25,quantile,0.9,465.25
2021-01-17,2 wk ahead inc death,2021-01-30,25,quantile,0.975,471.38
2021-01-17,2 wk ahead inc death,2021-01-30,25,quantile,0.025,444.43
2021-01-17,2 wk ahead inc death,2021-01-30,25,quantile,0.75,462.22
2021-01-17,2 wk ahead inc death,2021-01-30,25,quantile,0.1,448.29
2021-01-17,2 wk ahead inc death,2021-01-30,25,quantile,0.5,458.07
2021-01-17,2 wk ahead inc death,2021-01-30,25,quantile,0.25,452.27
2021-01-17,2 wk ahead inc death,2021-01-30,26,quantile,0.75,380.80
2021-01-17,2 wk ahead inc death,2021-01-30,26,quantile,0.025,362.40
2021-01-17,2 wk ahead inc death,2021-01-30,26,quantile,0.1,367.00
2021-01-17,2 wk ahead inc death,2021-01-30,26,quantile,0.25,370.93
2021-01-17,2 wk ahead inc death,2021-01-30,26,quantile,0.9,383.60
2021-01-17,2 wk ahead inc death,2021-01-30,26,quantile,0.5,375.40
2021-01-17,2 wk ahead inc death,2021-01-30,26,quantile,0.975,388.24
2021-01-17,2 wk ahead inc death,2021-01-30,27,quantile,0.1,149.92
2021-01-17,2 wk ahead inc death,2021-01-30,27,quantile,0.025,147.27
2021-01-17,2 wk ahead inc death,2021-01-30,27,quantile,0.9,160.19
2021-01-17,2 wk ahead inc death,2021-01-30,27,quantile,0.5,155.42
2021-01-17,2 wk ahead inc death,2021-01-30,27,quantile,0.25,152.62
2021-01-17,2 wk ahead inc death,2021-01-30,27,quantile,0.75,158.05
2021-01-17,2 wk ahead inc death,2021-01-30,27,quantile,0.975,162.12
2021-01-17,2 wk ahead inc death,2021-01-30,28,quantile,0.5,239.26
2021-01-17,2 wk ahead inc death,2021-01-30,28,quantile,0.975,247.10
2021-01-17,2 wk ahead inc death,2021-01-30,28,quantile,0.25,235.59
2021-01-17,2 wk ahead inc death,2021-01-30,28,quantile,0.9,244.62
2021-01-17,2 wk ahead inc death,2021-01-30,28,quantile,0.1,232.97
2021-01-17,2 wk ahead inc death,2021-01-30,28,quantile,0.75,242.20
2021-01-17,2 wk ahead inc death,2021-01-30,28,quantile,0.025,230.52
2021-01-17,2 wk ahead inc death,2021-01-30,29,quantile,0.75,273.59
2021-01-17,2 wk ahead inc death,2021-01-30,29,quantile,0.9,277.16
2021-01-17,2 wk ahead inc death,2021-01-30,29,quantile,0.975,282.43
2021-01-17,2 wk ahead inc death,2021-01-30,29,quantile,0.5,268.49
2021-01-17,2 wk ahead inc death,2021-01-30,29,quantile,0.1,260.15
2021-01-17,2 wk ahead inc death,2021-01-30,29,quantile,0.025,255.42
2021-01-17,2 wk ahead inc death,2021-01-30,29,quantile,0.25,264.62
2021-01-17,2 wk ahead inc death,2021-01-30,30,quantile,0.975,61.48
2021-01-17,2 wk ahead inc death,2021-01-30,30,quantile,0.75,58.47
2021-01-17,2 wk ahead inc death,2021-01-30,30,quantile,0.025,51.53
2021-01-17,2 wk ahead inc death,2021-01-30,30,quantile,0.9,59.67
2021-01-17,2 wk ahead inc death,2021-01-30,30,quantile,0.1,53.09
2021-01-17,2 wk ahead inc death,2021-01-30,30,quantile,0.5,57.09
2021-01-17,2 wk ahead inc death,2021-01-30,30,quantile,0.25,55.18
2021-01-17,2 wk ahead inc death,2021-01-30,31,quantile,0.1,73.43
2021-01-17,2 wk ahead inc death,2021-01-30,31,quantile,0.025,70.88
2021-01-17,2 wk ahead inc death,2021-01-30,31,quantile,0.9,82.21
2021-01-17,2 wk ahead inc death,2021-01-30,31,quantile,0.25,75.37
2021-01-17,2 wk ahead inc death,2021-01-30,31,quantile,0.75,80.48
2021-01-17,2 wk ahead inc death,2021-01-30,31,quantile,0.5,78.01
2021-01-17,2 wk ahead inc death,2021-01-30,31,quantile,0.975,83.84
2021-01-17,2 wk ahead inc death,2021-01-30,32,quantile,0.975,249.20
2021-01-17,2 wk ahead inc death,2021-01-30,32,quantile,0.9,247.73
2021-01-17,2 wk ahead inc death,2021-01-30,32,quantile,0.25,233.23
2021-01-17,2 wk ahead inc death,2021-01-30,32,quantile,0.025,224.82
2021-01-17,2 wk ahead inc death,2021-01-30,32,quantile,0.75,243.78
2021-01-17,2 wk ahead inc death,2021-01-30,32,quantile,0.5,239.30
2021-01-17,2 wk ahead inc death,2021-01-30,32,quantile,0.1,228.51
2021-01-17,2 wk ahead inc death,2021-01-30,33,quantile,0.9,56.18
2021-01-17,2 wk ahead inc death,2021-01-30,33,quantile,0.25,53.60
2021-01-17,2 wk ahead inc death,2021-01-30,33,quantile,0.025,51.76
2021-01-17,2 wk ahead inc death,2021-01-30,33,quantile,0.1,52.64
2021-01-17,2 wk ahead inc death,2021-01-30,33,quantile,0.5,54.65
2021-01-17,2 wk ahead inc death,2021-01-30,33,quantile,0.975,57.30
2021-01-17,2 wk ahead inc death,2021-01-30,33,quantile,0.75,55.50
2021-01-17,2 wk ahead inc death,2021-01-30,34,quantile,0.975,512.44
2021-01-17,2 wk ahead inc death,2021-01-30,34,quantile,0.75,505.87
2021-01-17,2 wk ahead inc death,2021-01-30,34,quantile,0.9,509.21
2021-01-17,2 wk ahead inc death,2021-01-30,34,quantile,0.1,493.12
2021-01-17,2 wk ahead inc death,2021-01-30,34,quantile,0.5,501.95
2021-01-17,2 wk ahead inc death,2021-01-30,34,quantile,0.025,489.38
2021-01-17,2 wk ahead inc death,2021-01-30,34,quantile,0.25,498.33
2021-01-17,2 wk ahead inc death,2021-01-30,35,quantile,0.75,153.50
2021-01-17,2 wk ahead inc death,2021-01-30,35,quantile,0.9,156.31
2021-01-17,2 wk ahead inc death,2021-01-30,35,quantile,0.1,146.87
2021-01-17,2 wk ahead inc death,2021-01-30,35,quantile,0.25,149.57
2021-01-17,2 wk ahead inc death,2021-01-30,35,quantile,0.025,144.73
2021-01-17,2 wk ahead inc death,2021-01-30,35,quantile,0.5,151.72
2021-01-17,2 wk ahead inc death,2021-01-30,35,quantile,0.975,157.30
2021-01-17,2 wk ahead inc death,2021-01-30,36,quantile,0.25,1235.73
2021-01-17,2 wk ahead inc death,2021-01-30,36,quantile,0.1,1228.23
2021-01-17,2 wk ahead inc death,2021-01-30,36,quantile,0.5,1245.93
2021-01-17,2 wk ahead inc death,2021-01-30,36,quantile,0.9,1261.77
2021-01-17,2 wk ahead inc death,2021-01-30,36,quantile,0.75,1252.66
2021-01-17,2 wk ahead inc death,2021-01-30,36,quantile,0.975,1270.58
2021-01-17,2 wk ahead inc death,2021-01-30,36,quantile,0.025,1223.40
2021-01-17,2 wk ahead inc death,2021-01-30,37,quantile,0.1,582.68
2021-01-17,2 wk ahead inc death,2021-01-30,37,quantile,0.9,599.42
2021-01-17,2 wk ahead inc death,2021-01-30,37,quantile,0.75,595.04
2021-01-17,2 wk ahead inc death,2021-01-30,37,quantile,0.25,587.23
2021-01-17,2 wk ahead inc death,2021-01-30,37,quantile,0.025,578.59
2021-01-17,2 wk ahead inc death,2021-01-30,37,quantile,0.975,603.46
2021-01-17,2 wk ahead inc death,2021-01-30,37,quantile,0.5,591.35
2021-01-17,2 wk ahead inc death,2021-01-30,38,quantile,0.025,19.94
2021-01-17,2 wk ahead inc death,2021-01-30,38,quantile,0.75,25.04
2021-01-17,2 wk ahead inc death,2021-01-30,38,quantile,0.975,27.30
2021-01-17,2 wk ahead inc death,2021-01-30,38,quantile,0.1,20.89
2021-01-17,2 wk ahead inc death,2021-01-30,38,quantile,0.5,23.63
2021-01-17,2 wk ahead inc death,2021-01-30,38,quantile,0.25,22.31
2021-01-17,2 wk ahead inc death,2021-01-30,38,quantile,0.9,26.02
2021-01-17,2 wk ahead inc death,2021-01-30,39,quantile,0.975,619.87
2021-01-17,2 wk ahead inc death,2021-01-30,39,quantile,0.75,610.66
2021-01-17,2 wk ahead inc death,2021-01-30,39,quantile,0.025,591.22
2021-01-17,2 wk ahead inc death,2021-01-30,39,quantile,0.1,595.91
2021-01-17,2 wk ahead inc death,2021-01-30,39,quantile,0.25,600.91
2021-01-17,2 wk ahead inc death,2021-01-30,39,quantile,0.9,614.87
2021-01-17,2 wk ahead inc death,2021-01-30,39,quantile,0.5,605.84
2021-01-17,2 wk ahead inc death,2021-01-30,40,quantile,0.9,297.72
2021-01-17,2 wk ahead inc death,2021-01-30,40,quantile,0.75,293.48
2021-01-17,2 wk ahead inc death,2021-01-30,40,quantile,0.5,291.08
2021-01-17,2 wk ahead inc death,2021-01-30,40,quantile,0.025,279.20
2021-01-17,2 wk ahead inc death,2021-01-30,40,quantile,0.975,301.00
2021-01-17,2 wk ahead inc death,2021-01-30,40,quantile,0.25,287.06
2021-01-17,2 wk ahead inc death,2021-01-30,40,quantile,0.1,283.91
2021-01-17,2 wk ahead inc death,2021-01-30,41,quantile,0.9,145.74
2021-01-17,2 wk ahead inc death,2021-01-30,41,quantile,0.975,146.86
2021-01-17,2 wk ahead inc death,2021-01-30,41,quantile,0.75,144.16
2021-01-17,2 wk ahead inc death,2021-01-30,41,quantile,0.025,136.68
2021-01-17,2 wk ahead inc death,2021-01-30,41,quantile,0.25,139.53
2021-01-17,2 wk ahead inc death,2021-01-30,41,quantile,0.5,142.08
2021-01-17,2 wk ahead inc death,2021-01-30,41,quantile,0.1,138.09
2021-01-17,2 wk ahead inc death,2021-01-30,42,quantile,0.975,1023.02
2021-01-17,2 wk ahead inc death,2021-01-30,42,quantile,0.9,1016.95
2021-01-17,2 wk ahead inc death,2021-01-30,42,quantile,0.025,981.27
2021-01-17,2 wk ahead inc death,2021-01-30,42,quantile,0.1,989.65
2021-01-17,2 wk ahead inc death,2021-01-30,42,quantile,0.25,997.65
2021-01-17,2 wk ahead inc death,2021-01-30,42,quantile,0.75,1011.22
2021-01-17,2 wk ahead inc death,2021-01-30,42,quantile,0.5,1004.40
2021-01-17,2 wk ahead inc death,2021-01-30,44,quantile,0.1,71.35
2021-01-17,2 wk ahead inc death,2021-01-30,44,quantile,0.25,72.51
2021-01-17,2 wk ahead inc death,2021-01-30,44,quantile,0.75,76.66
2021-01-17,2 wk ahead inc death,2021-01-30,44,quantile,0.5,74.28
2021-01-17,2 wk ahead inc death,2021-01-30,44,quantile,0.975,85.56
2021-01-17,2 wk ahead inc death,2021-01-30,44,quantile,0.9,80.60
2021-01-17,2 wk ahead inc death,2021-01-30,44,quantile,0.025,70.51
2021-01-17,2 wk ahead inc death,2021-01-30,45,quantile,0.5,371.32
2021-01-17,2 wk ahead inc death,2021-01-30,45,quantile,0.025,362.08
2021-01-17,2 wk ahead inc death,2021-01-30,45,quantile,0.25,366.88
2021-01-17,2 wk ahead inc death,2021-01-30,45,quantile,0.1,364.37
2021-01-17,2 wk ahead inc death,2021-01-30,45,quantile,0.9,377.58
2021-01-17,2 wk ahead inc death,2021-01-30,45,quantile,0.75,375.22
2021-01-17,2 wk ahead inc death,2021-01-30,45,quantile,0.975,381.30
2021-01-17,2 wk ahead inc death,2021-01-30,46,quantile,0.975,50.72
2021-01-17,2 wk ahead inc death,2021-01-30,46,quantile,0.1,41.99
2021-01-17,2 wk ahead inc death,2021-01-30,46,quantile,0.9,49.33
2021-01-17,2 wk ahead inc death,2021-01-30,46,quantile,0.025,40.00
2021-01-17,2 wk ahead inc death,2021-01-30,46,quantile,0.25,43.95
2021-01-17,2 wk ahead inc death,2021-01-30,46,quantile,0.75,48.04
2021-01-17,2 wk ahead inc death,2021-01-30,46,quantile,0.5,46.75
2021-01-17,2 wk ahead inc death,2021-01-30,47,quantile,0.9,497.08
2021-01-17,2 wk ahead inc death,2021-01-30,47,quantile,0.25,481.56
2021-01-17,2 wk ahead inc death,2021-01-30,47,quantile,0.5,486.22
2021-01-17,2 wk ahead inc death,2021-01-30,47,quantile,0.975,500.01
2021-01-17,2 wk ahead inc death,2021-01-30,47,quantile,0.1,477.20
2021-01-17,2 wk ahead inc death,2021-01-30,47,quantile,0.75,491.91
2021-01-17,2 wk ahead inc death,2021-01-30,47,quantile,0.025,471.64
2021-01-17,2 wk ahead inc death,2021-01-30,48,quantile,0.25,1998.70
2021-01-17,2 wk ahead inc death,2021-01-30,48,quantile,0.5,2013.85
2021-01-17,2 wk ahead inc death,2021-01-30,48,quantile,0.975,2060.80
2021-01-17,2 wk ahead inc death,2021-01-30,48,quantile,0.025,1975.77
2021-01-17,2 wk ahead inc death,2021-01-30,48,quantile,0.1,1986.74
2021-01-17,2 wk ahead inc death,2021-01-30,48,quantile,0.75,2031.25
2021-01-17,2 wk ahead inc death,2021-01-30,48,quantile,0.9,2053.47
2021-01-17,2 wk ahead inc death,2021-01-30,49,quantile,0.75,93.85
2021-01-17,2 wk ahead inc death,2021-01-30,49,quantile,0.9,95.55
2021-01-17,2 wk ahead inc death,2021-01-30,49,quantile,0.1,88.63
2021-01-17,2 wk ahead inc death,2021-01-30,49,quantile,0.025,87.49
2021-01-17,2 wk ahead inc death,2021-01-30,49,quantile,0.25,90.78
2021-01-17,2 wk ahead inc death,2021-01-30,49,quantile,0.5,92.32
2021-01-17,2 wk ahead inc death,2021-01-30,49,quantile,0.975,97.72
2021-01-17,2 wk ahead inc death,2021-01-30,50,quantile,0.5,11.52
2021-01-17,2 wk ahead inc death,2021-01-30,50,quantile,0.25,10.93
2021-01-17,2 wk ahead inc death,2021-01-30,50,quantile,0.9,12.44
2021-01-17,2 wk ahead inc death,2021-01-30,50,quantile,0.975,12.62
2021-01-17,2 wk ahead inc death,2021-01-30,50,quantile,0.1,10.26
2021-01-17,2 wk ahead inc death,2021-01-30,50,quantile,0.75,12.16
2021-01-17,2 wk ahead inc death,2021-01-30,50,quantile,0.025,9.88
2021-01-17,2 wk ahead inc death,2021-01-30,51,quantile,0.975,399.44
2021-01-17,2 wk ahead inc death,2021-01-30,51,quantile,0.1,380.07
2021-01-17,2 wk ahead inc death,2021-01-30,51,quantile,0.5,388.79
2021-01-17,2 wk ahead inc death,2021-01-30,51,quantile,0.25,384.44
2021-01-17,2 wk ahead inc death,2021-01-30,51,quantile,0.75,392.10
2021-01-17,2 wk ahead inc death,2021-01-30,51,quantile,0.9,394.85
2021-01-17,2 wk ahead inc death,2021-01-30,51,quantile,0.025,376.22
2021-01-17,2 wk ahead inc death,2021-01-30,53,quantile,0.25,197.66
2021-01-17,2 wk ahead inc death,2021-01-30,53,quantile,0.025,193.02
2021-01-17,2 wk ahead inc death,2021-01-30,53,quantile,0.1,195.64
2021-01-17,2 wk ahead inc death,2021-01-30,53,quantile,0.975,207.13
2021-01-17,2 wk ahead inc death,2021-01-30,53,quantile,0.9,204.30
2021-01-17,2 wk ahead inc death,2021-01-30,53,quantile,0.5,199.83
2021-01-17,2 wk ahead inc death,2021-01-30,53,quantile,0.75,202.37
2021-01-17,2 wk ahead inc death,2021-01-30,54,quantile,0.75,145.12
2021-01-17,2 wk ahead inc death,2021-01-30,54,quantile,0.5,142.53
2021-01-17,2 wk ahead inc death,2021-01-30,54,quantile,0.025,137.16
2021-01-17,2 wk ahead inc death,2021-01-30,54,quantile,0.975,149.54
2021-01-17,2 wk ahead inc death,2021-01-30,54,quantile,0.25,140.52
2021-01-17,2 wk ahead inc death,2021-01-30,54,quantile,0.9,147.37
2021-01-17,2 wk ahead inc death,2021-01-30,54,quantile,0.1,139.03
2021-01-17,2 wk ahead inc death,2021-01-30,55,quantile,0.025,244.77
2021-01-17,2 wk ahead inc death,2021-01-30,55,quantile,0.975,262.73
2021-01-17,2 wk ahead inc death,2021-01-30,55,quantile,0.75,259.90
2021-01-17,2 wk ahead inc death,2021-01-30,55,quantile,0.5,255.52
2021-01-17,2 wk ahead inc death,2021-01-30,55,quantile,0.9,262.08
2021-01-17,2 wk ahead inc death,2021-01-30,55,quantile,0.1,248.32
2021-01-17,2 wk ahead inc death,2021-01-30,55,quantile,0.25,252.81
2021-01-17,2 wk ahead inc death,2021-01-30,56,quantile,0.9,33.57
2021-01-17,2 wk ahead inc death,2021-01-30,56,quantile,0.75,32.87
2021-01-17,2 wk ahead inc death,2021-01-30,56,quantile,0.5,32.08
2021-01-17,2 wk ahead inc death,2021-01-30,56,quantile,0.25,31.40
2021-01-17,2 wk ahead inc death,2021-01-30,56,quantile,0.025,29.95
2021-01-17,2 wk ahead inc death,2021-01-30,56,quantile,0.1,30.58
2021-01-17,2 wk ahead inc death,2021-01-30,56,quantile,0.975,34.00
2021-01-17,1 wk ahead inc death,2021-01-23,US,point,NA,22109.33
2021-01-17,1 wk ahead inc death,2021-01-23,US,quantile,0.025,21881.41
2021-01-17,1 wk ahead inc death,2021-01-23,US,quantile,0.1,21946.76
2021-01-17,1 wk ahead inc death,2021-01-23,US,quantile,0.25,22011.74
2021-01-17,1 wk ahead inc death,2021-01-23,US,quantile,0.5,22099.06
2021-01-17,1 wk ahead inc death,2021-01-23,US,quantile,0.75,22184.81
2021-01-17,1 wk ahead inc death,2021-01-23,US,quantile,0.9,22284.92
2021-01-17,1 wk ahead inc death,2021-01-23,US,quantile,0.975,22402.60
2021-01-17,2 wk ahead inc death,2021-01-30,US,point,NA,20412.01
2021-01-17,2 wk ahead inc death,2021-01-30,US,quantile,0.025,20060.17
2021-01-17,2 wk ahead inc death,2021-01-30,US,quantile,0.1,20163.60
2021-01-17,2 wk ahead inc death,2021-01-30,US,quantile,0.25,20275.69
2021-01-17,2 wk ahead inc death,2021-01-30,US,quantile,0.5,20409.61
2021-01-17,2 wk ahead inc death,2021-01-30,US,quantile,0.75,20532.36
2021-01-17,2 wk ahead inc death,2021-01-30,US,quantile,0.9,20691.80
2021-01-17,2 wk ahead inc death,2021-01-30,US,quantile,0.975,20827.27
