forecast_date,target,target_end_date,location,type,quantile,value
2021-01-03,1 wk ahead inc death,2021-01-09,01,point,NA,264.07
2021-01-03,1 wk ahead inc death,2021-01-09,02,point,NA,20.02
2021-01-03,1 wk ahead inc death,2021-01-09,04,point,NA,617.32
2021-01-03,1 wk ahead inc death,2021-01-09,05,point,NA,288.40
2021-01-03,1 wk ahead inc death,2021-01-09,06,point,NA,2470.74
2021-01-03,1 wk ahead inc death,2021-01-09,08,point,NA,328.03
2021-01-03,1 wk ahead inc death,2021-01-09,09,point,NA,309.25
2021-01-03,1 wk ahead inc death,2021-01-09,10,point,NA,43.23
2021-01-03,1 wk ahead inc death,2021-01-09,11,point,NA,29.36
2021-01-03,1 wk ahead inc death,2021-01-09,12,point,NA,932.81
2021-01-03,1 wk ahead inc death,2021-01-09,13,point,NA,446.10
2021-01-03,1 wk ahead inc death,2021-01-09,15,point,NA,7.97
2021-01-03,1 wk ahead inc death,2021-01-09,16,point,NA,100.54
2021-01-03,1 wk ahead inc death,2021-01-09,17,point,NA,928.86
2021-01-03,1 wk ahead inc death,2021-01-09,18,point,NA,580.59
2021-01-03,1 wk ahead inc death,2021-01-09,19,point,NA,203.41
2021-01-03,1 wk ahead inc death,2021-01-09,20,point,NA,317.75
2021-01-03,1 wk ahead inc death,2021-01-09,21,point,NA,240.03
2021-01-03,1 wk ahead inc death,2021-01-09,22,point,NA,256.42
2021-01-03,1 wk ahead inc death,2021-01-09,23,point,NA,55.98
2021-01-03,1 wk ahead inc death,2021-01-09,24,point,NA,299.10
2021-01-03,1 wk ahead inc death,2021-01-09,25,point,NA,511.51
2021-01-03,1 wk ahead inc death,2021-01-09,26,point,NA,558.96
2021-01-03,1 wk ahead inc death,2021-01-09,27,point,NA,244.54
2021-01-03,1 wk ahead inc death,2021-01-09,28,point,NA,254.16
2021-01-03,1 wk ahead inc death,2021-01-09,29,point,NA,298.86
2021-01-03,1 wk ahead inc death,2021-01-09,30,point,NA,63.86
2021-01-03,1 wk ahead inc death,2021-01-09,31,point,NA,119.36
2021-01-03,1 wk ahead inc death,2021-01-09,32,point,NA,217.34
2021-01-03,1 wk ahead inc death,2021-01-09,33,point,NA,75.20
2021-01-03,1 wk ahead inc death,2021-01-09,34,point,NA,577.76
2021-01-03,1 wk ahead inc death,2021-01-09,35,point,NA,195.55
2021-01-03,1 wk ahead inc death,2021-01-09,36,point,NA,1080.66
2021-01-03,1 wk ahead inc death,2021-01-09,37,point,NA,477.59
2021-01-03,1 wk ahead inc death,2021-01-09,38,point,NA,38.85
2021-01-03,1 wk ahead inc death,2021-01-09,39,point,NA,605.23
2021-01-03,1 wk ahead inc death,2021-01-09,40,point,NA,237.63
2021-01-03,1 wk ahead inc death,2021-01-09,41,point,NA,123.73
2021-01-03,1 wk ahead inc death,2021-01-09,42,point,NA,1181.00
2021-01-03,1 wk ahead inc death,2021-01-09,44,point,NA,83.03
2021-01-03,1 wk ahead inc death,2021-01-09,45,point,NA,301.92
2021-01-03,1 wk ahead inc death,2021-01-09,46,point,NA,63.50
2021-01-03,1 wk ahead inc death,2021-01-09,47,point,NA,536.04
2021-01-03,1 wk ahead inc death,2021-01-09,48,point,NA,1573.06
2021-01-03,1 wk ahead inc death,2021-01-09,49,point,NA,72.60
2021-01-03,1 wk ahead inc death,2021-01-09,50,point,NA,18.46
2021-01-03,1 wk ahead inc death,2021-01-09,51,point,NA,325.72
2021-01-03,1 wk ahead inc death,2021-01-09,53,point,NA,253.55
2021-01-03,1 wk ahead inc death,2021-01-09,54,point,NA,146.19
2021-01-03,1 wk ahead inc death,2021-01-09,55,point,NA,256.63
2021-01-03,1 wk ahead inc death,2021-01-09,56,point,NA,50.27
2021-01-03,1 wk ahead inc death,2021-01-09,01,quantile,0.025,257.69
2021-01-03,1 wk ahead inc death,2021-01-09,01,quantile,0.975,270.36
2021-01-03,1 wk ahead inc death,2021-01-09,01,quantile,0.1,260.56
2021-01-03,1 wk ahead inc death,2021-01-09,01,quantile,0.75,266.20
2021-01-03,1 wk ahead inc death,2021-01-09,01,quantile,0.5,263.75
2021-01-03,1 wk ahead inc death,2021-01-09,01,quantile,0.9,268.19
2021-01-03,1 wk ahead inc death,2021-01-09,01,quantile,0.25,262.24
2021-01-03,1 wk ahead inc death,2021-01-09,02,quantile,0.1,19.33
2021-01-03,1 wk ahead inc death,2021-01-09,02,quantile,0.5,20.04
2021-01-03,1 wk ahead inc death,2021-01-09,02,quantile,0.975,20.94
2021-01-03,1 wk ahead inc death,2021-01-09,02,quantile,0.25,19.69
2021-01-03,1 wk ahead inc death,2021-01-09,02,quantile,0.75,20.35
2021-01-03,1 wk ahead inc death,2021-01-09,02,quantile,0.025,18.95
2021-01-03,1 wk ahead inc death,2021-01-09,02,quantile,0.9,20.67
2021-01-03,1 wk ahead inc death,2021-01-09,04,quantile,0.25,613.13
2021-01-03,1 wk ahead inc death,2021-01-09,04,quantile,0.9,624.45
2021-01-03,1 wk ahead inc death,2021-01-09,04,quantile,0.5,616.75
2021-01-03,1 wk ahead inc death,2021-01-09,04,quantile,0.75,622.00
2021-01-03,1 wk ahead inc death,2021-01-09,04,quantile,0.1,610.67
2021-01-03,1 wk ahead inc death,2021-01-09,04,quantile,0.025,607.17
2021-01-03,1 wk ahead inc death,2021-01-09,04,quantile,0.975,628.09
2021-01-03,1 wk ahead inc death,2021-01-09,05,quantile,0.5,288.21
2021-01-03,1 wk ahead inc death,2021-01-09,05,quantile,0.1,285.32
2021-01-03,1 wk ahead inc death,2021-01-09,05,quantile,0.25,286.44
2021-01-03,1 wk ahead inc death,2021-01-09,05,quantile,0.9,291.45
2021-01-03,1 wk ahead inc death,2021-01-09,05,quantile,0.025,282.96
2021-01-03,1 wk ahead inc death,2021-01-09,05,quantile,0.975,293.01
2021-01-03,1 wk ahead inc death,2021-01-09,05,quantile,0.75,290.39
2021-01-03,1 wk ahead inc death,2021-01-09,06,quantile,0.1,2431.30
2021-01-03,1 wk ahead inc death,2021-01-09,06,quantile,0.25,2449.78
2021-01-03,1 wk ahead inc death,2021-01-09,06,quantile,0.9,2506.34
2021-01-03,1 wk ahead inc death,2021-01-09,06,quantile,0.975,2518.20
2021-01-03,1 wk ahead inc death,2021-01-09,06,quantile,0.75,2490.13
2021-01-03,1 wk ahead inc death,2021-01-09,06,quantile,0.5,2474.82
2021-01-03,1 wk ahead inc death,2021-01-09,06,quantile,0.025,2418.50
2021-01-03,1 wk ahead inc death,2021-01-09,08,quantile,0.75,330.47
2021-01-03,1 wk ahead inc death,2021-01-09,08,quantile,0.1,323.98
2021-01-03,1 wk ahead inc death,2021-01-09,08,quantile,0.5,328.25
2021-01-03,1 wk ahead inc death,2021-01-09,08,quantile,0.25,325.83
2021-01-03,1 wk ahead inc death,2021-01-09,08,quantile,0.975,333.97
2021-01-03,1 wk ahead inc death,2021-01-09,08,quantile,0.025,321.60
2021-01-03,1 wk ahead inc death,2021-01-09,08,quantile,0.9,332.10
2021-01-03,1 wk ahead inc death,2021-01-09,09,quantile,0.025,304.17
2021-01-03,1 wk ahead inc death,2021-01-09,09,quantile,0.75,311.06
2021-01-03,1 wk ahead inc death,2021-01-09,09,quantile,0.25,307.32
2021-01-03,1 wk ahead inc death,2021-01-09,09,quantile,0.9,312.94
2021-01-03,1 wk ahead inc death,2021-01-09,09,quantile,0.5,309.04
2021-01-03,1 wk ahead inc death,2021-01-09,09,quantile,0.975,316.00
2021-01-03,1 wk ahead inc death,2021-01-09,09,quantile,0.1,305.23
2021-01-03,1 wk ahead inc death,2021-01-09,10,quantile,0.9,44.58
2021-01-03,1 wk ahead inc death,2021-01-09,10,quantile,0.975,45.27
2021-01-03,1 wk ahead inc death,2021-01-09,10,quantile,0.5,43.27
2021-01-03,1 wk ahead inc death,2021-01-09,10,quantile,0.25,42.36
2021-01-03,1 wk ahead inc death,2021-01-09,10,quantile,0.75,44.11
2021-01-03,1 wk ahead inc death,2021-01-09,10,quantile,0.025,40.89
2021-01-03,1 wk ahead inc death,2021-01-09,10,quantile,0.1,41.84
2021-01-03,1 wk ahead inc death,2021-01-09,11,quantile,0.025,28.12
2021-01-03,1 wk ahead inc death,2021-01-09,11,quantile,0.25,29.02
2021-01-03,1 wk ahead inc death,2021-01-09,11,quantile,0.1,28.48
2021-01-03,1 wk ahead inc death,2021-01-09,11,quantile,0.9,30.21
2021-01-03,1 wk ahead inc death,2021-01-09,11,quantile,0.975,30.44
2021-01-03,1 wk ahead inc death,2021-01-09,11,quantile,0.5,29.29
2021-01-03,1 wk ahead inc death,2021-01-09,11,quantile,0.75,29.83
2021-01-03,1 wk ahead inc death,2021-01-09,12,quantile,0.1,919.31
2021-01-03,1 wk ahead inc death,2021-01-09,12,quantile,0.9,942.72
2021-01-03,1 wk ahead inc death,2021-01-09,12,quantile,0.5,933.39
2021-01-03,1 wk ahead inc death,2021-01-09,12,quantile,0.25,926.57
2021-01-03,1 wk ahead inc death,2021-01-09,12,quantile,0.025,915.52
2021-01-03,1 wk ahead inc death,2021-01-09,12,quantile,0.975,956.22
2021-01-03,1 wk ahead inc death,2021-01-09,12,quantile,0.75,937.93
2021-01-03,1 wk ahead inc death,2021-01-09,13,quantile,0.25,441.45
2021-01-03,1 wk ahead inc death,2021-01-09,13,quantile,0.75,451.52
2021-01-03,1 wk ahead inc death,2021-01-09,13,quantile,0.5,444.65
2021-01-03,1 wk ahead inc death,2021-01-09,13,quantile,0.9,456.47
2021-01-03,1 wk ahead inc death,2021-01-09,13,quantile,0.1,439.02
2021-01-03,1 wk ahead inc death,2021-01-09,13,quantile,0.975,458.36
2021-01-03,1 wk ahead inc death,2021-01-09,13,quantile,0.025,434.95
2021-01-03,1 wk ahead inc death,2021-01-09,15,quantile,0.975,8.54
2021-01-03,1 wk ahead inc death,2021-01-09,15,quantile,0.9,8.34
2021-01-03,1 wk ahead inc death,2021-01-09,15,quantile,0.1,7.69
2021-01-03,1 wk ahead inc death,2021-01-09,15,quantile,0.25,7.80
2021-01-03,1 wk ahead inc death,2021-01-09,15,quantile,0.75,8.13
2021-01-03,1 wk ahead inc death,2021-01-09,15,quantile,0.5,7.95
2021-01-03,1 wk ahead inc death,2021-01-09,15,quantile,0.025,7.51
2021-01-03,1 wk ahead inc death,2021-01-09,16,quantile,0.025,97.50
2021-01-03,1 wk ahead inc death,2021-01-09,16,quantile,0.5,100.59
2021-01-03,1 wk ahead inc death,2021-01-09,16,quantile,0.25,99.84
2021-01-03,1 wk ahead inc death,2021-01-09,16,quantile,0.975,103.45
2021-01-03,1 wk ahead inc death,2021-01-09,16,quantile,0.75,101.49
2021-01-03,1 wk ahead inc death,2021-01-09,16,quantile,0.9,102.43
2021-01-03,1 wk ahead inc death,2021-01-09,16,quantile,0.1,98.39
2021-01-03,1 wk ahead inc death,2021-01-09,17,quantile,0.25,923.53
2021-01-03,1 wk ahead inc death,2021-01-09,17,quantile,0.75,935.26
2021-01-03,1 wk ahead inc death,2021-01-09,17,quantile,0.5,928.77
2021-01-03,1 wk ahead inc death,2021-01-09,17,quantile,0.9,939.24
2021-01-03,1 wk ahead inc death,2021-01-09,17,quantile,0.1,917.02
2021-01-03,1 wk ahead inc death,2021-01-09,17,quantile,0.975,945.50
2021-01-03,1 wk ahead inc death,2021-01-09,17,quantile,0.025,909.97
2021-01-03,1 wk ahead inc death,2021-01-09,18,quantile,0.9,587.67
2021-01-03,1 wk ahead inc death,2021-01-09,18,quantile,0.75,582.79
2021-01-03,1 wk ahead inc death,2021-01-09,18,quantile,0.1,575.20
2021-01-03,1 wk ahead inc death,2021-01-09,18,quantile,0.975,591.52
2021-01-03,1 wk ahead inc death,2021-01-09,18,quantile,0.25,577.52
2021-01-03,1 wk ahead inc death,2021-01-09,18,quantile,0.025,572.13
2021-01-03,1 wk ahead inc death,2021-01-09,18,quantile,0.5,580.05
2021-01-03,1 wk ahead inc death,2021-01-09,19,quantile,0.25,201.93
2021-01-03,1 wk ahead inc death,2021-01-09,19,quantile,0.5,203.39
2021-01-03,1 wk ahead inc death,2021-01-09,19,quantile,0.1,200.02
2021-01-03,1 wk ahead inc death,2021-01-09,19,quantile,0.9,207.07
2021-01-03,1 wk ahead inc death,2021-01-09,19,quantile,0.75,204.93
2021-01-03,1 wk ahead inc death,2021-01-09,19,quantile,0.025,197.15
2021-01-03,1 wk ahead inc death,2021-01-09,19,quantile,0.975,208.94
2021-01-03,1 wk ahead inc death,2021-01-09,20,quantile,0.025,310.07
2021-01-03,1 wk ahead inc death,2021-01-09,20,quantile,0.975,324.45
2021-01-03,1 wk ahead inc death,2021-01-09,20,quantile,0.5,318.13
2021-01-03,1 wk ahead inc death,2021-01-09,20,quantile,0.25,316.00
2021-01-03,1 wk ahead inc death,2021-01-09,20,quantile,0.75,319.69
2021-01-03,1 wk ahead inc death,2021-01-09,20,quantile,0.9,322.05
2021-01-03,1 wk ahead inc death,2021-01-09,20,quantile,0.1,313.06
2021-01-03,1 wk ahead inc death,2021-01-09,21,quantile,0.1,235.66
2021-01-03,1 wk ahead inc death,2021-01-09,21,quantile,0.25,238.58
2021-01-03,1 wk ahead inc death,2021-01-09,21,quantile,0.5,239.99
2021-01-03,1 wk ahead inc death,2021-01-09,21,quantile,0.9,244.55
2021-01-03,1 wk ahead inc death,2021-01-09,21,quantile,0.025,233.26
2021-01-03,1 wk ahead inc death,2021-01-09,21,quantile,0.975,245.66
2021-01-03,1 wk ahead inc death,2021-01-09,21,quantile,0.75,241.96
2021-01-03,1 wk ahead inc death,2021-01-09,22,quantile,0.5,255.98
2021-01-03,1 wk ahead inc death,2021-01-09,22,quantile,0.9,260.33
2021-01-03,1 wk ahead inc death,2021-01-09,22,quantile,0.025,250.93
2021-01-03,1 wk ahead inc death,2021-01-09,22,quantile,0.75,258.27
2021-01-03,1 wk ahead inc death,2021-01-09,22,quantile,0.975,263.41
2021-01-03,1 wk ahead inc death,2021-01-09,22,quantile,0.25,254.44
2021-01-03,1 wk ahead inc death,2021-01-09,22,quantile,0.1,252.73
2021-01-03,1 wk ahead inc death,2021-01-09,23,quantile,0.9,56.89
2021-01-03,1 wk ahead inc death,2021-01-09,23,quantile,0.75,56.54
2021-01-03,1 wk ahead inc death,2021-01-09,23,quantile,0.5,55.93
2021-01-03,1 wk ahead inc death,2021-01-09,23,quantile,0.025,54.54
2021-01-03,1 wk ahead inc death,2021-01-09,23,quantile,0.1,55.06
2021-01-03,1 wk ahead inc death,2021-01-09,23,quantile,0.25,55.54
2021-01-03,1 wk ahead inc death,2021-01-09,23,quantile,0.975,57.52
2021-01-03,1 wk ahead inc death,2021-01-09,24,quantile,0.5,298.71
2021-01-03,1 wk ahead inc death,2021-01-09,24,quantile,0.975,304.09
2021-01-03,1 wk ahead inc death,2021-01-09,24,quantile,0.025,294.60
2021-01-03,1 wk ahead inc death,2021-01-09,24,quantile,0.1,295.64
2021-01-03,1 wk ahead inc death,2021-01-09,24,quantile,0.9,302.22
2021-01-03,1 wk ahead inc death,2021-01-09,24,quantile,0.75,301.03
2021-01-03,1 wk ahead inc death,2021-01-09,24,quantile,0.25,297.62
2021-01-03,1 wk ahead inc death,2021-01-09,25,quantile,0.9,516.92
2021-01-03,1 wk ahead inc death,2021-01-09,25,quantile,0.975,518.90
2021-01-03,1 wk ahead inc death,2021-01-09,25,quantile,0.025,504.98
2021-01-03,1 wk ahead inc death,2021-01-09,25,quantile,0.75,514.40
2021-01-03,1 wk ahead inc death,2021-01-09,25,quantile,0.1,506.85
2021-01-03,1 wk ahead inc death,2021-01-09,25,quantile,0.5,511.44
2021-01-03,1 wk ahead inc death,2021-01-09,25,quantile,0.25,508.33
2021-01-03,1 wk ahead inc death,2021-01-09,26,quantile,0.75,561.86
2021-01-03,1 wk ahead inc death,2021-01-09,26,quantile,0.025,549.84
2021-01-03,1 wk ahead inc death,2021-01-09,26,quantile,0.1,552.73
2021-01-03,1 wk ahead inc death,2021-01-09,26,quantile,0.25,555.34
2021-01-03,1 wk ahead inc death,2021-01-09,26,quantile,0.9,565.96
2021-01-03,1 wk ahead inc death,2021-01-09,26,quantile,0.5,559.47
2021-01-03,1 wk ahead inc death,2021-01-09,26,quantile,0.975,569.07
2021-01-03,1 wk ahead inc death,2021-01-09,27,quantile,0.1,241.45
2021-01-03,1 wk ahead inc death,2021-01-09,27,quantile,0.025,238.80
2021-01-03,1 wk ahead inc death,2021-01-09,27,quantile,0.9,248.56
2021-01-03,1 wk ahead inc death,2021-01-09,27,quantile,0.5,244.55
2021-01-03,1 wk ahead inc death,2021-01-09,27,quantile,0.25,242.85
2021-01-03,1 wk ahead inc death,2021-01-09,27,quantile,0.75,246.28
2021-01-03,1 wk ahead inc death,2021-01-09,27,quantile,0.975,249.25
2021-01-03,1 wk ahead inc death,2021-01-09,28,quantile,0.5,253.95
2021-01-03,1 wk ahead inc death,2021-01-09,28,quantile,0.975,258.78
2021-01-03,1 wk ahead inc death,2021-01-09,28,quantile,0.25,252.81
2021-01-03,1 wk ahead inc death,2021-01-09,28,quantile,0.9,257.28
2021-01-03,1 wk ahead inc death,2021-01-09,28,quantile,0.1,251.42
2021-01-03,1 wk ahead inc death,2021-01-09,28,quantile,0.75,255.86
2021-01-03,1 wk ahead inc death,2021-01-09,28,quantile,0.025,249.04
2021-01-03,1 wk ahead inc death,2021-01-09,29,quantile,0.75,301.84
2021-01-03,1 wk ahead inc death,2021-01-09,29,quantile,0.9,304.63
2021-01-03,1 wk ahead inc death,2021-01-09,29,quantile,0.975,306.79
2021-01-03,1 wk ahead inc death,2021-01-09,29,quantile,0.5,298.67
2021-01-03,1 wk ahead inc death,2021-01-09,29,quantile,0.1,293.65
2021-01-03,1 wk ahead inc death,2021-01-09,29,quantile,0.025,290.69
2021-01-03,1 wk ahead inc death,2021-01-09,29,quantile,0.25,296.39
2021-01-03,1 wk ahead inc death,2021-01-09,30,quantile,0.975,66.87
2021-01-03,1 wk ahead inc death,2021-01-09,30,quantile,0.75,64.90
2021-01-03,1 wk ahead inc death,2021-01-09,30,quantile,0.025,60.90
2021-01-03,1 wk ahead inc death,2021-01-09,30,quantile,0.9,65.73
2021-01-03,1 wk ahead inc death,2021-01-09,30,quantile,0.1,62.21
2021-01-03,1 wk ahead inc death,2021-01-09,30,quantile,0.5,63.84
2021-01-03,1 wk ahead inc death,2021-01-09,30,quantile,0.25,62.95
2021-01-03,1 wk ahead inc death,2021-01-09,31,quantile,0.1,116.62
2021-01-03,1 wk ahead inc death,2021-01-09,31,quantile,0.025,113.82
2021-01-03,1 wk ahead inc death,2021-01-09,31,quantile,0.9,122.15
2021-01-03,1 wk ahead inc death,2021-01-09,31,quantile,0.25,118.32
2021-01-03,1 wk ahead inc death,2021-01-09,31,quantile,0.75,120.57
2021-01-03,1 wk ahead inc death,2021-01-09,31,quantile,0.5,119.46
2021-01-03,1 wk ahead inc death,2021-01-09,31,quantile,0.975,123.17
2021-01-03,1 wk ahead inc death,2021-01-09,32,quantile,0.975,223.47
2021-01-03,1 wk ahead inc death,2021-01-09,32,quantile,0.9,220.96
2021-01-03,1 wk ahead inc death,2021-01-09,32,quantile,0.25,215.56
2021-01-03,1 wk ahead inc death,2021-01-09,32,quantile,0.025,212.49
2021-01-03,1 wk ahead inc death,2021-01-09,32,quantile,0.75,218.35
2021-01-03,1 wk ahead inc death,2021-01-09,32,quantile,0.5,216.97
2021-01-03,1 wk ahead inc death,2021-01-09,32,quantile,0.1,214.43
2021-01-03,1 wk ahead inc death,2021-01-09,33,quantile,0.9,76.27
2021-01-03,1 wk ahead inc death,2021-01-09,33,quantile,0.25,74.60
2021-01-03,1 wk ahead inc death,2021-01-09,33,quantile,0.025,73.57
2021-01-03,1 wk ahead inc death,2021-01-09,33,quantile,0.1,74.13
2021-01-03,1 wk ahead inc death,2021-01-09,33,quantile,0.5,75.14
2021-01-03,1 wk ahead inc death,2021-01-09,33,quantile,0.975,77.06
2021-01-03,1 wk ahead inc death,2021-01-09,33,quantile,0.75,75.75
2021-01-03,1 wk ahead inc death,2021-01-09,34,quantile,0.975,588.80
2021-01-03,1 wk ahead inc death,2021-01-09,34,quantile,0.75,581.10
2021-01-03,1 wk ahead inc death,2021-01-09,34,quantile,0.9,582.98
2021-01-03,1 wk ahead inc death,2021-01-09,34,quantile,0.1,571.61
2021-01-03,1 wk ahead inc death,2021-01-09,34,quantile,0.5,578.03
2021-01-03,1 wk ahead inc death,2021-01-09,34,quantile,0.025,568.92
2021-01-03,1 wk ahead inc death,2021-01-09,34,quantile,0.25,574.21
2021-01-03,1 wk ahead inc death,2021-01-09,35,quantile,0.75,196.66
2021-01-03,1 wk ahead inc death,2021-01-09,35,quantile,0.9,198.05
2021-01-03,1 wk ahead inc death,2021-01-09,35,quantile,0.1,193.31
2021-01-03,1 wk ahead inc death,2021-01-09,35,quantile,0.25,194.52
2021-01-03,1 wk ahead inc death,2021-01-09,35,quantile,0.025,191.39
2021-01-03,1 wk ahead inc death,2021-01-09,35,quantile,0.5,195.49
2021-01-03,1 wk ahead inc death,2021-01-09,35,quantile,0.975,199.37
2021-01-03,1 wk ahead inc death,2021-01-09,36,quantile,0.25,1075.72
2021-01-03,1 wk ahead inc death,2021-01-09,36,quantile,0.1,1071.99
2021-01-03,1 wk ahead inc death,2021-01-09,36,quantile,0.5,1079.90
2021-01-03,1 wk ahead inc death,2021-01-09,36,quantile,0.9,1092.00
2021-01-03,1 wk ahead inc death,2021-01-09,36,quantile,0.75,1085.74
2021-01-03,1 wk ahead inc death,2021-01-09,36,quantile,0.975,1095.41
2021-01-03,1 wk ahead inc death,2021-01-09,36,quantile,0.025,1065.92
2021-01-03,1 wk ahead inc death,2021-01-09,37,quantile,0.1,471.74
2021-01-03,1 wk ahead inc death,2021-01-09,37,quantile,0.9,483.44
2021-01-03,1 wk ahead inc death,2021-01-09,37,quantile,0.75,481.29
2021-01-03,1 wk ahead inc death,2021-01-09,37,quantile,0.25,474.05
2021-01-03,1 wk ahead inc death,2021-01-09,37,quantile,0.025,466.85
2021-01-03,1 wk ahead inc death,2021-01-09,37,quantile,0.975,487.78
2021-01-03,1 wk ahead inc death,2021-01-09,37,quantile,0.5,477.64
2021-01-03,1 wk ahead inc death,2021-01-09,38,quantile,0.025,36.41
2021-01-03,1 wk ahead inc death,2021-01-09,38,quantile,0.75,39.76
2021-01-03,1 wk ahead inc death,2021-01-09,38,quantile,0.975,41.18
2021-01-03,1 wk ahead inc death,2021-01-09,38,quantile,0.1,37.20
2021-01-03,1 wk ahead inc death,2021-01-09,38,quantile,0.5,38.99
2021-01-03,1 wk ahead inc death,2021-01-09,38,quantile,0.25,37.94
2021-01-03,1 wk ahead inc death,2021-01-09,38,quantile,0.9,40.44
2021-01-03,1 wk ahead inc death,2021-01-09,39,quantile,0.975,618.90
2021-01-03,1 wk ahead inc death,2021-01-09,39,quantile,0.75,609.39
2021-01-03,1 wk ahead inc death,2021-01-09,39,quantile,0.025,594.51
2021-01-03,1 wk ahead inc death,2021-01-09,39,quantile,0.1,597.17
2021-01-03,1 wk ahead inc death,2021-01-09,39,quantile,0.25,600.89
2021-01-03,1 wk ahead inc death,2021-01-09,39,quantile,0.9,613.67
2021-01-03,1 wk ahead inc death,2021-01-09,39,quantile,0.5,604.71
2021-01-03,1 wk ahead inc death,2021-01-09,40,quantile,0.9,241.00
2021-01-03,1 wk ahead inc death,2021-01-09,40,quantile,0.75,239.67
2021-01-03,1 wk ahead inc death,2021-01-09,40,quantile,0.5,237.66
2021-01-03,1 wk ahead inc death,2021-01-09,40,quantile,0.025,230.82
2021-01-03,1 wk ahead inc death,2021-01-09,40,quantile,0.975,245.02
2021-01-03,1 wk ahead inc death,2021-01-09,40,quantile,0.25,235.61
2021-01-03,1 wk ahead inc death,2021-01-09,40,quantile,0.1,233.61
2021-01-03,1 wk ahead inc death,2021-01-09,41,quantile,0.9,127.08
2021-01-03,1 wk ahead inc death,2021-01-09,41,quantile,0.975,129.20
2021-01-03,1 wk ahead inc death,2021-01-09,41,quantile,0.75,125.18
2021-01-03,1 wk ahead inc death,2021-01-09,41,quantile,0.025,119.14
2021-01-03,1 wk ahead inc death,2021-01-09,41,quantile,0.25,122.11
2021-01-03,1 wk ahead inc death,2021-01-09,41,quantile,0.5,123.56
2021-01-03,1 wk ahead inc death,2021-01-09,41,quantile,0.1,120.84
2021-01-03,1 wk ahead inc death,2021-01-09,42,quantile,0.975,1195.16
2021-01-03,1 wk ahead inc death,2021-01-09,42,quantile,0.9,1191.34
2021-01-03,1 wk ahead inc death,2021-01-09,42,quantile,0.025,1167.22
2021-01-03,1 wk ahead inc death,2021-01-09,42,quantile,0.1,1173.26
2021-01-03,1 wk ahead inc death,2021-01-09,42,quantile,0.25,1175.24
2021-01-03,1 wk ahead inc death,2021-01-09,42,quantile,0.75,1186.06
2021-01-03,1 wk ahead inc death,2021-01-09,42,quantile,0.5,1180.46
2021-01-03,1 wk ahead inc death,2021-01-09,44,quantile,0.1,81.18
2021-01-03,1 wk ahead inc death,2021-01-09,44,quantile,0.25,82.42
2021-01-03,1 wk ahead inc death,2021-01-09,44,quantile,0.75,83.90
2021-01-03,1 wk ahead inc death,2021-01-09,44,quantile,0.5,83.06
2021-01-03,1 wk ahead inc death,2021-01-09,44,quantile,0.975,85.07
2021-01-03,1 wk ahead inc death,2021-01-09,44,quantile,0.9,84.54
2021-01-03,1 wk ahead inc death,2021-01-09,44,quantile,0.025,80.42
2021-01-03,1 wk ahead inc death,2021-01-09,45,quantile,0.5,301.87
2021-01-03,1 wk ahead inc death,2021-01-09,45,quantile,0.025,295.50
2021-01-03,1 wk ahead inc death,2021-01-09,45,quantile,0.25,299.61
2021-01-03,1 wk ahead inc death,2021-01-09,45,quantile,0.1,297.93
2021-01-03,1 wk ahead inc death,2021-01-09,45,quantile,0.9,307.12
2021-01-03,1 wk ahead inc death,2021-01-09,45,quantile,0.75,303.60
2021-01-03,1 wk ahead inc death,2021-01-09,45,quantile,0.975,308.65
2021-01-03,1 wk ahead inc death,2021-01-09,46,quantile,0.975,66.52
2021-01-03,1 wk ahead inc death,2021-01-09,46,quantile,0.1,61.46
2021-01-03,1 wk ahead inc death,2021-01-09,46,quantile,0.9,65.61
2021-01-03,1 wk ahead inc death,2021-01-09,46,quantile,0.025,59.81
2021-01-03,1 wk ahead inc death,2021-01-09,46,quantile,0.25,62.48
2021-01-03,1 wk ahead inc death,2021-01-09,46,quantile,0.75,64.60
2021-01-03,1 wk ahead inc death,2021-01-09,46,quantile,0.5,63.62
2021-01-03,1 wk ahead inc death,2021-01-09,47,quantile,0.9,542.02
2021-01-03,1 wk ahead inc death,2021-01-09,47,quantile,0.25,533.20
2021-01-03,1 wk ahead inc death,2021-01-09,47,quantile,0.5,535.65
2021-01-03,1 wk ahead inc death,2021-01-09,47,quantile,0.975,544.44
2021-01-03,1 wk ahead inc death,2021-01-09,47,quantile,0.1,530.81
2021-01-03,1 wk ahead inc death,2021-01-09,47,quantile,0.75,538.85
2021-01-03,1 wk ahead inc death,2021-01-09,47,quantile,0.025,527.92
2021-01-03,1 wk ahead inc death,2021-01-09,48,quantile,0.25,1561.46
2021-01-03,1 wk ahead inc death,2021-01-09,48,quantile,0.5,1574.10
2021-01-03,1 wk ahead inc death,2021-01-09,48,quantile,0.975,1606.13
2021-01-03,1 wk ahead inc death,2021-01-09,48,quantile,0.025,1541.53
2021-01-03,1 wk ahead inc death,2021-01-09,48,quantile,0.1,1548.64
2021-01-03,1 wk ahead inc death,2021-01-09,48,quantile,0.75,1583.61
2021-01-03,1 wk ahead inc death,2021-01-09,48,quantile,0.9,1593.90
2021-01-03,1 wk ahead inc death,2021-01-09,49,quantile,0.75,73.40
2021-01-03,1 wk ahead inc death,2021-01-09,49,quantile,0.9,74.47
2021-01-03,1 wk ahead inc death,2021-01-09,49,quantile,0.1,70.98
2021-01-03,1 wk ahead inc death,2021-01-09,49,quantile,0.025,70.26
2021-01-03,1 wk ahead inc death,2021-01-09,49,quantile,0.25,71.74
2021-01-03,1 wk ahead inc death,2021-01-09,49,quantile,0.5,72.57
2021-01-03,1 wk ahead inc death,2021-01-09,49,quantile,0.975,74.87
2021-01-03,1 wk ahead inc death,2021-01-09,50,quantile,0.5,18.44
2021-01-03,1 wk ahead inc death,2021-01-09,50,quantile,0.25,18.13
2021-01-03,1 wk ahead inc death,2021-01-09,50,quantile,0.9,19.09
2021-01-03,1 wk ahead inc death,2021-01-09,50,quantile,0.975,19.60
2021-01-03,1 wk ahead inc death,2021-01-09,50,quantile,0.1,17.76
2021-01-03,1 wk ahead inc death,2021-01-09,50,quantile,0.75,18.80
2021-01-03,1 wk ahead inc death,2021-01-09,50,quantile,0.025,17.36
2021-01-03,1 wk ahead inc death,2021-01-09,51,quantile,0.975,333.29
2021-01-03,1 wk ahead inc death,2021-01-09,51,quantile,0.1,321.18
2021-01-03,1 wk ahead inc death,2021-01-09,51,quantile,0.5,325.45
2021-01-03,1 wk ahead inc death,2021-01-09,51,quantile,0.25,322.91
2021-01-03,1 wk ahead inc death,2021-01-09,51,quantile,0.75,328.76
2021-01-03,1 wk ahead inc death,2021-01-09,51,quantile,0.9,330.78
2021-01-03,1 wk ahead inc death,2021-01-09,51,quantile,0.025,318.99
2021-01-03,1 wk ahead inc death,2021-01-09,53,quantile,0.25,251.53
2021-01-03,1 wk ahead inc death,2021-01-09,53,quantile,0.025,248.88
2021-01-03,1 wk ahead inc death,2021-01-09,53,quantile,0.1,250.04
2021-01-03,1 wk ahead inc death,2021-01-09,53,quantile,0.975,259.72
2021-01-03,1 wk ahead inc death,2021-01-09,53,quantile,0.9,257.15
2021-01-03,1 wk ahead inc death,2021-01-09,53,quantile,0.5,253.39
2021-01-03,1 wk ahead inc death,2021-01-09,53,quantile,0.75,255.54
2021-01-03,1 wk ahead inc death,2021-01-09,54,quantile,0.75,147.62
2021-01-03,1 wk ahead inc death,2021-01-09,54,quantile,0.5,146.20
2021-01-03,1 wk ahead inc death,2021-01-09,54,quantile,0.025,142.82
2021-01-03,1 wk ahead inc death,2021-01-09,54,quantile,0.975,150.08
2021-01-03,1 wk ahead inc death,2021-01-09,54,quantile,0.25,145.04
2021-01-03,1 wk ahead inc death,2021-01-09,54,quantile,0.9,148.17
2021-01-03,1 wk ahead inc death,2021-01-09,54,quantile,0.1,143.96
2021-01-03,1 wk ahead inc death,2021-01-09,55,quantile,0.025,250.08
2021-01-03,1 wk ahead inc death,2021-01-09,55,quantile,0.975,262.12
2021-01-03,1 wk ahead inc death,2021-01-09,55,quantile,0.75,258.04
2021-01-03,1 wk ahead inc death,2021-01-09,55,quantile,0.5,256.87
2021-01-03,1 wk ahead inc death,2021-01-09,55,quantile,0.9,259.75
2021-01-03,1 wk ahead inc death,2021-01-09,55,quantile,0.1,253.49
2021-01-03,1 wk ahead inc death,2021-01-09,55,quantile,0.25,255.35
2021-01-03,1 wk ahead inc death,2021-01-09,56,quantile,0.9,51.21
2021-01-03,1 wk ahead inc death,2021-01-09,56,quantile,0.75,50.68
2021-01-03,1 wk ahead inc death,2021-01-09,56,quantile,0.5,50.30
2021-01-03,1 wk ahead inc death,2021-01-09,56,quantile,0.25,49.89
2021-01-03,1 wk ahead inc death,2021-01-09,56,quantile,0.025,48.53
2021-01-03,1 wk ahead inc death,2021-01-09,56,quantile,0.1,49.25
2021-01-03,1 wk ahead inc death,2021-01-09,56,quantile,0.975,51.97
2021-01-03,2 wk ahead inc death,2021-01-16,01,point,NA,291.16
2021-01-03,2 wk ahead inc death,2021-01-16,02,point,NA,24.15
2021-01-03,2 wk ahead inc death,2021-01-16,04,point,NA,604.93
2021-01-03,2 wk ahead inc death,2021-01-16,05,point,NA,285.71
2021-01-03,2 wk ahead inc death,2021-01-16,06,point,NA,2565.06
2021-01-03,2 wk ahead inc death,2021-01-16,08,point,NA,330.96
2021-01-03,2 wk ahead inc death,2021-01-16,09,point,NA,322.30
2021-01-03,2 wk ahead inc death,2021-01-16,10,point,NA,47.14
2021-01-03,2 wk ahead inc death,2021-01-16,11,point,NA,29.92
2021-01-03,2 wk ahead inc death,2021-01-16,12,point,NA,1032.89
2021-01-03,2 wk ahead inc death,2021-01-16,13,point,NA,509.21
2021-01-03,2 wk ahead inc death,2021-01-16,15,point,NA,11.04
2021-01-03,2 wk ahead inc death,2021-01-16,16,point,NA,107.50
2021-01-03,2 wk ahead inc death,2021-01-16,17,point,NA,921.06
2021-01-03,2 wk ahead inc death,2021-01-16,18,point,NA,579.76
2021-01-03,2 wk ahead inc death,2021-01-16,19,point,NA,220.85
2021-01-03,2 wk ahead inc death,2021-01-16,20,point,NA,309.99
2021-01-03,2 wk ahead inc death,2021-01-16,21,point,NA,290.89
2021-01-03,2 wk ahead inc death,2021-01-16,22,point,NA,286.38
2021-01-03,2 wk ahead inc death,2021-01-16,23,point,NA,57.82
2021-01-03,2 wk ahead inc death,2021-01-16,24,point,NA,298.40
2021-01-03,2 wk ahead inc death,2021-01-16,25,point,NA,493.84
2021-01-03,2 wk ahead inc death,2021-01-16,26,point,NA,557.86
2021-01-03,2 wk ahead inc death,2021-01-16,27,point,NA,239.05
2021-01-03,2 wk ahead inc death,2021-01-16,28,point,NA,244.98
2021-01-03,2 wk ahead inc death,2021-01-16,29,point,NA,322.27
2021-01-03,2 wk ahead inc death,2021-01-16,30,point,NA,78.18
2021-01-03,2 wk ahead inc death,2021-01-16,31,point,NA,137.26
2021-01-03,2 wk ahead inc death,2021-01-16,32,point,NA,221.62
2021-01-03,2 wk ahead inc death,2021-01-16,33,point,NA,73.81
2021-01-03,2 wk ahead inc death,2021-01-16,34,point,NA,574.76
2021-01-03,2 wk ahead inc death,2021-01-16,35,point,NA,197.04
2021-01-03,2 wk ahead inc death,2021-01-16,36,point,NA,1104.81
2021-01-03,2 wk ahead inc death,2021-01-16,37,point,NA,509.12
2021-01-03,2 wk ahead inc death,2021-01-16,38,point,NA,45.81
2021-01-03,2 wk ahead inc death,2021-01-16,39,point,NA,657.56
2021-01-03,2 wk ahead inc death,2021-01-16,40,point,NA,258.74
2021-01-03,2 wk ahead inc death,2021-01-16,41,point,NA,148.78
2021-01-03,2 wk ahead inc death,2021-01-16,42,point,NA,1121.01
2021-01-03,2 wk ahead inc death,2021-01-16,44,point,NA,85.45
2021-01-03,2 wk ahead inc death,2021-01-16,45,point,NA,325.75
2021-01-03,2 wk ahead inc death,2021-01-16,46,point,NA,71.53
2021-01-03,2 wk ahead inc death,2021-01-16,47,point,NA,545.27
2021-01-03,2 wk ahead inc death,2021-01-16,48,point,NA,1704.83
2021-01-03,2 wk ahead inc death,2021-01-16,49,point,NA,82.14
2021-01-03,2 wk ahead inc death,2021-01-16,50,point,NA,19.36
2021-01-03,2 wk ahead inc death,2021-01-16,51,point,NA,354.22
2021-01-03,2 wk ahead inc death,2021-01-16,53,point,NA,255.27
2021-01-03,2 wk ahead inc death,2021-01-16,54,point,NA,153.47
2021-01-03,2 wk ahead inc death,2021-01-16,55,point,NA,283.51
2021-01-03,2 wk ahead inc death,2021-01-16,56,point,NA,46.80
2021-01-03,2 wk ahead inc death,2021-01-16,01,quantile,0.025,277.94
2021-01-03,2 wk ahead inc death,2021-01-16,01,quantile,0.975,302.19
2021-01-03,2 wk ahead inc death,2021-01-16,01,quantile,0.1,284.52
2021-01-03,2 wk ahead inc death,2021-01-16,01,quantile,0.75,295.09
2021-01-03,2 wk ahead inc death,2021-01-16,01,quantile,0.5,291.35
2021-01-03,2 wk ahead inc death,2021-01-16,01,quantile,0.9,297.30
2021-01-03,2 wk ahead inc death,2021-01-16,01,quantile,0.25,288.56
2021-01-03,2 wk ahead inc death,2021-01-16,02,quantile,0.1,23.09
2021-01-03,2 wk ahead inc death,2021-01-16,02,quantile,0.5,24.18
2021-01-03,2 wk ahead inc death,2021-01-16,02,quantile,0.975,25.78
2021-01-03,2 wk ahead inc death,2021-01-16,02,quantile,0.25,23.71
2021-01-03,2 wk ahead inc death,2021-01-16,02,quantile,0.75,24.75
2021-01-03,2 wk ahead inc death,2021-01-16,02,quantile,0.025,22.45
2021-01-03,2 wk ahead inc death,2021-01-16,02,quantile,0.9,25.23
2021-01-03,2 wk ahead inc death,2021-01-16,04,quantile,0.25,599.49
2021-01-03,2 wk ahead inc death,2021-01-16,04,quantile,0.9,614.42
2021-01-03,2 wk ahead inc death,2021-01-16,04,quantile,0.5,604.92
2021-01-03,2 wk ahead inc death,2021-01-16,04,quantile,0.75,609.65
2021-01-03,2 wk ahead inc death,2021-01-16,04,quantile,0.1,595.47
2021-01-03,2 wk ahead inc death,2021-01-16,04,quantile,0.025,589.25
2021-01-03,2 wk ahead inc death,2021-01-16,04,quantile,0.975,620.77
2021-01-03,2 wk ahead inc death,2021-01-16,05,quantile,0.5,285.80
2021-01-03,2 wk ahead inc death,2021-01-16,05,quantile,0.1,279.83
2021-01-03,2 wk ahead inc death,2021-01-16,05,quantile,0.25,283.39
2021-01-03,2 wk ahead inc death,2021-01-16,05,quantile,0.9,290.89
2021-01-03,2 wk ahead inc death,2021-01-16,05,quantile,0.025,275.06
2021-01-03,2 wk ahead inc death,2021-01-16,05,quantile,0.975,293.46
2021-01-03,2 wk ahead inc death,2021-01-16,05,quantile,0.75,288.55
2021-01-03,2 wk ahead inc death,2021-01-16,06,quantile,0.1,2503.37
2021-01-03,2 wk ahead inc death,2021-01-16,06,quantile,0.25,2536.75
2021-01-03,2 wk ahead inc death,2021-01-16,06,quantile,0.9,2615.75
2021-01-03,2 wk ahead inc death,2021-01-16,06,quantile,0.975,2646.49
2021-01-03,2 wk ahead inc death,2021-01-16,06,quantile,0.75,2597.44
2021-01-03,2 wk ahead inc death,2021-01-16,06,quantile,0.5,2569.55
2021-01-03,2 wk ahead inc death,2021-01-16,06,quantile,0.025,2483.16
2021-01-03,2 wk ahead inc death,2021-01-16,08,quantile,0.75,334.36
2021-01-03,2 wk ahead inc death,2021-01-16,08,quantile,0.1,324.84
2021-01-03,2 wk ahead inc death,2021-01-16,08,quantile,0.5,330.41
2021-01-03,2 wk ahead inc death,2021-01-16,08,quantile,0.25,327.81
2021-01-03,2 wk ahead inc death,2021-01-16,08,quantile,0.975,342.17
2021-01-03,2 wk ahead inc death,2021-01-16,08,quantile,0.025,320.78
2021-01-03,2 wk ahead inc death,2021-01-16,08,quantile,0.9,336.51
2021-01-03,2 wk ahead inc death,2021-01-16,09,quantile,0.025,313.96
2021-01-03,2 wk ahead inc death,2021-01-16,09,quantile,0.75,326.03
2021-01-03,2 wk ahead inc death,2021-01-16,09,quantile,0.25,317.63
2021-01-03,2 wk ahead inc death,2021-01-16,09,quantile,0.9,328.86
2021-01-03,2 wk ahead inc death,2021-01-16,09,quantile,0.5,322.97
2021-01-03,2 wk ahead inc death,2021-01-16,09,quantile,0.975,333.28
2021-01-03,2 wk ahead inc death,2021-01-16,09,quantile,0.1,315.85
2021-01-03,2 wk ahead inc death,2021-01-16,10,quantile,0.9,49.14
2021-01-03,2 wk ahead inc death,2021-01-16,10,quantile,0.975,50.11
2021-01-03,2 wk ahead inc death,2021-01-16,10,quantile,0.5,47.20
2021-01-03,2 wk ahead inc death,2021-01-16,10,quantile,0.25,45.97
2021-01-03,2 wk ahead inc death,2021-01-16,10,quantile,0.75,48.33
2021-01-03,2 wk ahead inc death,2021-01-16,10,quantile,0.025,44.13
2021-01-03,2 wk ahead inc death,2021-01-16,10,quantile,0.1,45.01
2021-01-03,2 wk ahead inc death,2021-01-16,11,quantile,0.025,27.86
2021-01-03,2 wk ahead inc death,2021-01-16,11,quantile,0.25,29.42
2021-01-03,2 wk ahead inc death,2021-01-16,11,quantile,0.1,28.78
2021-01-03,2 wk ahead inc death,2021-01-16,11,quantile,0.9,30.95
2021-01-03,2 wk ahead inc death,2021-01-16,11,quantile,0.975,31.72
2021-01-03,2 wk ahead inc death,2021-01-16,11,quantile,0.5,30.05
2021-01-03,2 wk ahead inc death,2021-01-16,11,quantile,0.75,30.52
2021-01-03,2 wk ahead inc death,2021-01-16,12,quantile,0.1,1013.24
2021-01-03,2 wk ahead inc death,2021-01-16,12,quantile,0.9,1051.34
2021-01-03,2 wk ahead inc death,2021-01-16,12,quantile,0.5,1031.59
2021-01-03,2 wk ahead inc death,2021-01-16,12,quantile,0.25,1021.29
2021-01-03,2 wk ahead inc death,2021-01-16,12,quantile,0.025,1002.07
2021-01-03,2 wk ahead inc death,2021-01-16,12,quantile,0.975,1071.32
2021-01-03,2 wk ahead inc death,2021-01-16,12,quantile,0.75,1043.42
2021-01-03,2 wk ahead inc death,2021-01-16,13,quantile,0.25,501.29
2021-01-03,2 wk ahead inc death,2021-01-16,13,quantile,0.75,516.92
2021-01-03,2 wk ahead inc death,2021-01-16,13,quantile,0.5,509.00
2021-01-03,2 wk ahead inc death,2021-01-16,13,quantile,0.9,525.31
2021-01-03,2 wk ahead inc death,2021-01-16,13,quantile,0.1,495.13
2021-01-03,2 wk ahead inc death,2021-01-16,13,quantile,0.975,529.93
2021-01-03,2 wk ahead inc death,2021-01-16,13,quantile,0.025,484.35
2021-01-03,2 wk ahead inc death,2021-01-16,15,quantile,0.975,12.17
2021-01-03,2 wk ahead inc death,2021-01-16,15,quantile,0.9,11.94
2021-01-03,2 wk ahead inc death,2021-01-16,15,quantile,0.1,10.32
2021-01-03,2 wk ahead inc death,2021-01-16,15,quantile,0.25,10.62
2021-01-03,2 wk ahead inc death,2021-01-16,15,quantile,0.75,11.45
2021-01-03,2 wk ahead inc death,2021-01-16,15,quantile,0.5,11.03
2021-01-03,2 wk ahead inc death,2021-01-16,15,quantile,0.025,9.82
2021-01-03,2 wk ahead inc death,2021-01-16,16,quantile,0.025,102.45
2021-01-03,2 wk ahead inc death,2021-01-16,16,quantile,0.5,107.57
2021-01-03,2 wk ahead inc death,2021-01-16,16,quantile,0.25,105.97
2021-01-03,2 wk ahead inc death,2021-01-16,16,quantile,0.975,111.20
2021-01-03,2 wk ahead inc death,2021-01-16,16,quantile,0.75,109.16
2021-01-03,2 wk ahead inc death,2021-01-16,16,quantile,0.9,110.19
2021-01-03,2 wk ahead inc death,2021-01-16,16,quantile,0.1,104.60
2021-01-03,2 wk ahead inc death,2021-01-16,17,quantile,0.25,910.90
2021-01-03,2 wk ahead inc death,2021-01-16,17,quantile,0.75,929.58
2021-01-03,2 wk ahead inc death,2021-01-16,17,quantile,0.5,920.80
2021-01-03,2 wk ahead inc death,2021-01-16,17,quantile,0.9,936.30
2021-01-03,2 wk ahead inc death,2021-01-16,17,quantile,0.1,906.10
2021-01-03,2 wk ahead inc death,2021-01-16,17,quantile,0.975,946.32
2021-01-03,2 wk ahead inc death,2021-01-16,17,quantile,0.025,896.56
2021-01-03,2 wk ahead inc death,2021-01-16,18,quantile,0.9,591.30
2021-01-03,2 wk ahead inc death,2021-01-16,18,quantile,0.75,582.63
2021-01-03,2 wk ahead inc death,2021-01-16,18,quantile,0.1,570.90
2021-01-03,2 wk ahead inc death,2021-01-16,18,quantile,0.975,596.45
2021-01-03,2 wk ahead inc death,2021-01-16,18,quantile,0.25,575.42
2021-01-03,2 wk ahead inc death,2021-01-16,18,quantile,0.025,564.07
2021-01-03,2 wk ahead inc death,2021-01-16,18,quantile,0.5,579.13
2021-01-03,2 wk ahead inc death,2021-01-16,19,quantile,0.25,218.50
2021-01-03,2 wk ahead inc death,2021-01-16,19,quantile,0.5,220.84
2021-01-03,2 wk ahead inc death,2021-01-16,19,quantile,0.1,214.79
2021-01-03,2 wk ahead inc death,2021-01-16,19,quantile,0.9,227.03
2021-01-03,2 wk ahead inc death,2021-01-16,19,quantile,0.75,224.01
2021-01-03,2 wk ahead inc death,2021-01-16,19,quantile,0.025,209.79
2021-01-03,2 wk ahead inc death,2021-01-16,19,quantile,0.975,229.04
2021-01-03,2 wk ahead inc death,2021-01-16,20,quantile,0.025,298.37
2021-01-03,2 wk ahead inc death,2021-01-16,20,quantile,0.975,320.73
2021-01-03,2 wk ahead inc death,2021-01-16,20,quantile,0.5,310.33
2021-01-03,2 wk ahead inc death,2021-01-16,20,quantile,0.25,307.60
2021-01-03,2 wk ahead inc death,2021-01-16,20,quantile,0.75,313.53
2021-01-03,2 wk ahead inc death,2021-01-16,20,quantile,0.9,316.47
2021-01-03,2 wk ahead inc death,2021-01-16,20,quantile,0.1,301.20
2021-01-03,2 wk ahead inc death,2021-01-16,21,quantile,0.1,282.99
2021-01-03,2 wk ahead inc death,2021-01-16,21,quantile,0.25,287.58
2021-01-03,2 wk ahead inc death,2021-01-16,21,quantile,0.5,291.12
2021-01-03,2 wk ahead inc death,2021-01-16,21,quantile,0.9,298.49
2021-01-03,2 wk ahead inc death,2021-01-16,21,quantile,0.025,278.75
2021-01-03,2 wk ahead inc death,2021-01-16,21,quantile,0.975,301.20
2021-01-03,2 wk ahead inc death,2021-01-16,21,quantile,0.75,294.84
2021-01-03,2 wk ahead inc death,2021-01-16,22,quantile,0.5,285.76
2021-01-03,2 wk ahead inc death,2021-01-16,22,quantile,0.9,295.06
2021-01-03,2 wk ahead inc death,2021-01-16,22,quantile,0.025,271.81
2021-01-03,2 wk ahead inc death,2021-01-16,22,quantile,0.75,291.19
2021-01-03,2 wk ahead inc death,2021-01-16,22,quantile,0.975,299.09
2021-01-03,2 wk ahead inc death,2021-01-16,22,quantile,0.25,281.60
2021-01-03,2 wk ahead inc death,2021-01-16,22,quantile,0.1,277.50
2021-01-03,2 wk ahead inc death,2021-01-16,23,quantile,0.9,59.38
2021-01-03,2 wk ahead inc death,2021-01-16,23,quantile,0.75,58.69
2021-01-03,2 wk ahead inc death,2021-01-16,23,quantile,0.5,57.85
2021-01-03,2 wk ahead inc death,2021-01-16,23,quantile,0.025,55.39
2021-01-03,2 wk ahead inc death,2021-01-16,23,quantile,0.1,56.13
2021-01-03,2 wk ahead inc death,2021-01-16,23,quantile,0.25,57.09
2021-01-03,2 wk ahead inc death,2021-01-16,23,quantile,0.975,60.34
2021-01-03,2 wk ahead inc death,2021-01-16,24,quantile,0.5,298.54
2021-01-03,2 wk ahead inc death,2021-01-16,24,quantile,0.975,307.53
2021-01-03,2 wk ahead inc death,2021-01-16,24,quantile,0.025,290.26
2021-01-03,2 wk ahead inc death,2021-01-16,24,quantile,0.1,292.99
2021-01-03,2 wk ahead inc death,2021-01-16,24,quantile,0.9,303.48
2021-01-03,2 wk ahead inc death,2021-01-16,24,quantile,0.75,301.74
2021-01-03,2 wk ahead inc death,2021-01-16,24,quantile,0.25,295.34
2021-01-03,2 wk ahead inc death,2021-01-16,25,quantile,0.9,503.06
2021-01-03,2 wk ahead inc death,2021-01-16,25,quantile,0.975,506.12
2021-01-03,2 wk ahead inc death,2021-01-16,25,quantile,0.025,482.22
2021-01-03,2 wk ahead inc death,2021-01-16,25,quantile,0.75,498.48
2021-01-03,2 wk ahead inc death,2021-01-16,25,quantile,0.1,485.95
2021-01-03,2 wk ahead inc death,2021-01-16,25,quantile,0.5,493.43
2021-01-03,2 wk ahead inc death,2021-01-16,25,quantile,0.25,489.57
2021-01-03,2 wk ahead inc death,2021-01-16,26,quantile,0.75,563.03
2021-01-03,2 wk ahead inc death,2021-01-16,26,quantile,0.025,545.12
2021-01-03,2 wk ahead inc death,2021-01-16,26,quantile,0.1,548.53
2021-01-03,2 wk ahead inc death,2021-01-16,26,quantile,0.25,553.04
2021-01-03,2 wk ahead inc death,2021-01-16,26,quantile,0.9,569.42
2021-01-03,2 wk ahead inc death,2021-01-16,26,quantile,0.5,556.90
2021-01-03,2 wk ahead inc death,2021-01-16,26,quantile,0.975,574.55
2021-01-03,2 wk ahead inc death,2021-01-16,27,quantile,0.1,233.61
2021-01-03,2 wk ahead inc death,2021-01-16,27,quantile,0.025,228.49
2021-01-03,2 wk ahead inc death,2021-01-16,27,quantile,0.9,244.37
2021-01-03,2 wk ahead inc death,2021-01-16,27,quantile,0.5,239.41
2021-01-03,2 wk ahead inc death,2021-01-16,27,quantile,0.25,236.57
2021-01-03,2 wk ahead inc death,2021-01-16,27,quantile,0.75,241.78
2021-01-03,2 wk ahead inc death,2021-01-16,27,quantile,0.975,247.27
2021-01-03,2 wk ahead inc death,2021-01-16,28,quantile,0.5,245.41
2021-01-03,2 wk ahead inc death,2021-01-16,28,quantile,0.975,253.17
2021-01-03,2 wk ahead inc death,2021-01-16,28,quantile,0.25,243.05
2021-01-03,2 wk ahead inc death,2021-01-16,28,quantile,0.9,250.63
2021-01-03,2 wk ahead inc death,2021-01-16,28,quantile,0.1,238.49
2021-01-03,2 wk ahead inc death,2021-01-16,28,quantile,0.75,247.78
2021-01-03,2 wk ahead inc death,2021-01-16,28,quantile,0.025,236.24
2021-01-03,2 wk ahead inc death,2021-01-16,29,quantile,0.75,326.80
2021-01-03,2 wk ahead inc death,2021-01-16,29,quantile,0.9,332.23
2021-01-03,2 wk ahead inc death,2021-01-16,29,quantile,0.975,336.04
2021-01-03,2 wk ahead inc death,2021-01-16,29,quantile,0.5,322.61
2021-01-03,2 wk ahead inc death,2021-01-16,29,quantile,0.1,314.13
2021-01-03,2 wk ahead inc death,2021-01-16,29,quantile,0.025,306.79
2021-01-03,2 wk ahead inc death,2021-01-16,29,quantile,0.25,317.80
2021-01-03,2 wk ahead inc death,2021-01-16,30,quantile,0.975,83.74
2021-01-03,2 wk ahead inc death,2021-01-16,30,quantile,0.75,80.39
2021-01-03,2 wk ahead inc death,2021-01-16,30,quantile,0.025,72.47
2021-01-03,2 wk ahead inc death,2021-01-16,30,quantile,0.9,81.45
2021-01-03,2 wk ahead inc death,2021-01-16,30,quantile,0.1,74.11
2021-01-03,2 wk ahead inc death,2021-01-16,30,quantile,0.5,77.82
2021-01-03,2 wk ahead inc death,2021-01-16,30,quantile,0.25,76.64
2021-01-03,2 wk ahead inc death,2021-01-16,31,quantile,0.1,131.67
2021-01-03,2 wk ahead inc death,2021-01-16,31,quantile,0.025,129.13
2021-01-03,2 wk ahead inc death,2021-01-16,31,quantile,0.9,141.78
2021-01-03,2 wk ahead inc death,2021-01-16,31,quantile,0.25,134.79
2021-01-03,2 wk ahead inc death,2021-01-16,31,quantile,0.75,139.82
2021-01-03,2 wk ahead inc death,2021-01-16,31,quantile,0.5,137.30
2021-01-03,2 wk ahead inc death,2021-01-16,31,quantile,0.975,144.30
2021-01-03,2 wk ahead inc death,2021-01-16,32,quantile,0.975,229.93
2021-01-03,2 wk ahead inc death,2021-01-16,32,quantile,0.9,226.66
2021-01-03,2 wk ahead inc death,2021-01-16,32,quantile,0.25,218.88
2021-01-03,2 wk ahead inc death,2021-01-16,32,quantile,0.025,215.09
2021-01-03,2 wk ahead inc death,2021-01-16,32,quantile,0.75,224.20
2021-01-03,2 wk ahead inc death,2021-01-16,32,quantile,0.5,221.52
2021-01-03,2 wk ahead inc death,2021-01-16,32,quantile,0.1,216.54
2021-01-03,2 wk ahead inc death,2021-01-16,33,quantile,0.9,75.37
2021-01-03,2 wk ahead inc death,2021-01-16,33,quantile,0.25,73.09
2021-01-03,2 wk ahead inc death,2021-01-16,33,quantile,0.025,71.62
2021-01-03,2 wk ahead inc death,2021-01-16,33,quantile,0.1,72.39
2021-01-03,2 wk ahead inc death,2021-01-16,33,quantile,0.5,73.66
2021-01-03,2 wk ahead inc death,2021-01-16,33,quantile,0.975,76.14
2021-01-03,2 wk ahead inc death,2021-01-16,33,quantile,0.75,74.59
2021-01-03,2 wk ahead inc death,2021-01-16,34,quantile,0.975,591.25
2021-01-03,2 wk ahead inc death,2021-01-16,34,quantile,0.75,579.13
2021-01-03,2 wk ahead inc death,2021-01-16,34,quantile,0.9,584.16
2021-01-03,2 wk ahead inc death,2021-01-16,34,quantile,0.1,564.51
2021-01-03,2 wk ahead inc death,2021-01-16,34,quantile,0.5,575.08
2021-01-03,2 wk ahead inc death,2021-01-16,34,quantile,0.025,560.58
2021-01-03,2 wk ahead inc death,2021-01-16,34,quantile,0.25,569.55
2021-01-03,2 wk ahead inc death,2021-01-16,35,quantile,0.75,199.23
2021-01-03,2 wk ahead inc death,2021-01-16,35,quantile,0.9,200.73
2021-01-03,2 wk ahead inc death,2021-01-16,35,quantile,0.1,192.41
2021-01-03,2 wk ahead inc death,2021-01-16,35,quantile,0.25,194.92
2021-01-03,2 wk ahead inc death,2021-01-16,35,quantile,0.025,190.62
2021-01-03,2 wk ahead inc death,2021-01-16,35,quantile,0.5,197.12
2021-01-03,2 wk ahead inc death,2021-01-16,35,quantile,0.975,203.79
2021-01-03,2 wk ahead inc death,2021-01-16,36,quantile,0.25,1096.49
2021-01-03,2 wk ahead inc death,2021-01-16,36,quantile,0.1,1087.53
2021-01-03,2 wk ahead inc death,2021-01-16,36,quantile,0.5,1103.80
2021-01-03,2 wk ahead inc death,2021-01-16,36,quantile,0.9,1121.29
2021-01-03,2 wk ahead inc death,2021-01-16,36,quantile,0.75,1114.35
2021-01-03,2 wk ahead inc death,2021-01-16,36,quantile,0.975,1130.89
2021-01-03,2 wk ahead inc death,2021-01-16,36,quantile,0.025,1080.76
2021-01-03,2 wk ahead inc death,2021-01-16,37,quantile,0.1,499.84
2021-01-03,2 wk ahead inc death,2021-01-16,37,quantile,0.9,518.64
2021-01-03,2 wk ahead inc death,2021-01-16,37,quantile,0.75,513.27
2021-01-03,2 wk ahead inc death,2021-01-16,37,quantile,0.25,504.49
2021-01-03,2 wk ahead inc death,2021-01-16,37,quantile,0.025,494.26
2021-01-03,2 wk ahead inc death,2021-01-16,37,quantile,0.975,524.38
2021-01-03,2 wk ahead inc death,2021-01-16,37,quantile,0.5,508.92
2021-01-03,2 wk ahead inc death,2021-01-16,38,quantile,0.025,40.79
2021-01-03,2 wk ahead inc death,2021-01-16,38,quantile,0.75,47.43
2021-01-03,2 wk ahead inc death,2021-01-16,38,quantile,0.975,49.81
2021-01-03,2 wk ahead inc death,2021-01-16,38,quantile,0.1,42.49
2021-01-03,2 wk ahead inc death,2021-01-16,38,quantile,0.5,45.85
2021-01-03,2 wk ahead inc death,2021-01-16,38,quantile,0.25,44.36
2021-01-03,2 wk ahead inc death,2021-01-16,38,quantile,0.9,48.24
2021-01-03,2 wk ahead inc death,2021-01-16,39,quantile,0.975,682.82
2021-01-03,2 wk ahead inc death,2021-01-16,39,quantile,0.75,664.57
2021-01-03,2 wk ahead inc death,2021-01-16,39,quantile,0.025,634.50
2021-01-03,2 wk ahead inc death,2021-01-16,39,quantile,0.1,642.06
2021-01-03,2 wk ahead inc death,2021-01-16,39,quantile,0.25,651.26
2021-01-03,2 wk ahead inc death,2021-01-16,39,quantile,0.9,672.14
2021-01-03,2 wk ahead inc death,2021-01-16,39,quantile,0.5,656.05
2021-01-03,2 wk ahead inc death,2021-01-16,40,quantile,0.9,266.09
2021-01-03,2 wk ahead inc death,2021-01-16,40,quantile,0.75,261.51
2021-01-03,2 wk ahead inc death,2021-01-16,40,quantile,0.5,259.03
2021-01-03,2 wk ahead inc death,2021-01-16,40,quantile,0.025,248.96
2021-01-03,2 wk ahead inc death,2021-01-16,40,quantile,0.975,269.17
2021-01-03,2 wk ahead inc death,2021-01-16,40,quantile,0.25,255.16
2021-01-03,2 wk ahead inc death,2021-01-16,40,quantile,0.1,252.31
2021-01-03,2 wk ahead inc death,2021-01-16,41,quantile,0.9,155.28
2021-01-03,2 wk ahead inc death,2021-01-16,41,quantile,0.975,158.07
2021-01-03,2 wk ahead inc death,2021-01-16,41,quantile,0.75,151.75
2021-01-03,2 wk ahead inc death,2021-01-16,41,quantile,0.025,140.56
2021-01-03,2 wk ahead inc death,2021-01-16,41,quantile,0.25,145.63
2021-01-03,2 wk ahead inc death,2021-01-16,41,quantile,0.5,148.39
2021-01-03,2 wk ahead inc death,2021-01-16,41,quantile,0.1,143.22
2021-01-03,2 wk ahead inc death,2021-01-16,42,quantile,0.975,1146.43
2021-01-03,2 wk ahead inc death,2021-01-16,42,quantile,0.9,1139.96
2021-01-03,2 wk ahead inc death,2021-01-16,42,quantile,0.025,1099.63
2021-01-03,2 wk ahead inc death,2021-01-16,42,quantile,0.1,1105.62
2021-01-03,2 wk ahead inc death,2021-01-16,42,quantile,0.25,1111.89
2021-01-03,2 wk ahead inc death,2021-01-16,42,quantile,0.75,1128.61
2021-01-03,2 wk ahead inc death,2021-01-16,42,quantile,0.5,1119.65
2021-01-03,2 wk ahead inc death,2021-01-16,44,quantile,0.1,83.51
2021-01-03,2 wk ahead inc death,2021-01-16,44,quantile,0.25,84.50
2021-01-03,2 wk ahead inc death,2021-01-16,44,quantile,0.75,86.38
2021-01-03,2 wk ahead inc death,2021-01-16,44,quantile,0.5,85.37
2021-01-03,2 wk ahead inc death,2021-01-16,44,quantile,0.975,88.47
2021-01-03,2 wk ahead inc death,2021-01-16,44,quantile,0.9,87.36
2021-01-03,2 wk ahead inc death,2021-01-16,44,quantile,0.025,82.62
2021-01-03,2 wk ahead inc death,2021-01-16,45,quantile,0.5,325.10
2021-01-03,2 wk ahead inc death,2021-01-16,45,quantile,0.025,315.05
2021-01-03,2 wk ahead inc death,2021-01-16,45,quantile,0.25,321.18
2021-01-03,2 wk ahead inc death,2021-01-16,45,quantile,0.1,318.55
2021-01-03,2 wk ahead inc death,2021-01-16,45,quantile,0.9,334.18
2021-01-03,2 wk ahead inc death,2021-01-16,45,quantile,0.75,330.11
2021-01-03,2 wk ahead inc death,2021-01-16,45,quantile,0.975,337.18
2021-01-03,2 wk ahead inc death,2021-01-16,46,quantile,0.975,76.68
2021-01-03,2 wk ahead inc death,2021-01-16,46,quantile,0.1,67.73
2021-01-03,2 wk ahead inc death,2021-01-16,46,quantile,0.9,75.38
2021-01-03,2 wk ahead inc death,2021-01-16,46,quantile,0.025,64.97
2021-01-03,2 wk ahead inc death,2021-01-16,46,quantile,0.25,70.02
2021-01-03,2 wk ahead inc death,2021-01-16,46,quantile,0.75,73.54
2021-01-03,2 wk ahead inc death,2021-01-16,46,quantile,0.5,71.69
2021-01-03,2 wk ahead inc death,2021-01-16,47,quantile,0.9,559.46
2021-01-03,2 wk ahead inc death,2021-01-16,47,quantile,0.25,539.01
2021-01-03,2 wk ahead inc death,2021-01-16,47,quantile,0.5,543.25
2021-01-03,2 wk ahead inc death,2021-01-16,47,quantile,0.975,562.07
2021-01-03,2 wk ahead inc death,2021-01-16,47,quantile,0.1,535.68
2021-01-03,2 wk ahead inc death,2021-01-16,47,quantile,0.75,551.78
2021-01-03,2 wk ahead inc death,2021-01-16,47,quantile,0.025,530.93
2021-01-03,2 wk ahead inc death,2021-01-16,48,quantile,0.25,1687.68
2021-01-03,2 wk ahead inc death,2021-01-16,48,quantile,0.5,1703.64
2021-01-03,2 wk ahead inc death,2021-01-16,48,quantile,0.975,1758.40
2021-01-03,2 wk ahead inc death,2021-01-16,48,quantile,0.025,1650.69
2021-01-03,2 wk ahead inc death,2021-01-16,48,quantile,0.1,1668.80
2021-01-03,2 wk ahead inc death,2021-01-16,48,quantile,0.75,1723.62
2021-01-03,2 wk ahead inc death,2021-01-16,48,quantile,0.9,1739.10
2021-01-03,2 wk ahead inc death,2021-01-16,49,quantile,0.75,83.54
2021-01-03,2 wk ahead inc death,2021-01-16,49,quantile,0.9,85.61
2021-01-03,2 wk ahead inc death,2021-01-16,49,quantile,0.1,79.31
2021-01-03,2 wk ahead inc death,2021-01-16,49,quantile,0.025,78.57
2021-01-03,2 wk ahead inc death,2021-01-16,49,quantile,0.25,80.54
2021-01-03,2 wk ahead inc death,2021-01-16,49,quantile,0.5,81.98
2021-01-03,2 wk ahead inc death,2021-01-16,49,quantile,0.975,86.55
2021-01-03,2 wk ahead inc death,2021-01-16,50,quantile,0.5,19.32
2021-01-03,2 wk ahead inc death,2021-01-16,50,quantile,0.25,18.74
2021-01-03,2 wk ahead inc death,2021-01-16,50,quantile,0.9,20.57
2021-01-03,2 wk ahead inc death,2021-01-16,50,quantile,0.975,20.98
2021-01-03,2 wk ahead inc death,2021-01-16,50,quantile,0.1,18.31
2021-01-03,2 wk ahead inc death,2021-01-16,50,quantile,0.75,19.86
2021-01-03,2 wk ahead inc death,2021-01-16,50,quantile,0.025,17.82
2021-01-03,2 wk ahead inc death,2021-01-16,51,quantile,0.975,368.38
2021-01-03,2 wk ahead inc death,2021-01-16,51,quantile,0.1,345.87
2021-01-03,2 wk ahead inc death,2021-01-16,51,quantile,0.5,354.00
2021-01-03,2 wk ahead inc death,2021-01-16,51,quantile,0.25,348.94
2021-01-03,2 wk ahead inc death,2021-01-16,51,quantile,0.75,359.02
2021-01-03,2 wk ahead inc death,2021-01-16,51,quantile,0.9,363.77
2021-01-03,2 wk ahead inc death,2021-01-16,51,quantile,0.025,341.36
2021-01-03,2 wk ahead inc death,2021-01-16,53,quantile,0.25,251.51
2021-01-03,2 wk ahead inc death,2021-01-16,53,quantile,0.025,247.04
2021-01-03,2 wk ahead inc death,2021-01-16,53,quantile,0.1,248.52
2021-01-03,2 wk ahead inc death,2021-01-16,53,quantile,0.975,264.43
2021-01-03,2 wk ahead inc death,2021-01-16,53,quantile,0.9,262.00
2021-01-03,2 wk ahead inc death,2021-01-16,53,quantile,0.5,254.79
2021-01-03,2 wk ahead inc death,2021-01-16,53,quantile,0.75,259.04
2021-01-03,2 wk ahead inc death,2021-01-16,54,quantile,0.75,155.23
2021-01-03,2 wk ahead inc death,2021-01-16,54,quantile,0.5,153.47
2021-01-03,2 wk ahead inc death,2021-01-16,54,quantile,0.025,147.07
2021-01-03,2 wk ahead inc death,2021-01-16,54,quantile,0.975,159.41
2021-01-03,2 wk ahead inc death,2021-01-16,54,quantile,0.25,151.36
2021-01-03,2 wk ahead inc death,2021-01-16,54,quantile,0.9,156.97
2021-01-03,2 wk ahead inc death,2021-01-16,54,quantile,0.1,150.01
2021-01-03,2 wk ahead inc death,2021-01-16,55,quantile,0.025,273.55
2021-01-03,2 wk ahead inc death,2021-01-16,55,quantile,0.975,296.37
2021-01-03,2 wk ahead inc death,2021-01-16,55,quantile,0.75,286.83
2021-01-03,2 wk ahead inc death,2021-01-16,55,quantile,0.5,282.68
2021-01-03,2 wk ahead inc death,2021-01-16,55,quantile,0.9,288.80
2021-01-03,2 wk ahead inc death,2021-01-16,55,quantile,0.1,277.24
2021-01-03,2 wk ahead inc death,2021-01-16,55,quantile,0.25,280.24
2021-01-03,2 wk ahead inc death,2021-01-16,56,quantile,0.9,48.63
2021-01-03,2 wk ahead inc death,2021-01-16,56,quantile,0.75,47.58
2021-01-03,2 wk ahead inc death,2021-01-16,56,quantile,0.5,46.66
2021-01-03,2 wk ahead inc death,2021-01-16,56,quantile,0.25,45.89
2021-01-03,2 wk ahead inc death,2021-01-16,56,quantile,0.025,44.15
2021-01-03,2 wk ahead inc death,2021-01-16,56,quantile,0.1,45.08
2021-01-03,2 wk ahead inc death,2021-01-16,56,quantile,0.975,49.66
2021-01-03,1 wk ahead inc death,2021-01-09,US,point,NA,19282.74
2021-01-03,1 wk ahead inc death,2021-01-09,US,quantile,0.025,19039.12
2021-01-03,1 wk ahead inc death,2021-01-09,US,quantile,0.1,19116.75
2021-01-03,1 wk ahead inc death,2021-01-09,US,quantile,0.25,19179.24
2021-01-03,1 wk ahead inc death,2021-01-09,US,quantile,0.5,19284.93
2021-01-03,1 wk ahead inc death,2021-01-09,US,quantile,0.75,19370.97
2021-01-03,1 wk ahead inc death,2021-01-09,US,quantile,0.9,19480.48
2021-01-03,1 wk ahead inc death,2021-01-09,US,quantile,0.975,19596.50
2021-01-03,2 wk ahead inc death,2021-01-16,US,point,NA,20041.20
2021-01-03,2 wk ahead inc death,2021-01-16,US,quantile,0.025,19613.83
2021-01-03,2 wk ahead inc death,2021-01-16,US,quantile,0.1,19781.08
2021-01-03,2 wk ahead inc death,2021-01-16,US,quantile,0.25,19882.96
2021-01-03,2 wk ahead inc death,2021-01-16,US,quantile,0.5,20037.88
2021-01-03,2 wk ahead inc death,2021-01-16,US,quantile,0.75,20190.63
2021-01-03,2 wk ahead inc death,2021-01-16,US,quantile,0.9,20367.52
2021-01-03,2 wk ahead inc death,2021-01-16,US,quantile,0.975,20512.16
