forecast_date,target,target_end_date,location,type,quantile,value
2021-01-10,1 wk ahead inc death,2021-01-16,01,point,NA,436.14
2021-01-10,1 wk ahead inc death,2021-01-16,02,point,NA,26.93
2021-01-10,1 wk ahead inc death,2021-01-16,04,point,NA,987.99
2021-01-10,1 wk ahead inc death,2021-01-16,05,point,NA,332.66
2021-01-10,1 wk ahead inc death,2021-01-16,06,point,NA,3411.52
2021-01-10,1 wk ahead inc death,2021-01-16,08,point,NA,324.92
2021-01-10,1 wk ahead inc death,2021-01-16,09,point,NA,232.82
2021-01-10,1 wk ahead inc death,2021-01-16,10,point,NA,51.22
2021-01-10,1 wk ahead inc death,2021-01-16,11,point,NA,21.86
2021-01-10,1 wk ahead inc death,2021-01-16,12,point,NA,1235.93
2021-01-10,1 wk ahead inc death,2021-01-16,13,point,NA,685.86
2021-01-10,1 wk ahead inc death,2021-01-16,15,point,NA,25.92
2021-01-10,1 wk ahead inc death,2021-01-16,16,point,NA,109.71
2021-01-10,1 wk ahead inc death,2021-01-16,17,point,NA,1021.89
2021-01-10,1 wk ahead inc death,2021-01-16,18,point,NA,585.85
2021-01-10,1 wk ahead inc death,2021-01-16,19,point,NA,233.37
2021-01-10,1 wk ahead inc death,2021-01-16,20,point,NA,233.56
2021-01-10,1 wk ahead inc death,2021-01-16,21,point,NA,330.65
2021-01-10,1 wk ahead inc death,2021-01-16,22,point,NA,408.51
2021-01-10,1 wk ahead inc death,2021-01-16,23,point,NA,67.53
2021-01-10,1 wk ahead inc death,2021-01-16,24,point,NA,314.32
2021-01-10,1 wk ahead inc death,2021-01-16,25,point,NA,595.18
2021-01-10,1 wk ahead inc death,2021-01-16,26,point,NA,814.03
2021-01-10,1 wk ahead inc death,2021-01-16,27,point,NA,308.05
2021-01-10,1 wk ahead inc death,2021-01-16,28,point,NA,341.35
2021-01-10,1 wk ahead inc death,2021-01-16,29,point,NA,413.81
2021-01-10,1 wk ahead inc death,2021-01-16,30,point,NA,96.29
2021-01-10,1 wk ahead inc death,2021-01-16,31,point,NA,107.37
2021-01-10,1 wk ahead inc death,2021-01-16,32,point,NA,319.57
2021-01-10,1 wk ahead inc death,2021-01-16,33,point,NA,96.34
2021-01-10,1 wk ahead inc death,2021-01-16,34,point,NA,696.28
2021-01-10,1 wk ahead inc death,2021-01-16,35,point,NA,206.46
2021-01-10,1 wk ahead inc death,2021-01-16,36,point,NA,1409.73
2021-01-10,1 wk ahead inc death,2021-01-16,37,point,NA,720.89
2021-01-10,1 wk ahead inc death,2021-01-16,38,point,NA,40.57
2021-01-10,1 wk ahead inc death,2021-01-16,39,point,NA,737.35
2021-01-10,1 wk ahead inc death,2021-01-16,40,point,NA,339.89
2021-01-10,1 wk ahead inc death,2021-01-16,41,point,NA,145.57
2021-01-10,1 wk ahead inc death,2021-01-16,42,point,NA,1411.51
2021-01-10,1 wk ahead inc death,2021-01-16,44,point,NA,129.37
2021-01-10,1 wk ahead inc death,2021-01-16,45,point,NA,464.04
2021-01-10,1 wk ahead inc death,2021-01-16,46,point,NA,65.61
2021-01-10,1 wk ahead inc death,2021-01-16,47,point,NA,748.58
2021-01-10,1 wk ahead inc death,2021-01-16,48,point,NA,2267.38
2021-01-10,1 wk ahead inc death,2021-01-16,49,point,NA,95.89
2021-01-10,1 wk ahead inc death,2021-01-16,50,point,NA,21.11
2021-01-10,1 wk ahead inc death,2021-01-16,51,point,NA,403.49
2021-01-10,1 wk ahead inc death,2021-01-16,53,point,NA,322.41
2021-01-10,1 wk ahead inc death,2021-01-16,54,point,NA,210.66
2021-01-10,1 wk ahead inc death,2021-01-16,55,point,NA,389.06
2021-01-10,1 wk ahead inc death,2021-01-16,56,point,NA,49.52
2021-01-10,1 wk ahead inc death,2021-01-16,01,quantile,0.025,428.11
2021-01-10,1 wk ahead inc death,2021-01-16,01,quantile,0.975,446.08
2021-01-10,1 wk ahead inc death,2021-01-16,01,quantile,0.1,430.97
2021-01-10,1 wk ahead inc death,2021-01-16,01,quantile,0.75,438.91
2021-01-10,1 wk ahead inc death,2021-01-16,01,quantile,0.5,436.21
2021-01-10,1 wk ahead inc death,2021-01-16,01,quantile,0.9,441.66
2021-01-10,1 wk ahead inc death,2021-01-16,01,quantile,0.25,433.36
2021-01-10,1 wk ahead inc death,2021-01-16,02,quantile,0.1,26.07
2021-01-10,1 wk ahead inc death,2021-01-16,02,quantile,0.5,27.01
2021-01-10,1 wk ahead inc death,2021-01-16,02,quantile,0.975,28.26
2021-01-10,1 wk ahead inc death,2021-01-16,02,quantile,0.25,26.47
2021-01-10,1 wk ahead inc death,2021-01-16,02,quantile,0.75,27.43
2021-01-10,1 wk ahead inc death,2021-01-16,02,quantile,0.025,25.46
2021-01-10,1 wk ahead inc death,2021-01-16,02,quantile,0.9,27.70
2021-01-10,1 wk ahead inc death,2021-01-16,04,quantile,0.25,978.84
2021-01-10,1 wk ahead inc death,2021-01-16,04,quantile,0.9,1005.41
2021-01-10,1 wk ahead inc death,2021-01-16,04,quantile,0.5,986.51
2021-01-10,1 wk ahead inc death,2021-01-16,04,quantile,0.75,996.84
2021-01-10,1 wk ahead inc death,2021-01-16,04,quantile,0.1,972.84
2021-01-10,1 wk ahead inc death,2021-01-16,04,quantile,0.025,969.05
2021-01-10,1 wk ahead inc death,2021-01-16,04,quantile,0.975,1010.49
2021-01-10,1 wk ahead inc death,2021-01-16,05,quantile,0.5,332.50
2021-01-10,1 wk ahead inc death,2021-01-16,05,quantile,0.1,328.18
2021-01-10,1 wk ahead inc death,2021-01-16,05,quantile,0.25,331.46
2021-01-10,1 wk ahead inc death,2021-01-16,05,quantile,0.9,336.40
2021-01-10,1 wk ahead inc death,2021-01-16,05,quantile,0.025,326.44
2021-01-10,1 wk ahead inc death,2021-01-16,05,quantile,0.975,338.17
2021-01-10,1 wk ahead inc death,2021-01-16,05,quantile,0.75,334.82
2021-01-10,1 wk ahead inc death,2021-01-16,06,quantile,0.1,3352.57
2021-01-10,1 wk ahead inc death,2021-01-16,06,quantile,0.25,3385.21
2021-01-10,1 wk ahead inc death,2021-01-16,06,quantile,0.9,3460.44
2021-01-10,1 wk ahead inc death,2021-01-16,06,quantile,0.975,3480.94
2021-01-10,1 wk ahead inc death,2021-01-16,06,quantile,0.75,3443.89
2021-01-10,1 wk ahead inc death,2021-01-16,06,quantile,0.5,3415.57
2021-01-10,1 wk ahead inc death,2021-01-16,06,quantile,0.025,3335.89
2021-01-10,1 wk ahead inc death,2021-01-16,08,quantile,0.75,327.29
2021-01-10,1 wk ahead inc death,2021-01-16,08,quantile,0.1,320.41
2021-01-10,1 wk ahead inc death,2021-01-16,08,quantile,0.5,324.89
2021-01-10,1 wk ahead inc death,2021-01-16,08,quantile,0.25,322.80
2021-01-10,1 wk ahead inc death,2021-01-16,08,quantile,0.975,331.71
2021-01-10,1 wk ahead inc death,2021-01-16,08,quantile,0.025,317.24
2021-01-10,1 wk ahead inc death,2021-01-16,08,quantile,0.9,329.39
2021-01-10,1 wk ahead inc death,2021-01-16,09,quantile,0.025,228.24
2021-01-10,1 wk ahead inc death,2021-01-16,09,quantile,0.75,234.78
2021-01-10,1 wk ahead inc death,2021-01-16,09,quantile,0.25,230.82
2021-01-10,1 wk ahead inc death,2021-01-16,09,quantile,0.9,236.58
2021-01-10,1 wk ahead inc death,2021-01-16,09,quantile,0.5,232.82
2021-01-10,1 wk ahead inc death,2021-01-16,09,quantile,0.975,237.67
2021-01-10,1 wk ahead inc death,2021-01-16,09,quantile,0.1,229.53
2021-01-10,1 wk ahead inc death,2021-01-16,10,quantile,0.9,52.41
2021-01-10,1 wk ahead inc death,2021-01-16,10,quantile,0.975,52.83
2021-01-10,1 wk ahead inc death,2021-01-16,10,quantile,0.5,51.29
2021-01-10,1 wk ahead inc death,2021-01-16,10,quantile,0.25,50.49
2021-01-10,1 wk ahead inc death,2021-01-16,10,quantile,0.75,51.89
2021-01-10,1 wk ahead inc death,2021-01-16,10,quantile,0.025,49.48
2021-01-10,1 wk ahead inc death,2021-01-16,10,quantile,0.1,50.10
2021-01-10,1 wk ahead inc death,2021-01-16,11,quantile,0.025,20.83
2021-01-10,1 wk ahead inc death,2021-01-16,11,quantile,0.25,21.50
2021-01-10,1 wk ahead inc death,2021-01-16,11,quantile,0.1,21.16
2021-01-10,1 wk ahead inc death,2021-01-16,11,quantile,0.9,22.59
2021-01-10,1 wk ahead inc death,2021-01-16,11,quantile,0.975,23.10
2021-01-10,1 wk ahead inc death,2021-01-16,11,quantile,0.5,21.84
2021-01-10,1 wk ahead inc death,2021-01-16,11,quantile,0.75,22.23
2021-01-10,1 wk ahead inc death,2021-01-16,12,quantile,0.1,1217.44
2021-01-10,1 wk ahead inc death,2021-01-16,12,quantile,0.9,1252.96
2021-01-10,1 wk ahead inc death,2021-01-16,12,quantile,0.5,1236.32
2021-01-10,1 wk ahead inc death,2021-01-16,12,quantile,0.25,1227.52
2021-01-10,1 wk ahead inc death,2021-01-16,12,quantile,0.025,1212.81
2021-01-10,1 wk ahead inc death,2021-01-16,12,quantile,0.975,1259.60
2021-01-10,1 wk ahead inc death,2021-01-16,12,quantile,0.75,1244.95
2021-01-10,1 wk ahead inc death,2021-01-16,13,quantile,0.25,680.93
2021-01-10,1 wk ahead inc death,2021-01-16,13,quantile,0.75,691.17
2021-01-10,1 wk ahead inc death,2021-01-16,13,quantile,0.5,686.22
2021-01-10,1 wk ahead inc death,2021-01-16,13,quantile,0.9,695.91
2021-01-10,1 wk ahead inc death,2021-01-16,13,quantile,0.1,676.24
2021-01-10,1 wk ahead inc death,2021-01-16,13,quantile,0.975,699.15
2021-01-10,1 wk ahead inc death,2021-01-16,13,quantile,0.025,671.68
2021-01-10,1 wk ahead inc death,2021-01-16,15,quantile,0.975,26.64
2021-01-10,1 wk ahead inc death,2021-01-16,15,quantile,0.9,26.47
2021-01-10,1 wk ahead inc death,2021-01-16,15,quantile,0.1,25.31
2021-01-10,1 wk ahead inc death,2021-01-16,15,quantile,0.25,25.59
2021-01-10,1 wk ahead inc death,2021-01-16,15,quantile,0.75,26.28
2021-01-10,1 wk ahead inc death,2021-01-16,15,quantile,0.5,25.96
2021-01-10,1 wk ahead inc death,2021-01-16,15,quantile,0.025,24.93
2021-01-10,1 wk ahead inc death,2021-01-16,16,quantile,0.025,106.84
2021-01-10,1 wk ahead inc death,2021-01-16,16,quantile,0.5,109.81
2021-01-10,1 wk ahead inc death,2021-01-16,16,quantile,0.25,108.49
2021-01-10,1 wk ahead inc death,2021-01-16,16,quantile,0.975,112.90
2021-01-10,1 wk ahead inc death,2021-01-16,16,quantile,0.75,110.69
2021-01-10,1 wk ahead inc death,2021-01-16,16,quantile,0.9,111.62
2021-01-10,1 wk ahead inc death,2021-01-16,16,quantile,0.1,107.61
2021-01-10,1 wk ahead inc death,2021-01-16,17,quantile,0.25,1014.83
2021-01-10,1 wk ahead inc death,2021-01-16,17,quantile,0.75,1030.19
2021-01-10,1 wk ahead inc death,2021-01-16,17,quantile,0.5,1022.04
2021-01-10,1 wk ahead inc death,2021-01-16,17,quantile,0.9,1036.35
2021-01-10,1 wk ahead inc death,2021-01-16,17,quantile,0.1,1007.38
2021-01-10,1 wk ahead inc death,2021-01-16,17,quantile,0.975,1041.91
2021-01-10,1 wk ahead inc death,2021-01-16,17,quantile,0.025,1002.21
2021-01-10,1 wk ahead inc death,2021-01-16,18,quantile,0.9,592.35
2021-01-10,1 wk ahead inc death,2021-01-16,18,quantile,0.75,589.27
2021-01-10,1 wk ahead inc death,2021-01-16,18,quantile,0.1,578.72
2021-01-10,1 wk ahead inc death,2021-01-16,18,quantile,0.975,596.78
2021-01-10,1 wk ahead inc death,2021-01-16,18,quantile,0.25,582.41
2021-01-10,1 wk ahead inc death,2021-01-16,18,quantile,0.025,574.72
2021-01-10,1 wk ahead inc death,2021-01-16,18,quantile,0.5,586.01
2021-01-10,1 wk ahead inc death,2021-01-16,19,quantile,0.25,231.09
2021-01-10,1 wk ahead inc death,2021-01-16,19,quantile,0.5,233.32
2021-01-10,1 wk ahead inc death,2021-01-16,19,quantile,0.1,229.26
2021-01-10,1 wk ahead inc death,2021-01-16,19,quantile,0.9,237.49
2021-01-10,1 wk ahead inc death,2021-01-16,19,quantile,0.75,235.49
2021-01-10,1 wk ahead inc death,2021-01-16,19,quantile,0.025,227.21
2021-01-10,1 wk ahead inc death,2021-01-16,19,quantile,0.975,239.11
2021-01-10,1 wk ahead inc death,2021-01-16,20,quantile,0.025,227.50
2021-01-10,1 wk ahead inc death,2021-01-16,20,quantile,0.975,240.14
2021-01-10,1 wk ahead inc death,2021-01-16,20,quantile,0.5,233.27
2021-01-10,1 wk ahead inc death,2021-01-16,20,quantile,0.25,231.81
2021-01-10,1 wk ahead inc death,2021-01-16,20,quantile,0.75,235.49
2021-01-10,1 wk ahead inc death,2021-01-16,20,quantile,0.9,238.01
2021-01-10,1 wk ahead inc death,2021-01-16,20,quantile,0.1,230.13
2021-01-10,1 wk ahead inc death,2021-01-16,21,quantile,0.1,324.04
2021-01-10,1 wk ahead inc death,2021-01-16,21,quantile,0.25,327.89
2021-01-10,1 wk ahead inc death,2021-01-16,21,quantile,0.5,330.74
2021-01-10,1 wk ahead inc death,2021-01-16,21,quantile,0.9,335.27
2021-01-10,1 wk ahead inc death,2021-01-16,21,quantile,0.025,322.82
2021-01-10,1 wk ahead inc death,2021-01-16,21,quantile,0.975,337.78
2021-01-10,1 wk ahead inc death,2021-01-16,21,quantile,0.75,333.88
2021-01-10,1 wk ahead inc death,2021-01-16,22,quantile,0.5,408.23
2021-01-10,1 wk ahead inc death,2021-01-16,22,quantile,0.9,413.14
2021-01-10,1 wk ahead inc death,2021-01-16,22,quantile,0.025,402.34
2021-01-10,1 wk ahead inc death,2021-01-16,22,quantile,0.75,411.19
2021-01-10,1 wk ahead inc death,2021-01-16,22,quantile,0.975,414.64
2021-01-10,1 wk ahead inc death,2021-01-16,22,quantile,0.25,405.88
2021-01-10,1 wk ahead inc death,2021-01-16,22,quantile,0.1,404.23
2021-01-10,1 wk ahead inc death,2021-01-16,23,quantile,0.9,68.66
2021-01-10,1 wk ahead inc death,2021-01-16,23,quantile,0.75,68.27
2021-01-10,1 wk ahead inc death,2021-01-16,23,quantile,0.5,67.47
2021-01-10,1 wk ahead inc death,2021-01-16,23,quantile,0.025,65.92
2021-01-10,1 wk ahead inc death,2021-01-16,23,quantile,0.1,66.42
2021-01-10,1 wk ahead inc death,2021-01-16,23,quantile,0.25,66.86
2021-01-10,1 wk ahead inc death,2021-01-16,23,quantile,0.975,69.08
2021-01-10,1 wk ahead inc death,2021-01-16,24,quantile,0.5,314.47
2021-01-10,1 wk ahead inc death,2021-01-16,24,quantile,0.975,320.07
2021-01-10,1 wk ahead inc death,2021-01-16,24,quantile,0.025,308.44
2021-01-10,1 wk ahead inc death,2021-01-16,24,quantile,0.1,310.13
2021-01-10,1 wk ahead inc death,2021-01-16,24,quantile,0.9,318.82
2021-01-10,1 wk ahead inc death,2021-01-16,24,quantile,0.75,316.39
2021-01-10,1 wk ahead inc death,2021-01-16,24,quantile,0.25,311.92
2021-01-10,1 wk ahead inc death,2021-01-16,25,quantile,0.9,601.49
2021-01-10,1 wk ahead inc death,2021-01-16,25,quantile,0.975,604.10
2021-01-10,1 wk ahead inc death,2021-01-16,25,quantile,0.025,585.40
2021-01-10,1 wk ahead inc death,2021-01-16,25,quantile,0.75,598.95
2021-01-10,1 wk ahead inc death,2021-01-16,25,quantile,0.1,588.55
2021-01-10,1 wk ahead inc death,2021-01-16,25,quantile,0.5,595.71
2021-01-10,1 wk ahead inc death,2021-01-16,25,quantile,0.25,591.27
2021-01-10,1 wk ahead inc death,2021-01-16,26,quantile,0.75,818.63
2021-01-10,1 wk ahead inc death,2021-01-16,26,quantile,0.025,798.94
2021-01-10,1 wk ahead inc death,2021-01-16,26,quantile,0.1,804.24
2021-01-10,1 wk ahead inc death,2021-01-16,26,quantile,0.25,809.78
2021-01-10,1 wk ahead inc death,2021-01-16,26,quantile,0.9,825.70
2021-01-10,1 wk ahead inc death,2021-01-16,26,quantile,0.5,814.06
2021-01-10,1 wk ahead inc death,2021-01-16,26,quantile,0.975,828.38
2021-01-10,1 wk ahead inc death,2021-01-16,27,quantile,0.1,304.17
2021-01-10,1 wk ahead inc death,2021-01-16,27,quantile,0.025,302.23
2021-01-10,1 wk ahead inc death,2021-01-16,27,quantile,0.9,311.47
2021-01-10,1 wk ahead inc death,2021-01-16,27,quantile,0.5,307.98
2021-01-10,1 wk ahead inc death,2021-01-16,27,quantile,0.25,306.24
2021-01-10,1 wk ahead inc death,2021-01-16,27,quantile,0.75,310.02
2021-01-10,1 wk ahead inc death,2021-01-16,27,quantile,0.975,313.77
2021-01-10,1 wk ahead inc death,2021-01-16,28,quantile,0.5,341.30
2021-01-10,1 wk ahead inc death,2021-01-16,28,quantile,0.975,346.92
2021-01-10,1 wk ahead inc death,2021-01-16,28,quantile,0.25,339.55
2021-01-10,1 wk ahead inc death,2021-01-16,28,quantile,0.9,344.80
2021-01-10,1 wk ahead inc death,2021-01-16,28,quantile,0.1,336.87
2021-01-10,1 wk ahead inc death,2021-01-16,28,quantile,0.75,343.66
2021-01-10,1 wk ahead inc death,2021-01-16,28,quantile,0.025,335.50
2021-01-10,1 wk ahead inc death,2021-01-16,29,quantile,0.75,416.85
2021-01-10,1 wk ahead inc death,2021-01-16,29,quantile,0.9,419.23
2021-01-10,1 wk ahead inc death,2021-01-16,29,quantile,0.975,421.38
2021-01-10,1 wk ahead inc death,2021-01-16,29,quantile,0.5,413.97
2021-01-10,1 wk ahead inc death,2021-01-16,29,quantile,0.1,408.38
2021-01-10,1 wk ahead inc death,2021-01-16,29,quantile,0.025,405.53
2021-01-10,1 wk ahead inc death,2021-01-16,29,quantile,0.25,410.94
2021-01-10,1 wk ahead inc death,2021-01-16,30,quantile,0.975,100.63
2021-01-10,1 wk ahead inc death,2021-01-16,30,quantile,0.75,97.50
2021-01-10,1 wk ahead inc death,2021-01-16,30,quantile,0.025,92.16
2021-01-10,1 wk ahead inc death,2021-01-16,30,quantile,0.9,98.66
2021-01-10,1 wk ahead inc death,2021-01-16,30,quantile,0.1,93.94
2021-01-10,1 wk ahead inc death,2021-01-16,30,quantile,0.5,96.47
2021-01-10,1 wk ahead inc death,2021-01-16,30,quantile,0.25,94.92
2021-01-10,1 wk ahead inc death,2021-01-16,31,quantile,0.1,105.05
2021-01-10,1 wk ahead inc death,2021-01-16,31,quantile,0.025,102.95
2021-01-10,1 wk ahead inc death,2021-01-16,31,quantile,0.9,109.66
2021-01-10,1 wk ahead inc death,2021-01-16,31,quantile,0.25,106.23
2021-01-10,1 wk ahead inc death,2021-01-16,31,quantile,0.75,108.36
2021-01-10,1 wk ahead inc death,2021-01-16,31,quantile,0.5,107.41
2021-01-10,1 wk ahead inc death,2021-01-16,31,quantile,0.975,111.43
2021-01-10,1 wk ahead inc death,2021-01-16,32,quantile,0.975,327.37
2021-01-10,1 wk ahead inc death,2021-01-16,32,quantile,0.9,324.72
2021-01-10,1 wk ahead inc death,2021-01-16,32,quantile,0.25,316.66
2021-01-10,1 wk ahead inc death,2021-01-16,32,quantile,0.025,311.44
2021-01-10,1 wk ahead inc death,2021-01-16,32,quantile,0.75,322.15
2021-01-10,1 wk ahead inc death,2021-01-16,32,quantile,0.5,319.44
2021-01-10,1 wk ahead inc death,2021-01-16,32,quantile,0.1,314.61
2021-01-10,1 wk ahead inc death,2021-01-16,33,quantile,0.9,97.84
2021-01-10,1 wk ahead inc death,2021-01-16,33,quantile,0.25,95.52
2021-01-10,1 wk ahead inc death,2021-01-16,33,quantile,0.025,94.05
2021-01-10,1 wk ahead inc death,2021-01-16,33,quantile,0.1,94.94
2021-01-10,1 wk ahead inc death,2021-01-16,33,quantile,0.5,96.30
2021-01-10,1 wk ahead inc death,2021-01-16,33,quantile,0.975,98.75
2021-01-10,1 wk ahead inc death,2021-01-16,33,quantile,0.75,97.19
2021-01-10,1 wk ahead inc death,2021-01-16,34,quantile,0.975,709.15
2021-01-10,1 wk ahead inc death,2021-01-16,34,quantile,0.75,700.91
2021-01-10,1 wk ahead inc death,2021-01-16,34,quantile,0.9,705.24
2021-01-10,1 wk ahead inc death,2021-01-16,34,quantile,0.1,687.45
2021-01-10,1 wk ahead inc death,2021-01-16,34,quantile,0.5,696.46
2021-01-10,1 wk ahead inc death,2021-01-16,34,quantile,0.025,685.80
2021-01-10,1 wk ahead inc death,2021-01-16,34,quantile,0.25,691.19
2021-01-10,1 wk ahead inc death,2021-01-16,35,quantile,0.75,208.22
2021-01-10,1 wk ahead inc death,2021-01-16,35,quantile,0.9,209.78
2021-01-10,1 wk ahead inc death,2021-01-16,35,quantile,0.1,202.97
2021-01-10,1 wk ahead inc death,2021-01-16,35,quantile,0.25,204.58
2021-01-10,1 wk ahead inc death,2021-01-16,35,quantile,0.025,202.21
2021-01-10,1 wk ahead inc death,2021-01-16,35,quantile,0.5,206.58
2021-01-10,1 wk ahead inc death,2021-01-16,35,quantile,0.975,210.76
2021-01-10,1 wk ahead inc death,2021-01-16,36,quantile,0.25,1401.65
2021-01-10,1 wk ahead inc death,2021-01-16,36,quantile,0.1,1395.64
2021-01-10,1 wk ahead inc death,2021-01-16,36,quantile,0.5,1408.82
2021-01-10,1 wk ahead inc death,2021-01-16,36,quantile,0.9,1428.16
2021-01-10,1 wk ahead inc death,2021-01-16,36,quantile,0.75,1416.86
2021-01-10,1 wk ahead inc death,2021-01-16,36,quantile,0.975,1433.16
2021-01-10,1 wk ahead inc death,2021-01-16,36,quantile,0.025,1389.38
2021-01-10,1 wk ahead inc death,2021-01-16,37,quantile,0.1,712.40
2021-01-10,1 wk ahead inc death,2021-01-16,37,quantile,0.9,730.35
2021-01-10,1 wk ahead inc death,2021-01-16,37,quantile,0.75,725.84
2021-01-10,1 wk ahead inc death,2021-01-16,37,quantile,0.25,716.40
2021-01-10,1 wk ahead inc death,2021-01-16,37,quantile,0.025,709.16
2021-01-10,1 wk ahead inc death,2021-01-16,37,quantile,0.975,734.09
2021-01-10,1 wk ahead inc death,2021-01-16,37,quantile,0.5,719.98
2021-01-10,1 wk ahead inc death,2021-01-16,38,quantile,0.025,38.30
2021-01-10,1 wk ahead inc death,2021-01-16,38,quantile,0.75,41.33
2021-01-10,1 wk ahead inc death,2021-01-16,38,quantile,0.975,43.25
2021-01-10,1 wk ahead inc death,2021-01-16,38,quantile,0.1,39.03
2021-01-10,1 wk ahead inc death,2021-01-16,38,quantile,0.5,40.55
2021-01-10,1 wk ahead inc death,2021-01-16,38,quantile,0.25,39.78
2021-01-10,1 wk ahead inc death,2021-01-16,38,quantile,0.9,41.96
2021-01-10,1 wk ahead inc death,2021-01-16,39,quantile,0.975,753.35
2021-01-10,1 wk ahead inc death,2021-01-16,39,quantile,0.75,742.77
2021-01-10,1 wk ahead inc death,2021-01-16,39,quantile,0.025,723.91
2021-01-10,1 wk ahead inc death,2021-01-16,39,quantile,0.1,727.07
2021-01-10,1 wk ahead inc death,2021-01-16,39,quantile,0.25,731.65
2021-01-10,1 wk ahead inc death,2021-01-16,39,quantile,0.9,747.41
2021-01-10,1 wk ahead inc death,2021-01-16,39,quantile,0.5,737.34
2021-01-10,1 wk ahead inc death,2021-01-16,40,quantile,0.9,344.57
2021-01-10,1 wk ahead inc death,2021-01-16,40,quantile,0.75,342.77
2021-01-10,1 wk ahead inc death,2021-01-16,40,quantile,0.5,339.46
2021-01-10,1 wk ahead inc death,2021-01-16,40,quantile,0.025,332.46
2021-01-10,1 wk ahead inc death,2021-01-16,40,quantile,0.975,347.15
2021-01-10,1 wk ahead inc death,2021-01-16,40,quantile,0.25,337.17
2021-01-10,1 wk ahead inc death,2021-01-16,40,quantile,0.1,334.86
2021-01-10,1 wk ahead inc death,2021-01-16,41,quantile,0.9,148.66
2021-01-10,1 wk ahead inc death,2021-01-16,41,quantile,0.975,149.55
2021-01-10,1 wk ahead inc death,2021-01-16,41,quantile,0.75,147.04
2021-01-10,1 wk ahead inc death,2021-01-16,41,quantile,0.025,141.35
2021-01-10,1 wk ahead inc death,2021-01-16,41,quantile,0.25,144.01
2021-01-10,1 wk ahead inc death,2021-01-16,41,quantile,0.5,145.56
2021-01-10,1 wk ahead inc death,2021-01-16,41,quantile,0.1,142.72
2021-01-10,1 wk ahead inc death,2021-01-16,42,quantile,0.975,1428.84
2021-01-10,1 wk ahead inc death,2021-01-16,42,quantile,0.9,1422.44
2021-01-10,1 wk ahead inc death,2021-01-16,42,quantile,0.025,1394.64
2021-01-10,1 wk ahead inc death,2021-01-16,42,quantile,0.1,1400.30
2021-01-10,1 wk ahead inc death,2021-01-16,42,quantile,0.25,1405.86
2021-01-10,1 wk ahead inc death,2021-01-16,42,quantile,0.75,1418.01
2021-01-10,1 wk ahead inc death,2021-01-16,42,quantile,0.5,1411.40
2021-01-10,1 wk ahead inc death,2021-01-16,44,quantile,0.1,127.40
2021-01-10,1 wk ahead inc death,2021-01-16,44,quantile,0.25,128.19
2021-01-10,1 wk ahead inc death,2021-01-16,44,quantile,0.75,130.52
2021-01-10,1 wk ahead inc death,2021-01-16,44,quantile,0.5,129.30
2021-01-10,1 wk ahead inc death,2021-01-16,44,quantile,0.975,132.60
2021-01-10,1 wk ahead inc death,2021-01-16,44,quantile,0.9,131.46
2021-01-10,1 wk ahead inc death,2021-01-16,44,quantile,0.025,126.41
2021-01-10,1 wk ahead inc death,2021-01-16,45,quantile,0.5,463.85
2021-01-10,1 wk ahead inc death,2021-01-16,45,quantile,0.025,455.78
2021-01-10,1 wk ahead inc death,2021-01-16,45,quantile,0.25,460.43
2021-01-10,1 wk ahead inc death,2021-01-16,45,quantile,0.1,459.04
2021-01-10,1 wk ahead inc death,2021-01-16,45,quantile,0.9,470.03
2021-01-10,1 wk ahead inc death,2021-01-16,45,quantile,0.75,466.57
2021-01-10,1 wk ahead inc death,2021-01-16,45,quantile,0.975,473.58
2021-01-10,1 wk ahead inc death,2021-01-16,46,quantile,0.975,69.31
2021-01-10,1 wk ahead inc death,2021-01-16,46,quantile,0.1,63.45
2021-01-10,1 wk ahead inc death,2021-01-16,46,quantile,0.9,67.53
2021-01-10,1 wk ahead inc death,2021-01-16,46,quantile,0.025,62.57
2021-01-10,1 wk ahead inc death,2021-01-16,46,quantile,0.25,64.48
2021-01-10,1 wk ahead inc death,2021-01-16,46,quantile,0.75,66.62
2021-01-10,1 wk ahead inc death,2021-01-16,46,quantile,0.5,65.57
2021-01-10,1 wk ahead inc death,2021-01-16,47,quantile,0.9,756.95
2021-01-10,1 wk ahead inc death,2021-01-16,47,quantile,0.25,743.96
2021-01-10,1 wk ahead inc death,2021-01-16,47,quantile,0.5,748.51
2021-01-10,1 wk ahead inc death,2021-01-16,47,quantile,0.975,762.54
2021-01-10,1 wk ahead inc death,2021-01-16,47,quantile,0.1,740.63
2021-01-10,1 wk ahead inc death,2021-01-16,47,quantile,0.75,753.12
2021-01-10,1 wk ahead inc death,2021-01-16,47,quantile,0.025,735.78
2021-01-10,1 wk ahead inc death,2021-01-16,48,quantile,0.25,2252.20
2021-01-10,1 wk ahead inc death,2021-01-16,48,quantile,0.5,2265.26
2021-01-10,1 wk ahead inc death,2021-01-16,48,quantile,0.975,2312.26
2021-01-10,1 wk ahead inc death,2021-01-16,48,quantile,0.025,2229.77
2021-01-10,1 wk ahead inc death,2021-01-16,48,quantile,0.1,2237.65
2021-01-10,1 wk ahead inc death,2021-01-16,48,quantile,0.75,2282.31
2021-01-10,1 wk ahead inc death,2021-01-16,48,quantile,0.9,2301.27
2021-01-10,1 wk ahead inc death,2021-01-16,49,quantile,0.75,96.92
2021-01-10,1 wk ahead inc death,2021-01-16,49,quantile,0.9,98.66
2021-01-10,1 wk ahead inc death,2021-01-16,49,quantile,0.1,93.75
2021-01-10,1 wk ahead inc death,2021-01-16,49,quantile,0.025,92.23
2021-01-10,1 wk ahead inc death,2021-01-16,49,quantile,0.25,94.58
2021-01-10,1 wk ahead inc death,2021-01-16,49,quantile,0.5,95.74
2021-01-10,1 wk ahead inc death,2021-01-16,49,quantile,0.975,99.68
2021-01-10,1 wk ahead inc death,2021-01-16,50,quantile,0.5,21.11
2021-01-10,1 wk ahead inc death,2021-01-16,50,quantile,0.25,20.64
2021-01-10,1 wk ahead inc death,2021-01-16,50,quantile,0.9,21.96
2021-01-10,1 wk ahead inc death,2021-01-16,50,quantile,0.975,22.48
2021-01-10,1 wk ahead inc death,2021-01-16,50,quantile,0.1,20.41
2021-01-10,1 wk ahead inc death,2021-01-16,50,quantile,0.75,21.48
2021-01-10,1 wk ahead inc death,2021-01-16,50,quantile,0.025,19.87
2021-01-10,1 wk ahead inc death,2021-01-16,51,quantile,0.975,412.63
2021-01-10,1 wk ahead inc death,2021-01-16,51,quantile,0.1,396.42
2021-01-10,1 wk ahead inc death,2021-01-16,51,quantile,0.5,403.54
2021-01-10,1 wk ahead inc death,2021-01-16,51,quantile,0.25,400.61
2021-01-10,1 wk ahead inc death,2021-01-16,51,quantile,0.75,406.46
2021-01-10,1 wk ahead inc death,2021-01-16,51,quantile,0.9,409.03
2021-01-10,1 wk ahead inc death,2021-01-16,51,quantile,0.025,393.30
2021-01-10,1 wk ahead inc death,2021-01-16,53,quantile,0.25,319.29
2021-01-10,1 wk ahead inc death,2021-01-16,53,quantile,0.025,315.07
2021-01-10,1 wk ahead inc death,2021-01-16,53,quantile,0.1,318.10
2021-01-10,1 wk ahead inc death,2021-01-16,53,quantile,0.975,328.94
2021-01-10,1 wk ahead inc death,2021-01-16,53,quantile,0.9,327.49
2021-01-10,1 wk ahead inc death,2021-01-16,53,quantile,0.5,322.25
2021-01-10,1 wk ahead inc death,2021-01-16,53,quantile,0.75,325.62
2021-01-10,1 wk ahead inc death,2021-01-16,54,quantile,0.75,212.00
2021-01-10,1 wk ahead inc death,2021-01-16,54,quantile,0.5,210.58
2021-01-10,1 wk ahead inc death,2021-01-16,54,quantile,0.025,206.50
2021-01-10,1 wk ahead inc death,2021-01-16,54,quantile,0.975,214.86
2021-01-10,1 wk ahead inc death,2021-01-16,54,quantile,0.25,209.00
2021-01-10,1 wk ahead inc death,2021-01-16,54,quantile,0.9,214.00
2021-01-10,1 wk ahead inc death,2021-01-16,54,quantile,0.1,208.33
2021-01-10,1 wk ahead inc death,2021-01-16,55,quantile,0.025,381.53
2021-01-10,1 wk ahead inc death,2021-01-16,55,quantile,0.975,395.37
2021-01-10,1 wk ahead inc death,2021-01-16,55,quantile,0.75,391.74
2021-01-10,1 wk ahead inc death,2021-01-16,55,quantile,0.5,389.08
2021-01-10,1 wk ahead inc death,2021-01-16,55,quantile,0.9,393.63
2021-01-10,1 wk ahead inc death,2021-01-16,55,quantile,0.1,384.79
2021-01-10,1 wk ahead inc death,2021-01-16,55,quantile,0.25,386.70
2021-01-10,1 wk ahead inc death,2021-01-16,56,quantile,0.9,50.31
2021-01-10,1 wk ahead inc death,2021-01-16,56,quantile,0.75,49.98
2021-01-10,1 wk ahead inc death,2021-01-16,56,quantile,0.5,49.44
2021-01-10,1 wk ahead inc death,2021-01-16,56,quantile,0.25,49.03
2021-01-10,1 wk ahead inc death,2021-01-16,56,quantile,0.025,48.10
2021-01-10,1 wk ahead inc death,2021-01-16,56,quantile,0.1,48.57
2021-01-10,1 wk ahead inc death,2021-01-16,56,quantile,0.975,51.35
2021-01-10,2 wk ahead inc death,2021-01-23,01,point,NA,463.49
2021-01-10,2 wk ahead inc death,2021-01-23,02,point,NA,39.39
2021-01-10,2 wk ahead inc death,2021-01-23,04,point,NA,991.52
2021-01-10,2 wk ahead inc death,2021-01-23,05,point,NA,383.03
2021-01-10,2 wk ahead inc death,2021-01-23,06,point,NA,3653.33
2021-01-10,2 wk ahead inc death,2021-01-23,08,point,NA,366.32
2021-01-10,2 wk ahead inc death,2021-01-23,09,point,NA,231.68
2021-01-10,2 wk ahead inc death,2021-01-23,10,point,NA,61.51
2021-01-10,2 wk ahead inc death,2021-01-23,11,point,NA,21.77
2021-01-10,2 wk ahead inc death,2021-01-23,12,point,NA,1389.42
2021-01-10,2 wk ahead inc death,2021-01-23,13,point,NA,824.77
2021-01-10,2 wk ahead inc death,2021-01-23,15,point,NA,29.27
2021-01-10,2 wk ahead inc death,2021-01-23,16,point,NA,120.76
2021-01-10,2 wk ahead inc death,2021-01-23,17,point,NA,1052.51
2021-01-10,2 wk ahead inc death,2021-01-23,18,point,NA,626.65
2021-01-10,2 wk ahead inc death,2021-01-23,19,point,NA,265.81
2021-01-10,2 wk ahead inc death,2021-01-23,20,point,NA,264.16
2021-01-10,2 wk ahead inc death,2021-01-23,21,point,NA,426.96
2021-01-10,2 wk ahead inc death,2021-01-23,22,point,NA,458.91
2021-01-10,2 wk ahead inc death,2021-01-23,23,point,NA,72.52
2021-01-10,2 wk ahead inc death,2021-01-23,24,point,NA,327.80
2021-01-10,2 wk ahead inc death,2021-01-23,25,point,NA,579.04
2021-01-10,2 wk ahead inc death,2021-01-23,26,point,NA,849.02
2021-01-10,2 wk ahead inc death,2021-01-23,27,point,NA,322.65
2021-01-10,2 wk ahead inc death,2021-01-23,28,point,NA,368.04
2021-01-10,2 wk ahead inc death,2021-01-23,29,point,NA,459.24
2021-01-10,2 wk ahead inc death,2021-01-23,30,point,NA,125.77
2021-01-10,2 wk ahead inc death,2021-01-23,31,point,NA,129.16
2021-01-10,2 wk ahead inc death,2021-01-23,32,point,NA,335.00
2021-01-10,2 wk ahead inc death,2021-01-23,33,point,NA,101.26
2021-01-10,2 wk ahead inc death,2021-01-23,34,point,NA,704.99
2021-01-10,2 wk ahead inc death,2021-01-23,35,point,NA,212.46
2021-01-10,2 wk ahead inc death,2021-01-23,36,point,NA,1520.98
2021-01-10,2 wk ahead inc death,2021-01-23,37,point,NA,844.20
2021-01-10,2 wk ahead inc death,2021-01-23,38,point,NA,45.26
2021-01-10,2 wk ahead inc death,2021-01-23,39,point,NA,838.44
2021-01-10,2 wk ahead inc death,2021-01-23,40,point,NA,426.05
2021-01-10,2 wk ahead inc death,2021-01-23,41,point,NA,174.42
2021-01-10,2 wk ahead inc death,2021-01-23,42,point,NA,1417.59
2021-01-10,2 wk ahead inc death,2021-01-23,44,point,NA,130.47
2021-01-10,2 wk ahead inc death,2021-01-23,45,point,NA,531.01
2021-01-10,2 wk ahead inc death,2021-01-23,46,point,NA,81.91
2021-01-10,2 wk ahead inc death,2021-01-23,47,point,NA,782.63
2021-01-10,2 wk ahead inc death,2021-01-23,48,point,NA,2538.72
2021-01-10,2 wk ahead inc death,2021-01-23,49,point,NA,110.87
2021-01-10,2 wk ahead inc death,2021-01-23,50,point,NA,25.12
2021-01-10,2 wk ahead inc death,2021-01-23,51,point,NA,486.97
2021-01-10,2 wk ahead inc death,2021-01-23,53,point,NA,363.09
2021-01-10,2 wk ahead inc death,2021-01-23,54,point,NA,231.85
2021-01-10,2 wk ahead inc death,2021-01-23,55,point,NA,435.78
2021-01-10,2 wk ahead inc death,2021-01-23,56,point,NA,52.50
2021-01-10,2 wk ahead inc death,2021-01-23,01,quantile,0.025,448.19
2021-01-10,2 wk ahead inc death,2021-01-23,01,quantile,0.975,477.58
2021-01-10,2 wk ahead inc death,2021-01-23,01,quantile,0.1,451.74
2021-01-10,2 wk ahead inc death,2021-01-23,01,quantile,0.75,468.30
2021-01-10,2 wk ahead inc death,2021-01-23,01,quantile,0.5,463.83
2021-01-10,2 wk ahead inc death,2021-01-23,01,quantile,0.9,473.99
2021-01-10,2 wk ahead inc death,2021-01-23,01,quantile,0.25,458.84
2021-01-10,2 wk ahead inc death,2021-01-23,02,quantile,0.1,37.56
2021-01-10,2 wk ahead inc death,2021-01-23,02,quantile,0.5,39.26
2021-01-10,2 wk ahead inc death,2021-01-23,02,quantile,0.975,42.48
2021-01-10,2 wk ahead inc death,2021-01-23,02,quantile,0.25,38.15
2021-01-10,2 wk ahead inc death,2021-01-23,02,quantile,0.75,40.57
2021-01-10,2 wk ahead inc death,2021-01-23,02,quantile,0.025,35.86
2021-01-10,2 wk ahead inc death,2021-01-23,02,quantile,0.9,41.63
2021-01-10,2 wk ahead inc death,2021-01-23,04,quantile,0.25,980.17
2021-01-10,2 wk ahead inc death,2021-01-23,04,quantile,0.9,1015.25
2021-01-10,2 wk ahead inc death,2021-01-23,04,quantile,0.5,989.29
2021-01-10,2 wk ahead inc death,2021-01-23,04,quantile,0.75,1002.69
2021-01-10,2 wk ahead inc death,2021-01-23,04,quantile,0.1,971.42
2021-01-10,2 wk ahead inc death,2021-01-23,04,quantile,0.025,964.82
2021-01-10,2 wk ahead inc death,2021-01-23,04,quantile,0.975,1024.83
2021-01-10,2 wk ahead inc death,2021-01-23,05,quantile,0.5,382.72
2021-01-10,2 wk ahead inc death,2021-01-23,05,quantile,0.1,375.37
2021-01-10,2 wk ahead inc death,2021-01-23,05,quantile,0.25,379.25
2021-01-10,2 wk ahead inc death,2021-01-23,05,quantile,0.9,391.15
2021-01-10,2 wk ahead inc death,2021-01-23,05,quantile,0.025,373.53
2021-01-10,2 wk ahead inc death,2021-01-23,05,quantile,0.975,394.20
2021-01-10,2 wk ahead inc death,2021-01-23,05,quantile,0.75,386.40
2021-01-10,2 wk ahead inc death,2021-01-23,06,quantile,0.1,3563.92
2021-01-10,2 wk ahead inc death,2021-01-23,06,quantile,0.25,3607.09
2021-01-10,2 wk ahead inc death,2021-01-23,06,quantile,0.9,3736.40
2021-01-10,2 wk ahead inc death,2021-01-23,06,quantile,0.975,3767.80
2021-01-10,2 wk ahead inc death,2021-01-23,06,quantile,0.75,3705.09
2021-01-10,2 wk ahead inc death,2021-01-23,06,quantile,0.5,3665.50
2021-01-10,2 wk ahead inc death,2021-01-23,06,quantile,0.025,3515.36
2021-01-10,2 wk ahead inc death,2021-01-23,08,quantile,0.75,370.99
2021-01-10,2 wk ahead inc death,2021-01-23,08,quantile,0.1,357.47
2021-01-10,2 wk ahead inc death,2021-01-23,08,quantile,0.5,366.07
2021-01-10,2 wk ahead inc death,2021-01-23,08,quantile,0.25,362.00
2021-01-10,2 wk ahead inc death,2021-01-23,08,quantile,0.975,378.06
2021-01-10,2 wk ahead inc death,2021-01-23,08,quantile,0.025,354.07
2021-01-10,2 wk ahead inc death,2021-01-23,08,quantile,0.9,373.77
2021-01-10,2 wk ahead inc death,2021-01-23,09,quantile,0.025,223.43
2021-01-10,2 wk ahead inc death,2021-01-23,09,quantile,0.75,234.56
2021-01-10,2 wk ahead inc death,2021-01-23,09,quantile,0.25,228.93
2021-01-10,2 wk ahead inc death,2021-01-23,09,quantile,0.9,237.40
2021-01-10,2 wk ahead inc death,2021-01-23,09,quantile,0.5,231.44
2021-01-10,2 wk ahead inc death,2021-01-23,09,quantile,0.975,241.47
2021-01-10,2 wk ahead inc death,2021-01-23,09,quantile,0.1,225.64
2021-01-10,2 wk ahead inc death,2021-01-23,10,quantile,0.9,64.15
2021-01-10,2 wk ahead inc death,2021-01-23,10,quantile,0.975,65.03
2021-01-10,2 wk ahead inc death,2021-01-23,10,quantile,0.5,61.77
2021-01-10,2 wk ahead inc death,2021-01-23,10,quantile,0.25,59.85
2021-01-10,2 wk ahead inc death,2021-01-23,10,quantile,0.75,62.89
2021-01-10,2 wk ahead inc death,2021-01-23,10,quantile,0.025,57.49
2021-01-10,2 wk ahead inc death,2021-01-23,10,quantile,0.1,58.97
2021-01-10,2 wk ahead inc death,2021-01-23,11,quantile,0.025,20.11
2021-01-10,2 wk ahead inc death,2021-01-23,11,quantile,0.25,21.19
2021-01-10,2 wk ahead inc death,2021-01-23,11,quantile,0.1,20.65
2021-01-10,2 wk ahead inc death,2021-01-23,11,quantile,0.9,22.91
2021-01-10,2 wk ahead inc death,2021-01-23,11,quantile,0.975,23.65
2021-01-10,2 wk ahead inc death,2021-01-23,11,quantile,0.5,21.73
2021-01-10,2 wk ahead inc death,2021-01-23,11,quantile,0.75,22.36
2021-01-10,2 wk ahead inc death,2021-01-23,12,quantile,0.1,1359.66
2021-01-10,2 wk ahead inc death,2021-01-23,12,quantile,0.9,1418.84
2021-01-10,2 wk ahead inc death,2021-01-23,12,quantile,0.5,1388.58
2021-01-10,2 wk ahead inc death,2021-01-23,12,quantile,0.25,1374.03
2021-01-10,2 wk ahead inc death,2021-01-23,12,quantile,0.025,1353.13
2021-01-10,2 wk ahead inc death,2021-01-23,12,quantile,0.975,1430.89
2021-01-10,2 wk ahead inc death,2021-01-23,12,quantile,0.75,1405.94
2021-01-10,2 wk ahead inc death,2021-01-23,13,quantile,0.25,814.77
2021-01-10,2 wk ahead inc death,2021-01-23,13,quantile,0.75,835.86
2021-01-10,2 wk ahead inc death,2021-01-23,13,quantile,0.5,824.47
2021-01-10,2 wk ahead inc death,2021-01-23,13,quantile,0.9,841.83
2021-01-10,2 wk ahead inc death,2021-01-23,13,quantile,0.1,806.84
2021-01-10,2 wk ahead inc death,2021-01-23,13,quantile,0.975,850.42
2021-01-10,2 wk ahead inc death,2021-01-23,13,quantile,0.025,798.46
2021-01-10,2 wk ahead inc death,2021-01-23,15,quantile,0.975,30.25
2021-01-10,2 wk ahead inc death,2021-01-23,15,quantile,0.9,29.98
2021-01-10,2 wk ahead inc death,2021-01-23,15,quantile,0.1,28.51
2021-01-10,2 wk ahead inc death,2021-01-23,15,quantile,0.25,28.88
2021-01-10,2 wk ahead inc death,2021-01-23,15,quantile,0.75,29.77
2021-01-10,2 wk ahead inc death,2021-01-23,15,quantile,0.5,29.21
2021-01-10,2 wk ahead inc death,2021-01-23,15,quantile,0.025,28.00
2021-01-10,2 wk ahead inc death,2021-01-23,16,quantile,0.025,115.80
2021-01-10,2 wk ahead inc death,2021-01-23,16,quantile,0.5,120.91
2021-01-10,2 wk ahead inc death,2021-01-23,16,quantile,0.25,119.03
2021-01-10,2 wk ahead inc death,2021-01-23,16,quantile,0.975,124.80
2021-01-10,2 wk ahead inc death,2021-01-23,16,quantile,0.75,122.52
2021-01-10,2 wk ahead inc death,2021-01-23,16,quantile,0.9,123.80
2021-01-10,2 wk ahead inc death,2021-01-23,16,quantile,0.1,117.97
2021-01-10,2 wk ahead inc death,2021-01-23,17,quantile,0.25,1039.08
2021-01-10,2 wk ahead inc death,2021-01-23,17,quantile,0.75,1065.41
2021-01-10,2 wk ahead inc death,2021-01-23,17,quantile,0.5,1053.34
2021-01-10,2 wk ahead inc death,2021-01-23,17,quantile,0.9,1074.88
2021-01-10,2 wk ahead inc death,2021-01-23,17,quantile,0.1,1030.16
2021-01-10,2 wk ahead inc death,2021-01-23,17,quantile,0.975,1082.92
2021-01-10,2 wk ahead inc death,2021-01-23,17,quantile,0.025,1023.36
2021-01-10,2 wk ahead inc death,2021-01-23,18,quantile,0.9,639.14
2021-01-10,2 wk ahead inc death,2021-01-23,18,quantile,0.75,635.67
2021-01-10,2 wk ahead inc death,2021-01-23,18,quantile,0.1,612.80
2021-01-10,2 wk ahead inc death,2021-01-23,18,quantile,0.975,645.02
2021-01-10,2 wk ahead inc death,2021-01-23,18,quantile,0.25,619.16
2021-01-10,2 wk ahead inc death,2021-01-23,18,quantile,0.025,605.66
2021-01-10,2 wk ahead inc death,2021-01-23,18,quantile,0.5,626.42
2021-01-10,2 wk ahead inc death,2021-01-23,19,quantile,0.25,261.97
2021-01-10,2 wk ahead inc death,2021-01-23,19,quantile,0.5,266.06
2021-01-10,2 wk ahead inc death,2021-01-23,19,quantile,0.1,258.92
2021-01-10,2 wk ahead inc death,2021-01-23,19,quantile,0.9,273.26
2021-01-10,2 wk ahead inc death,2021-01-23,19,quantile,0.75,269.63
2021-01-10,2 wk ahead inc death,2021-01-23,19,quantile,0.025,254.76
2021-01-10,2 wk ahead inc death,2021-01-23,19,quantile,0.975,276.79
2021-01-10,2 wk ahead inc death,2021-01-23,20,quantile,0.025,254.28
2021-01-10,2 wk ahead inc death,2021-01-23,20,quantile,0.975,276.25
2021-01-10,2 wk ahead inc death,2021-01-23,20,quantile,0.5,263.79
2021-01-10,2 wk ahead inc death,2021-01-23,20,quantile,0.25,259.82
2021-01-10,2 wk ahead inc death,2021-01-23,20,quantile,0.75,268.25
2021-01-10,2 wk ahead inc death,2021-01-23,20,quantile,0.9,272.56
2021-01-10,2 wk ahead inc death,2021-01-23,20,quantile,0.1,255.89
2021-01-10,2 wk ahead inc death,2021-01-23,21,quantile,0.1,415.71
2021-01-10,2 wk ahead inc death,2021-01-23,21,quantile,0.25,420.94
2021-01-10,2 wk ahead inc death,2021-01-23,21,quantile,0.5,425.98
2021-01-10,2 wk ahead inc death,2021-01-23,21,quantile,0.9,438.08
2021-01-10,2 wk ahead inc death,2021-01-23,21,quantile,0.025,413.02
2021-01-10,2 wk ahead inc death,2021-01-23,21,quantile,0.975,441.92
2021-01-10,2 wk ahead inc death,2021-01-23,21,quantile,0.75,432.20
2021-01-10,2 wk ahead inc death,2021-01-23,22,quantile,0.5,458.63
2021-01-10,2 wk ahead inc death,2021-01-23,22,quantile,0.9,468.02
2021-01-10,2 wk ahead inc death,2021-01-23,22,quantile,0.025,446.38
2021-01-10,2 wk ahead inc death,2021-01-23,22,quantile,0.75,463.19
2021-01-10,2 wk ahead inc death,2021-01-23,22,quantile,0.975,472.05
2021-01-10,2 wk ahead inc death,2021-01-23,22,quantile,0.25,454.64
2021-01-10,2 wk ahead inc death,2021-01-23,22,quantile,0.1,449.85
2021-01-10,2 wk ahead inc death,2021-01-23,23,quantile,0.9,74.78
2021-01-10,2 wk ahead inc death,2021-01-23,23,quantile,0.75,73.64
2021-01-10,2 wk ahead inc death,2021-01-23,23,quantile,0.5,72.56
2021-01-10,2 wk ahead inc death,2021-01-23,23,quantile,0.025,69.70
2021-01-10,2 wk ahead inc death,2021-01-23,23,quantile,0.1,70.11
2021-01-10,2 wk ahead inc death,2021-01-23,23,quantile,0.25,71.24
2021-01-10,2 wk ahead inc death,2021-01-23,23,quantile,0.975,75.59
2021-01-10,2 wk ahead inc death,2021-01-23,24,quantile,0.5,327.18
2021-01-10,2 wk ahead inc death,2021-01-23,24,quantile,0.975,339.92
2021-01-10,2 wk ahead inc death,2021-01-23,24,quantile,0.025,318.00
2021-01-10,2 wk ahead inc death,2021-01-23,24,quantile,0.1,321.03
2021-01-10,2 wk ahead inc death,2021-01-23,24,quantile,0.9,334.96
2021-01-10,2 wk ahead inc death,2021-01-23,24,quantile,0.75,331.28
2021-01-10,2 wk ahead inc death,2021-01-23,24,quantile,0.25,324.21
2021-01-10,2 wk ahead inc death,2021-01-23,25,quantile,0.9,592.98
2021-01-10,2 wk ahead inc death,2021-01-23,25,quantile,0.975,598.46
2021-01-10,2 wk ahead inc death,2021-01-23,25,quantile,0.025,554.39
2021-01-10,2 wk ahead inc death,2021-01-23,25,quantile,0.75,586.02
2021-01-10,2 wk ahead inc death,2021-01-23,25,quantile,0.1,563.17
2021-01-10,2 wk ahead inc death,2021-01-23,25,quantile,0.5,579.88
2021-01-10,2 wk ahead inc death,2021-01-23,25,quantile,0.25,572.44
2021-01-10,2 wk ahead inc death,2021-01-23,26,quantile,0.75,858.00
2021-01-10,2 wk ahead inc death,2021-01-23,26,quantile,0.025,820.59
2021-01-10,2 wk ahead inc death,2021-01-23,26,quantile,0.1,829.88
2021-01-10,2 wk ahead inc death,2021-01-23,26,quantile,0.25,839.61
2021-01-10,2 wk ahead inc death,2021-01-23,26,quantile,0.9,869.24
2021-01-10,2 wk ahead inc death,2021-01-23,26,quantile,0.5,849.20
2021-01-10,2 wk ahead inc death,2021-01-23,26,quantile,0.975,877.84
2021-01-10,2 wk ahead inc death,2021-01-23,27,quantile,0.1,316.00
2021-01-10,2 wk ahead inc death,2021-01-23,27,quantile,0.025,310.14
2021-01-10,2 wk ahead inc death,2021-01-23,27,quantile,0.9,328.54
2021-01-10,2 wk ahead inc death,2021-01-23,27,quantile,0.5,323.13
2021-01-10,2 wk ahead inc death,2021-01-23,27,quantile,0.25,319.66
2021-01-10,2 wk ahead inc death,2021-01-23,27,quantile,0.75,326.01
2021-01-10,2 wk ahead inc death,2021-01-23,27,quantile,0.975,332.43
2021-01-10,2 wk ahead inc death,2021-01-23,28,quantile,0.5,368.49
2021-01-10,2 wk ahead inc death,2021-01-23,28,quantile,0.975,378.67
2021-01-10,2 wk ahead inc death,2021-01-23,28,quantile,0.25,363.28
2021-01-10,2 wk ahead inc death,2021-01-23,28,quantile,0.9,375.58
2021-01-10,2 wk ahead inc death,2021-01-23,28,quantile,0.1,361.08
2021-01-10,2 wk ahead inc death,2021-01-23,28,quantile,0.75,371.48
2021-01-10,2 wk ahead inc death,2021-01-23,28,quantile,0.025,358.00
2021-01-10,2 wk ahead inc death,2021-01-23,29,quantile,0.75,466.73
2021-01-10,2 wk ahead inc death,2021-01-23,29,quantile,0.9,470.57
2021-01-10,2 wk ahead inc death,2021-01-23,29,quantile,0.975,475.44
2021-01-10,2 wk ahead inc death,2021-01-23,29,quantile,0.5,458.46
2021-01-10,2 wk ahead inc death,2021-01-23,29,quantile,0.1,447.38
2021-01-10,2 wk ahead inc death,2021-01-23,29,quantile,0.025,443.11
2021-01-10,2 wk ahead inc death,2021-01-23,29,quantile,0.25,453.09
2021-01-10,2 wk ahead inc death,2021-01-23,30,quantile,0.975,134.34
2021-01-10,2 wk ahead inc death,2021-01-23,30,quantile,0.75,127.96
2021-01-10,2 wk ahead inc death,2021-01-23,30,quantile,0.025,120.01
2021-01-10,2 wk ahead inc death,2021-01-23,30,quantile,0.9,130.43
2021-01-10,2 wk ahead inc death,2021-01-23,30,quantile,0.1,121.29
2021-01-10,2 wk ahead inc death,2021-01-23,30,quantile,0.5,125.63
2021-01-10,2 wk ahead inc death,2021-01-23,30,quantile,0.25,123.19
2021-01-10,2 wk ahead inc death,2021-01-23,31,quantile,0.1,124.19
2021-01-10,2 wk ahead inc death,2021-01-23,31,quantile,0.025,121.91
2021-01-10,2 wk ahead inc death,2021-01-23,31,quantile,0.9,134.03
2021-01-10,2 wk ahead inc death,2021-01-23,31,quantile,0.25,126.29
2021-01-10,2 wk ahead inc death,2021-01-23,31,quantile,0.75,131.19
2021-01-10,2 wk ahead inc death,2021-01-23,31,quantile,0.5,129.52
2021-01-10,2 wk ahead inc death,2021-01-23,31,quantile,0.975,136.94
2021-01-10,2 wk ahead inc death,2021-01-23,32,quantile,0.975,354.88
2021-01-10,2 wk ahead inc death,2021-01-23,32,quantile,0.9,348.76
2021-01-10,2 wk ahead inc death,2021-01-23,32,quantile,0.25,327.27
2021-01-10,2 wk ahead inc death,2021-01-23,32,quantile,0.025,317.83
2021-01-10,2 wk ahead inc death,2021-01-23,32,quantile,0.75,340.94
2021-01-10,2 wk ahead inc death,2021-01-23,32,quantile,0.5,335.10
2021-01-10,2 wk ahead inc death,2021-01-23,32,quantile,0.1,323.44
2021-01-10,2 wk ahead inc death,2021-01-23,33,quantile,0.9,104.46
2021-01-10,2 wk ahead inc death,2021-01-23,33,quantile,0.25,99.68
2021-01-10,2 wk ahead inc death,2021-01-23,33,quantile,0.025,96.50
2021-01-10,2 wk ahead inc death,2021-01-23,33,quantile,0.1,98.76
2021-01-10,2 wk ahead inc death,2021-01-23,33,quantile,0.5,101.12
2021-01-10,2 wk ahead inc death,2021-01-23,33,quantile,0.975,105.84
2021-01-10,2 wk ahead inc death,2021-01-23,33,quantile,0.75,102.83
2021-01-10,2 wk ahead inc death,2021-01-23,34,quantile,0.975,727.88
2021-01-10,2 wk ahead inc death,2021-01-23,34,quantile,0.75,712.71
2021-01-10,2 wk ahead inc death,2021-01-23,34,quantile,0.9,721.39
2021-01-10,2 wk ahead inc death,2021-01-23,34,quantile,0.1,688.90
2021-01-10,2 wk ahead inc death,2021-01-23,34,quantile,0.5,705.72
2021-01-10,2 wk ahead inc death,2021-01-23,34,quantile,0.025,682.26
2021-01-10,2 wk ahead inc death,2021-01-23,34,quantile,0.25,694.41
2021-01-10,2 wk ahead inc death,2021-01-23,35,quantile,0.75,216.38
2021-01-10,2 wk ahead inc death,2021-01-23,35,quantile,0.9,218.35
2021-01-10,2 wk ahead inc death,2021-01-23,35,quantile,0.1,205.74
2021-01-10,2 wk ahead inc death,2021-01-23,35,quantile,0.25,208.89
2021-01-10,2 wk ahead inc death,2021-01-23,35,quantile,0.025,203.48
2021-01-10,2 wk ahead inc death,2021-01-23,35,quantile,0.5,212.73
2021-01-10,2 wk ahead inc death,2021-01-23,35,quantile,0.975,220.71
2021-01-10,2 wk ahead inc death,2021-01-23,36,quantile,0.25,1506.86
2021-01-10,2 wk ahead inc death,2021-01-23,36,quantile,0.1,1499.03
2021-01-10,2 wk ahead inc death,2021-01-23,36,quantile,0.5,1519.19
2021-01-10,2 wk ahead inc death,2021-01-23,36,quantile,0.9,1548.60
2021-01-10,2 wk ahead inc death,2021-01-23,36,quantile,0.75,1532.76
2021-01-10,2 wk ahead inc death,2021-01-23,36,quantile,0.975,1561.86
2021-01-10,2 wk ahead inc death,2021-01-23,36,quantile,0.025,1490.79
2021-01-10,2 wk ahead inc death,2021-01-23,37,quantile,0.1,830.65
2021-01-10,2 wk ahead inc death,2021-01-23,37,quantile,0.9,855.89
2021-01-10,2 wk ahead inc death,2021-01-23,37,quantile,0.75,851.02
2021-01-10,2 wk ahead inc death,2021-01-23,37,quantile,0.25,836.53
2021-01-10,2 wk ahead inc death,2021-01-23,37,quantile,0.025,825.80
2021-01-10,2 wk ahead inc death,2021-01-23,37,quantile,0.975,865.44
2021-01-10,2 wk ahead inc death,2021-01-23,37,quantile,0.5,844.24
2021-01-10,2 wk ahead inc death,2021-01-23,38,quantile,0.025,41.98
2021-01-10,2 wk ahead inc death,2021-01-23,38,quantile,0.75,46.43
2021-01-10,2 wk ahead inc death,2021-01-23,38,quantile,0.975,50.19
2021-01-10,2 wk ahead inc death,2021-01-23,38,quantile,0.1,42.53
2021-01-10,2 wk ahead inc death,2021-01-23,38,quantile,0.5,45.20
2021-01-10,2 wk ahead inc death,2021-01-23,38,quantile,0.25,43.66
2021-01-10,2 wk ahead inc death,2021-01-23,38,quantile,0.9,48.28
2021-01-10,2 wk ahead inc death,2021-01-23,39,quantile,0.975,862.61
2021-01-10,2 wk ahead inc death,2021-01-23,39,quantile,0.75,848.59
2021-01-10,2 wk ahead inc death,2021-01-23,39,quantile,0.025,815.69
2021-01-10,2 wk ahead inc death,2021-01-23,39,quantile,0.1,820.23
2021-01-10,2 wk ahead inc death,2021-01-23,39,quantile,0.25,828.11
2021-01-10,2 wk ahead inc death,2021-01-23,39,quantile,0.9,856.15
2021-01-10,2 wk ahead inc death,2021-01-23,39,quantile,0.5,838.90
2021-01-10,2 wk ahead inc death,2021-01-23,40,quantile,0.9,437.20
2021-01-10,2 wk ahead inc death,2021-01-23,40,quantile,0.75,430.97
2021-01-10,2 wk ahead inc death,2021-01-23,40,quantile,0.5,425.64
2021-01-10,2 wk ahead inc death,2021-01-23,40,quantile,0.025,412.83
2021-01-10,2 wk ahead inc death,2021-01-23,40,quantile,0.975,439.01
2021-01-10,2 wk ahead inc death,2021-01-23,40,quantile,0.25,421.16
2021-01-10,2 wk ahead inc death,2021-01-23,40,quantile,0.1,416.54
2021-01-10,2 wk ahead inc death,2021-01-23,41,quantile,0.9,178.91
2021-01-10,2 wk ahead inc death,2021-01-23,41,quantile,0.975,181.45
2021-01-10,2 wk ahead inc death,2021-01-23,41,quantile,0.75,177.07
2021-01-10,2 wk ahead inc death,2021-01-23,41,quantile,0.025,167.59
2021-01-10,2 wk ahead inc death,2021-01-23,41,quantile,0.25,171.73
2021-01-10,2 wk ahead inc death,2021-01-23,41,quantile,0.5,174.36
2021-01-10,2 wk ahead inc death,2021-01-23,41,quantile,0.1,169.68
2021-01-10,2 wk ahead inc death,2021-01-23,42,quantile,0.975,1446.76
2021-01-10,2 wk ahead inc death,2021-01-23,42,quantile,0.9,1436.17
2021-01-10,2 wk ahead inc death,2021-01-23,42,quantile,0.025,1392.37
2021-01-10,2 wk ahead inc death,2021-01-23,42,quantile,0.1,1399.22
2021-01-10,2 wk ahead inc death,2021-01-23,42,quantile,0.25,1405.53
2021-01-10,2 wk ahead inc death,2021-01-23,42,quantile,0.75,1426.27
2021-01-10,2 wk ahead inc death,2021-01-23,42,quantile,0.5,1419.08
2021-01-10,2 wk ahead inc death,2021-01-23,44,quantile,0.1,124.84
2021-01-10,2 wk ahead inc death,2021-01-23,44,quantile,0.25,126.74
2021-01-10,2 wk ahead inc death,2021-01-23,44,quantile,0.75,133.09
2021-01-10,2 wk ahead inc death,2021-01-23,44,quantile,0.5,129.14
2021-01-10,2 wk ahead inc death,2021-01-23,44,quantile,0.975,140.86
2021-01-10,2 wk ahead inc death,2021-01-23,44,quantile,0.9,138.20
2021-01-10,2 wk ahead inc death,2021-01-23,44,quantile,0.025,123.56
2021-01-10,2 wk ahead inc death,2021-01-23,45,quantile,0.5,530.09
2021-01-10,2 wk ahead inc death,2021-01-23,45,quantile,0.025,518.29
2021-01-10,2 wk ahead inc death,2021-01-23,45,quantile,0.25,525.50
2021-01-10,2 wk ahead inc death,2021-01-23,45,quantile,0.1,521.33
2021-01-10,2 wk ahead inc death,2021-01-23,45,quantile,0.9,542.35
2021-01-10,2 wk ahead inc death,2021-01-23,45,quantile,0.75,535.43
2021-01-10,2 wk ahead inc death,2021-01-23,45,quantile,0.975,549.44
2021-01-10,2 wk ahead inc death,2021-01-23,46,quantile,0.975,87.49
2021-01-10,2 wk ahead inc death,2021-01-23,46,quantile,0.1,78.13
2021-01-10,2 wk ahead inc death,2021-01-23,46,quantile,0.9,85.83
2021-01-10,2 wk ahead inc death,2021-01-23,46,quantile,0.025,77.27
2021-01-10,2 wk ahead inc death,2021-01-23,46,quantile,0.25,79.87
2021-01-10,2 wk ahead inc death,2021-01-23,46,quantile,0.75,83.59
2021-01-10,2 wk ahead inc death,2021-01-23,46,quantile,0.5,81.93
2021-01-10,2 wk ahead inc death,2021-01-23,47,quantile,0.9,797.10
2021-01-10,2 wk ahead inc death,2021-01-23,47,quantile,0.25,775.62
2021-01-10,2 wk ahead inc death,2021-01-23,47,quantile,0.5,781.11
2021-01-10,2 wk ahead inc death,2021-01-23,47,quantile,0.975,804.46
2021-01-10,2 wk ahead inc death,2021-01-23,47,quantile,0.1,772.34
2021-01-10,2 wk ahead inc death,2021-01-23,47,quantile,0.75,789.12
2021-01-10,2 wk ahead inc death,2021-01-23,47,quantile,0.025,765.47
2021-01-10,2 wk ahead inc death,2021-01-23,48,quantile,0.25,2514.20
2021-01-10,2 wk ahead inc death,2021-01-23,48,quantile,0.5,2535.00
2021-01-10,2 wk ahead inc death,2021-01-23,48,quantile,0.975,2614.51
2021-01-10,2 wk ahead inc death,2021-01-23,48,quantile,0.025,2474.43
2021-01-10,2 wk ahead inc death,2021-01-23,48,quantile,0.1,2482.30
2021-01-10,2 wk ahead inc death,2021-01-23,48,quantile,0.75,2567.53
2021-01-10,2 wk ahead inc death,2021-01-23,48,quantile,0.9,2587.27
2021-01-10,2 wk ahead inc death,2021-01-23,49,quantile,0.75,113.54
2021-01-10,2 wk ahead inc death,2021-01-23,49,quantile,0.9,115.70
2021-01-10,2 wk ahead inc death,2021-01-23,49,quantile,0.1,106.54
2021-01-10,2 wk ahead inc death,2021-01-23,49,quantile,0.025,104.68
2021-01-10,2 wk ahead inc death,2021-01-23,49,quantile,0.25,108.42
2021-01-10,2 wk ahead inc death,2021-01-23,49,quantile,0.5,110.53
2021-01-10,2 wk ahead inc death,2021-01-23,49,quantile,0.975,117.36
2021-01-10,2 wk ahead inc death,2021-01-23,50,quantile,0.5,24.92
2021-01-10,2 wk ahead inc death,2021-01-23,50,quantile,0.25,24.45
2021-01-10,2 wk ahead inc death,2021-01-23,50,quantile,0.9,26.25
2021-01-10,2 wk ahead inc death,2021-01-23,50,quantile,0.975,27.36
2021-01-10,2 wk ahead inc death,2021-01-23,50,quantile,0.1,24.06
2021-01-10,2 wk ahead inc death,2021-01-23,50,quantile,0.75,25.68
2021-01-10,2 wk ahead inc death,2021-01-23,50,quantile,0.025,23.50
2021-01-10,2 wk ahead inc death,2021-01-23,51,quantile,0.975,501.36
2021-01-10,2 wk ahead inc death,2021-01-23,51,quantile,0.1,476.20
2021-01-10,2 wk ahead inc death,2021-01-23,51,quantile,0.5,487.30
2021-01-10,2 wk ahead inc death,2021-01-23,51,quantile,0.25,480.34
2021-01-10,2 wk ahead inc death,2021-01-23,51,quantile,0.75,493.44
2021-01-10,2 wk ahead inc death,2021-01-23,51,quantile,0.9,497.65
2021-01-10,2 wk ahead inc death,2021-01-23,51,quantile,0.025,472.35
2021-01-10,2 wk ahead inc death,2021-01-23,53,quantile,0.25,359.24
2021-01-10,2 wk ahead inc death,2021-01-23,53,quantile,0.025,351.92
2021-01-10,2 wk ahead inc death,2021-01-23,53,quantile,0.1,355.74
2021-01-10,2 wk ahead inc death,2021-01-23,53,quantile,0.975,374.58
2021-01-10,2 wk ahead inc death,2021-01-23,53,quantile,0.9,371.68
2021-01-10,2 wk ahead inc death,2021-01-23,53,quantile,0.5,361.76
2021-01-10,2 wk ahead inc death,2021-01-23,53,quantile,0.75,367.77
2021-01-10,2 wk ahead inc death,2021-01-23,54,quantile,0.75,233.85
2021-01-10,2 wk ahead inc death,2021-01-23,54,quantile,0.5,231.67
2021-01-10,2 wk ahead inc death,2021-01-23,54,quantile,0.025,224.89
2021-01-10,2 wk ahead inc death,2021-01-23,54,quantile,0.975,239.63
2021-01-10,2 wk ahead inc death,2021-01-23,54,quantile,0.25,229.59
2021-01-10,2 wk ahead inc death,2021-01-23,54,quantile,0.9,236.88
2021-01-10,2 wk ahead inc death,2021-01-23,54,quantile,0.1,227.54
2021-01-10,2 wk ahead inc death,2021-01-23,55,quantile,0.025,424.48
2021-01-10,2 wk ahead inc death,2021-01-23,55,quantile,0.975,447.71
2021-01-10,2 wk ahead inc death,2021-01-23,55,quantile,0.75,439.87
2021-01-10,2 wk ahead inc death,2021-01-23,55,quantile,0.5,435.74
2021-01-10,2 wk ahead inc death,2021-01-23,55,quantile,0.9,444.72
2021-01-10,2 wk ahead inc death,2021-01-23,55,quantile,0.1,428.07
2021-01-10,2 wk ahead inc death,2021-01-23,55,quantile,0.25,431.54
2021-01-10,2 wk ahead inc death,2021-01-23,56,quantile,0.9,54.18
2021-01-10,2 wk ahead inc death,2021-01-23,56,quantile,0.75,53.55
2021-01-10,2 wk ahead inc death,2021-01-23,56,quantile,0.5,52.39
2021-01-10,2 wk ahead inc death,2021-01-23,56,quantile,0.25,51.54
2021-01-10,2 wk ahead inc death,2021-01-23,56,quantile,0.025,49.84
2021-01-10,2 wk ahead inc death,2021-01-23,56,quantile,0.1,50.60
2021-01-10,2 wk ahead inc death,2021-01-23,56,quantile,0.975,54.68
2021-01-10,1 wk ahead inc death,2021-01-16,US,point,NA,25046.52
2021-01-10,1 wk ahead inc death,2021-01-16,US,quantile,0.025,24676.40
2021-01-10,1 wk ahead inc death,2021-01-16,US,quantile,0.1,24752.20
2021-01-10,1 wk ahead inc death,2021-01-16,US,quantile,0.25,24912.30
2021-01-10,1 wk ahead inc death,2021-01-16,US,quantile,0.5,25034.46
2021-01-10,1 wk ahead inc death,2021-01-16,US,quantile,0.75,25200.99
2021-01-10,1 wk ahead inc death,2021-01-16,US,quantile,0.9,25314.37
2021-01-10,1 wk ahead inc death,2021-01-16,US,quantile,0.975,25393.88
2021-01-10,2 wk ahead inc death,2021-01-23,US,point,NA,27296.06
2021-01-10,2 wk ahead inc death,2021-01-23,US,quantile,0.025,26667.46
2021-01-10,2 wk ahead inc death,2021-01-23,US,quantile,0.1,26796.62
2021-01-10,2 wk ahead inc death,2021-01-23,US,quantile,0.25,27059.60
2021-01-10,2 wk ahead inc death,2021-01-23,US,quantile,0.5,27287.97
2021-01-10,2 wk ahead inc death,2021-01-23,US,quantile,0.75,27569.06
2021-01-10,2 wk ahead inc death,2021-01-23,US,quantile,0.9,27733.83
2021-01-10,2 wk ahead inc death,2021-01-23,US,quantile,0.975,27939.83
