forecast_date,target,target_end_date,location,type,quantile,value
2020-12-06,1 wk ahead inc death,2020-12-12,01,point,NA,362.79
2020-12-06,1 wk ahead inc death,2020-12-12,02,point,NA,39.49
2020-12-06,1 wk ahead inc death,2020-12-12,04,point,NA,412.00
2020-12-06,1 wk ahead inc death,2020-12-12,05,point,NA,235.70
2020-12-06,1 wk ahead inc death,2020-12-12,06,point,NA,1070.36
2020-12-06,1 wk ahead inc death,2020-12-12,08,point,NA,453.79
2020-12-06,1 wk ahead inc death,2020-12-12,09,point,NA,207.23
2020-12-06,1 wk ahead inc death,2020-12-12,10,point,NA,32.86
2020-12-06,1 wk ahead inc death,2020-12-12,11,point,NA,21.82
2020-12-06,1 wk ahead inc death,2020-12-12,12,point,NA,818.15
2020-12-06,1 wk ahead inc death,2020-12-12,13,point,NA,485.18
2020-12-06,1 wk ahead inc death,2020-12-12,15,point,NA,17.25
2020-12-06,1 wk ahead inc death,2020-12-12,16,point,NA,155.39
2020-12-06,1 wk ahead inc death,2020-12-12,17,point,NA,1170.70
2020-12-06,1 wk ahead inc death,2020-12-12,18,point,NA,655.34
2020-12-06,1 wk ahead inc death,2020-12-12,19,point,NA,324.09
2020-12-06,1 wk ahead inc death,2020-12-12,20,point,NA,263.13
2020-12-06,1 wk ahead inc death,2020-12-12,21,point,NA,320.06
2020-12-06,1 wk ahead inc death,2020-12-12,22,point,NA,211.65
2020-12-06,1 wk ahead inc death,2020-12-12,23,point,NA,41.87
2020-12-06,1 wk ahead inc death,2020-12-12,24,point,NA,270.87
2020-12-06,1 wk ahead inc death,2020-12-12,25,point,NA,342.13
2020-12-06,1 wk ahead inc death,2020-12-12,26,point,NA,889.44
2020-12-06,1 wk ahead inc death,2020-12-12,27,point,NA,524.22
2020-12-06,1 wk ahead inc death,2020-12-12,28,point,NA,222.03
2020-12-06,1 wk ahead inc death,2020-12-12,29,point,NA,475.62
2020-12-06,1 wk ahead inc death,2020-12-12,30,point,NA,105.96
2020-12-06,1 wk ahead inc death,2020-12-12,31,point,NA,248.47
2020-12-06,1 wk ahead inc death,2020-12-12,32,point,NA,198.38
2020-12-06,1 wk ahead inc death,2020-12-12,33,point,NA,44.88
2020-12-06,1 wk ahead inc death,2020-12-12,34,point,NA,436.79
2020-12-06,1 wk ahead inc death,2020-12-12,35,point,NA,232.98
2020-12-06,1 wk ahead inc death,2020-12-12,36,point,NA,616.44
2020-12-06,1 wk ahead inc death,2020-12-12,37,point,NA,414.82
2020-12-06,1 wk ahead inc death,2020-12-12,38,point,NA,86.88
2020-12-06,1 wk ahead inc death,2020-12-12,39,point,NA,760.84
2020-12-06,1 wk ahead inc death,2020-12-12,40,point,NA,260.05
2020-12-06,1 wk ahead inc death,2020-12-12,41,point,NA,172.86
2020-12-06,1 wk ahead inc death,2020-12-12,42,point,NA,1015.40
2020-12-06,1 wk ahead inc death,2020-12-12,44,point,NA,75.92
2020-12-06,1 wk ahead inc death,2020-12-12,45,point,NA,236.74
2020-12-06,1 wk ahead inc death,2020-12-12,46,point,NA,132.21
2020-12-06,1 wk ahead inc death,2020-12-12,47,point,NA,471.81
2020-12-06,1 wk ahead inc death,2020-12-12,48,point,NA,1492.01
2020-12-06,1 wk ahead inc death,2020-12-12,49,point,NA,108.99
2020-12-06,1 wk ahead inc death,2020-12-12,50,point,NA,14.96
2020-12-06,1 wk ahead inc death,2020-12-12,51,point,NA,212.22
2020-12-06,1 wk ahead inc death,2020-12-12,53,point,NA,242.52
2020-12-06,1 wk ahead inc death,2020-12-12,54,point,NA,139.53
2020-12-06,1 wk ahead inc death,2020-12-12,55,point,NA,539.78
2020-12-06,1 wk ahead inc death,2020-12-12,56,point,NA,59.99
2020-12-06,1 wk ahead inc death,2020-12-12,01,quantile,0.025,348.91
2020-12-06,1 wk ahead inc death,2020-12-12,01,quantile,0.975,380.10
2020-12-06,1 wk ahead inc death,2020-12-12,01,quantile,0.1,353.12
2020-12-06,1 wk ahead inc death,2020-12-12,01,quantile,0.75,367.30
2020-12-06,1 wk ahead inc death,2020-12-12,01,quantile,0.5,363.24
2020-12-06,1 wk ahead inc death,2020-12-12,01,quantile,0.9,373.47
2020-12-06,1 wk ahead inc death,2020-12-12,01,quantile,0.25,357.42
2020-12-06,1 wk ahead inc death,2020-12-12,02,quantile,0.1,36.34
2020-12-06,1 wk ahead inc death,2020-12-12,02,quantile,0.5,39.34
2020-12-06,1 wk ahead inc death,2020-12-12,02,quantile,0.975,43.69
2020-12-06,1 wk ahead inc death,2020-12-12,02,quantile,0.25,38.03
2020-12-06,1 wk ahead inc death,2020-12-12,02,quantile,0.75,41.15
2020-12-06,1 wk ahead inc death,2020-12-12,02,quantile,0.025,34.77
2020-12-06,1 wk ahead inc death,2020-12-12,02,quantile,0.9,42.38
2020-12-06,1 wk ahead inc death,2020-12-12,04,quantile,0.25,401.73
2020-12-06,1 wk ahead inc death,2020-12-12,04,quantile,0.9,429.89
2020-12-06,1 wk ahead inc death,2020-12-12,04,quantile,0.5,414.62
2020-12-06,1 wk ahead inc death,2020-12-12,04,quantile,0.75,421.07
2020-12-06,1 wk ahead inc death,2020-12-12,04,quantile,0.1,391.54
2020-12-06,1 wk ahead inc death,2020-12-12,04,quantile,0.025,385.50
2020-12-06,1 wk ahead inc death,2020-12-12,04,quantile,0.975,442.35
2020-12-06,1 wk ahead inc death,2020-12-12,05,quantile,0.5,235.39
2020-12-06,1 wk ahead inc death,2020-12-12,05,quantile,0.1,229.22
2020-12-06,1 wk ahead inc death,2020-12-12,05,quantile,0.25,232.74
2020-12-06,1 wk ahead inc death,2020-12-12,05,quantile,0.9,242.25
2020-12-06,1 wk ahead inc death,2020-12-12,05,quantile,0.025,225.08
2020-12-06,1 wk ahead inc death,2020-12-12,05,quantile,0.975,247.96
2020-12-06,1 wk ahead inc death,2020-12-12,05,quantile,0.75,238.99
2020-12-06,1 wk ahead inc death,2020-12-12,06,quantile,0.1,1041.56
2020-12-06,1 wk ahead inc death,2020-12-12,06,quantile,0.25,1056.49
2020-12-06,1 wk ahead inc death,2020-12-12,06,quantile,0.9,1099.93
2020-12-06,1 wk ahead inc death,2020-12-12,06,quantile,0.975,1109.83
2020-12-06,1 wk ahead inc death,2020-12-12,06,quantile,0.75,1086.16
2020-12-06,1 wk ahead inc death,2020-12-12,06,quantile,0.5,1069.29
2020-12-06,1 wk ahead inc death,2020-12-12,06,quantile,0.025,1031.29
2020-12-06,1 wk ahead inc death,2020-12-12,08,quantile,0.75,460.21
2020-12-06,1 wk ahead inc death,2020-12-12,08,quantile,0.1,441.51
2020-12-06,1 wk ahead inc death,2020-12-12,08,quantile,0.5,453.98
2020-12-06,1 wk ahead inc death,2020-12-12,08,quantile,0.25,448.02
2020-12-06,1 wk ahead inc death,2020-12-12,08,quantile,0.975,471.90
2020-12-06,1 wk ahead inc death,2020-12-12,08,quantile,0.025,432.86
2020-12-06,1 wk ahead inc death,2020-12-12,08,quantile,0.9,466.03
2020-12-06,1 wk ahead inc death,2020-12-12,09,quantile,0.025,198.45
2020-12-06,1 wk ahead inc death,2020-12-12,09,quantile,0.75,211.05
2020-12-06,1 wk ahead inc death,2020-12-12,09,quantile,0.25,203.39
2020-12-06,1 wk ahead inc death,2020-12-12,09,quantile,0.9,214.09
2020-12-06,1 wk ahead inc death,2020-12-12,09,quantile,0.5,206.93
2020-12-06,1 wk ahead inc death,2020-12-12,09,quantile,0.975,216.45
2020-12-06,1 wk ahead inc death,2020-12-12,09,quantile,0.1,200.87
2020-12-06,1 wk ahead inc death,2020-12-12,10,quantile,0.9,34.94
2020-12-06,1 wk ahead inc death,2020-12-12,10,quantile,0.975,36.12
2020-12-06,1 wk ahead inc death,2020-12-12,10,quantile,0.5,32.87
2020-12-06,1 wk ahead inc death,2020-12-12,10,quantile,0.25,31.50
2020-12-06,1 wk ahead inc death,2020-12-12,10,quantile,0.75,34.31
2020-12-06,1 wk ahead inc death,2020-12-12,10,quantile,0.025,29.66
2020-12-06,1 wk ahead inc death,2020-12-12,10,quantile,0.1,30.56
2020-12-06,1 wk ahead inc death,2020-12-12,11,quantile,0.025,18.66
2020-12-06,1 wk ahead inc death,2020-12-12,11,quantile,0.25,21.13
2020-12-06,1 wk ahead inc death,2020-12-12,11,quantile,0.1,20.17
2020-12-06,1 wk ahead inc death,2020-12-12,11,quantile,0.9,23.33
2020-12-06,1 wk ahead inc death,2020-12-12,11,quantile,0.975,24.82
2020-12-06,1 wk ahead inc death,2020-12-12,11,quantile,0.5,21.95
2020-12-06,1 wk ahead inc death,2020-12-12,11,quantile,0.75,22.69
2020-12-06,1 wk ahead inc death,2020-12-12,12,quantile,0.1,797.76
2020-12-06,1 wk ahead inc death,2020-12-12,12,quantile,0.9,834.40
2020-12-06,1 wk ahead inc death,2020-12-12,12,quantile,0.5,819.38
2020-12-06,1 wk ahead inc death,2020-12-12,12,quantile,0.25,809.10
2020-12-06,1 wk ahead inc death,2020-12-12,12,quantile,0.025,792.17
2020-12-06,1 wk ahead inc death,2020-12-12,12,quantile,0.975,848.74
2020-12-06,1 wk ahead inc death,2020-12-12,12,quantile,0.75,827.59
2020-12-06,1 wk ahead inc death,2020-12-12,13,quantile,0.25,478.70
2020-12-06,1 wk ahead inc death,2020-12-12,13,quantile,0.75,492.34
2020-12-06,1 wk ahead inc death,2020-12-12,13,quantile,0.5,484.22
2020-12-06,1 wk ahead inc death,2020-12-12,13,quantile,0.9,498.39
2020-12-06,1 wk ahead inc death,2020-12-12,13,quantile,0.1,473.64
2020-12-06,1 wk ahead inc death,2020-12-12,13,quantile,0.975,502.82
2020-12-06,1 wk ahead inc death,2020-12-12,13,quantile,0.025,469.25
2020-12-06,1 wk ahead inc death,2020-12-12,15,quantile,0.975,19.55
2020-12-06,1 wk ahead inc death,2020-12-12,15,quantile,0.9,18.49
2020-12-06,1 wk ahead inc death,2020-12-12,15,quantile,0.1,15.99
2020-12-06,1 wk ahead inc death,2020-12-12,15,quantile,0.25,16.56
2020-12-06,1 wk ahead inc death,2020-12-12,15,quantile,0.75,17.86
2020-12-06,1 wk ahead inc death,2020-12-12,15,quantile,0.5,17.17
2020-12-06,1 wk ahead inc death,2020-12-12,15,quantile,0.025,15.30
2020-12-06,1 wk ahead inc death,2020-12-12,16,quantile,0.025,147.26
2020-12-06,1 wk ahead inc death,2020-12-12,16,quantile,0.5,155.47
2020-12-06,1 wk ahead inc death,2020-12-12,16,quantile,0.25,152.59
2020-12-06,1 wk ahead inc death,2020-12-12,16,quantile,0.975,162.84
2020-12-06,1 wk ahead inc death,2020-12-12,16,quantile,0.75,157.70
2020-12-06,1 wk ahead inc death,2020-12-12,16,quantile,0.9,160.57
2020-12-06,1 wk ahead inc death,2020-12-12,16,quantile,0.1,150.09
2020-12-06,1 wk ahead inc death,2020-12-12,17,quantile,0.25,1157.02
2020-12-06,1 wk ahead inc death,2020-12-12,17,quantile,0.75,1185.71
2020-12-06,1 wk ahead inc death,2020-12-12,17,quantile,0.5,1168.97
2020-12-06,1 wk ahead inc death,2020-12-12,17,quantile,0.9,1196.87
2020-12-06,1 wk ahead inc death,2020-12-12,17,quantile,0.1,1145.78
2020-12-06,1 wk ahead inc death,2020-12-12,17,quantile,0.975,1205.49
2020-12-06,1 wk ahead inc death,2020-12-12,17,quantile,0.025,1132.72
2020-12-06,1 wk ahead inc death,2020-12-12,18,quantile,0.9,668.57
2020-12-06,1 wk ahead inc death,2020-12-12,18,quantile,0.75,661.21
2020-12-06,1 wk ahead inc death,2020-12-12,18,quantile,0.1,642.34
2020-12-06,1 wk ahead inc death,2020-12-12,18,quantile,0.975,673.51
2020-12-06,1 wk ahead inc death,2020-12-12,18,quantile,0.25,649.34
2020-12-06,1 wk ahead inc death,2020-12-12,18,quantile,0.025,638.15
2020-12-06,1 wk ahead inc death,2020-12-12,18,quantile,0.5,655.26
2020-12-06,1 wk ahead inc death,2020-12-12,19,quantile,0.25,319.78
2020-12-06,1 wk ahead inc death,2020-12-12,19,quantile,0.5,324.73
2020-12-06,1 wk ahead inc death,2020-12-12,19,quantile,0.1,314.64
2020-12-06,1 wk ahead inc death,2020-12-12,19,quantile,0.9,332.28
2020-12-06,1 wk ahead inc death,2020-12-12,19,quantile,0.75,327.91
2020-12-06,1 wk ahead inc death,2020-12-12,19,quantile,0.025,310.62
2020-12-06,1 wk ahead inc death,2020-12-12,19,quantile,0.975,336.59
2020-12-06,1 wk ahead inc death,2020-12-12,20,quantile,0.025,249.77
2020-12-06,1 wk ahead inc death,2020-12-12,20,quantile,0.975,275.97
2020-12-06,1 wk ahead inc death,2020-12-12,20,quantile,0.5,262.55
2020-12-06,1 wk ahead inc death,2020-12-12,20,quantile,0.25,258.95
2020-12-06,1 wk ahead inc death,2020-12-12,20,quantile,0.75,267.94
2020-12-06,1 wk ahead inc death,2020-12-12,20,quantile,0.9,271.57
2020-12-06,1 wk ahead inc death,2020-12-12,20,quantile,0.1,254.59
2020-12-06,1 wk ahead inc death,2020-12-12,21,quantile,0.1,309.14
2020-12-06,1 wk ahead inc death,2020-12-12,21,quantile,0.25,313.39
2020-12-06,1 wk ahead inc death,2020-12-12,21,quantile,0.5,320.42
2020-12-06,1 wk ahead inc death,2020-12-12,21,quantile,0.9,332.90
2020-12-06,1 wk ahead inc death,2020-12-12,21,quantile,0.025,303.79
2020-12-06,1 wk ahead inc death,2020-12-12,21,quantile,0.975,335.32
2020-12-06,1 wk ahead inc death,2020-12-12,21,quantile,0.75,326.32
2020-12-06,1 wk ahead inc death,2020-12-12,22,quantile,0.5,211.52
2020-12-06,1 wk ahead inc death,2020-12-12,22,quantile,0.9,218.01
2020-12-06,1 wk ahead inc death,2020-12-12,22,quantile,0.025,202.62
2020-12-06,1 wk ahead inc death,2020-12-12,22,quantile,0.75,213.97
2020-12-06,1 wk ahead inc death,2020-12-12,22,quantile,0.975,221.93
2020-12-06,1 wk ahead inc death,2020-12-12,22,quantile,0.25,208.58
2020-12-06,1 wk ahead inc death,2020-12-12,22,quantile,0.1,205.99
2020-12-06,1 wk ahead inc death,2020-12-12,23,quantile,0.9,44.00
2020-12-06,1 wk ahead inc death,2020-12-12,23,quantile,0.75,42.70
2020-12-06,1 wk ahead inc death,2020-12-12,23,quantile,0.5,41.91
2020-12-06,1 wk ahead inc death,2020-12-12,23,quantile,0.025,38.71
2020-12-06,1 wk ahead inc death,2020-12-12,23,quantile,0.1,39.69
2020-12-06,1 wk ahead inc death,2020-12-12,23,quantile,0.25,40.61
2020-12-06,1 wk ahead inc death,2020-12-12,23,quantile,0.975,45.76
2020-12-06,1 wk ahead inc death,2020-12-12,24,quantile,0.5,271.55
2020-12-06,1 wk ahead inc death,2020-12-12,24,quantile,0.975,280.76
2020-12-06,1 wk ahead inc death,2020-12-12,24,quantile,0.025,257.45
2020-12-06,1 wk ahead inc death,2020-12-12,24,quantile,0.1,263.75
2020-12-06,1 wk ahead inc death,2020-12-12,24,quantile,0.9,277.85
2020-12-06,1 wk ahead inc death,2020-12-12,24,quantile,0.75,275.03
2020-12-06,1 wk ahead inc death,2020-12-12,24,quantile,0.25,266.54
2020-12-06,1 wk ahead inc death,2020-12-12,25,quantile,0.9,351.40
2020-12-06,1 wk ahead inc death,2020-12-12,25,quantile,0.975,354.71
2020-12-06,1 wk ahead inc death,2020-12-12,25,quantile,0.025,329.18
2020-12-06,1 wk ahead inc death,2020-12-12,25,quantile,0.75,346.72
2020-12-06,1 wk ahead inc death,2020-12-12,25,quantile,0.1,333.60
2020-12-06,1 wk ahead inc death,2020-12-12,25,quantile,0.5,341.89
2020-12-06,1 wk ahead inc death,2020-12-12,25,quantile,0.25,337.28
2020-12-06,1 wk ahead inc death,2020-12-12,26,quantile,0.75,896.90
2020-12-06,1 wk ahead inc death,2020-12-12,26,quantile,0.025,863.18
2020-12-06,1 wk ahead inc death,2020-12-12,26,quantile,0.1,873.69
2020-12-06,1 wk ahead inc death,2020-12-12,26,quantile,0.25,881.95
2020-12-06,1 wk ahead inc death,2020-12-12,26,quantile,0.9,904.23
2020-12-06,1 wk ahead inc death,2020-12-12,26,quantile,0.5,888.72
2020-12-06,1 wk ahead inc death,2020-12-12,26,quantile,0.975,911.12
2020-12-06,1 wk ahead inc death,2020-12-12,27,quantile,0.1,512.39
2020-12-06,1 wk ahead inc death,2020-12-12,27,quantile,0.025,505.56
2020-12-06,1 wk ahead inc death,2020-12-12,27,quantile,0.9,534.76
2020-12-06,1 wk ahead inc death,2020-12-12,27,quantile,0.5,524.75
2020-12-06,1 wk ahead inc death,2020-12-12,27,quantile,0.25,519.12
2020-12-06,1 wk ahead inc death,2020-12-12,27,quantile,0.75,529.98
2020-12-06,1 wk ahead inc death,2020-12-12,27,quantile,0.975,540.76
2020-12-06,1 wk ahead inc death,2020-12-12,28,quantile,0.5,221.60
2020-12-06,1 wk ahead inc death,2020-12-12,28,quantile,0.975,232.32
2020-12-06,1 wk ahead inc death,2020-12-12,28,quantile,0.25,218.44
2020-12-06,1 wk ahead inc death,2020-12-12,28,quantile,0.9,228.90
2020-12-06,1 wk ahead inc death,2020-12-12,28,quantile,0.1,216.42
2020-12-06,1 wk ahead inc death,2020-12-12,28,quantile,0.75,224.89
2020-12-06,1 wk ahead inc death,2020-12-12,28,quantile,0.025,213.43
2020-12-06,1 wk ahead inc death,2020-12-12,29,quantile,0.75,482.34
2020-12-06,1 wk ahead inc death,2020-12-12,29,quantile,0.9,489.28
2020-12-06,1 wk ahead inc death,2020-12-12,29,quantile,0.975,493.09
2020-12-06,1 wk ahead inc death,2020-12-12,29,quantile,0.5,475.14
2020-12-06,1 wk ahead inc death,2020-12-12,29,quantile,0.1,464.22
2020-12-06,1 wk ahead inc death,2020-12-12,29,quantile,0.025,454.42
2020-12-06,1 wk ahead inc death,2020-12-12,29,quantile,0.25,468.18
2020-12-06,1 wk ahead inc death,2020-12-12,30,quantile,0.975,115.22
2020-12-06,1 wk ahead inc death,2020-12-12,30,quantile,0.75,108.90
2020-12-06,1 wk ahead inc death,2020-12-12,30,quantile,0.025,97.56
2020-12-06,1 wk ahead inc death,2020-12-12,30,quantile,0.9,111.26
2020-12-06,1 wk ahead inc death,2020-12-12,30,quantile,0.1,99.92
2020-12-06,1 wk ahead inc death,2020-12-12,30,quantile,0.5,105.53
2020-12-06,1 wk ahead inc death,2020-12-12,30,quantile,0.25,103.38
2020-12-06,1 wk ahead inc death,2020-12-12,31,quantile,0.1,238.03
2020-12-06,1 wk ahead inc death,2020-12-12,31,quantile,0.025,234.41
2020-12-06,1 wk ahead inc death,2020-12-12,31,quantile,0.9,257.79
2020-12-06,1 wk ahead inc death,2020-12-12,31,quantile,0.25,241.94
2020-12-06,1 wk ahead inc death,2020-12-12,31,quantile,0.75,253.89
2020-12-06,1 wk ahead inc death,2020-12-12,31,quantile,0.5,249.00
2020-12-06,1 wk ahead inc death,2020-12-12,31,quantile,0.975,262.89
2020-12-06,1 wk ahead inc death,2020-12-12,32,quantile,0.975,209.71
2020-12-06,1 wk ahead inc death,2020-12-12,32,quantile,0.9,205.83
2020-12-06,1 wk ahead inc death,2020-12-12,32,quantile,0.25,193.85
2020-12-06,1 wk ahead inc death,2020-12-12,32,quantile,0.025,187.23
2020-12-06,1 wk ahead inc death,2020-12-12,32,quantile,0.75,202.60
2020-12-06,1 wk ahead inc death,2020-12-12,32,quantile,0.5,198.52
2020-12-06,1 wk ahead inc death,2020-12-12,32,quantile,0.1,189.75
2020-12-06,1 wk ahead inc death,2020-12-12,33,quantile,0.9,46.74
2020-12-06,1 wk ahead inc death,2020-12-12,33,quantile,0.25,43.83
2020-12-06,1 wk ahead inc death,2020-12-12,33,quantile,0.025,41.80
2020-12-06,1 wk ahead inc death,2020-12-12,33,quantile,0.1,42.59
2020-12-06,1 wk ahead inc death,2020-12-12,33,quantile,0.5,44.98
2020-12-06,1 wk ahead inc death,2020-12-12,33,quantile,0.975,48.14
2020-12-06,1 wk ahead inc death,2020-12-12,33,quantile,0.75,45.84
2020-12-06,1 wk ahead inc death,2020-12-12,34,quantile,0.975,453.75
2020-12-06,1 wk ahead inc death,2020-12-12,34,quantile,0.75,441.26
2020-12-06,1 wk ahead inc death,2020-12-12,34,quantile,0.9,447.73
2020-12-06,1 wk ahead inc death,2020-12-12,34,quantile,0.1,427.43
2020-12-06,1 wk ahead inc death,2020-12-12,34,quantile,0.5,436.25
2020-12-06,1 wk ahead inc death,2020-12-12,34,quantile,0.025,423.80
2020-12-06,1 wk ahead inc death,2020-12-12,34,quantile,0.25,430.69
2020-12-06,1 wk ahead inc death,2020-12-12,35,quantile,0.75,235.86
2020-12-06,1 wk ahead inc death,2020-12-12,35,quantile,0.9,238.45
2020-12-06,1 wk ahead inc death,2020-12-12,35,quantile,0.1,227.26
2020-12-06,1 wk ahead inc death,2020-12-12,35,quantile,0.25,230.16
2020-12-06,1 wk ahead inc death,2020-12-12,35,quantile,0.025,224.73
2020-12-06,1 wk ahead inc death,2020-12-12,35,quantile,0.5,232.64
2020-12-06,1 wk ahead inc death,2020-12-12,35,quantile,0.975,243.40
2020-12-06,1 wk ahead inc death,2020-12-12,36,quantile,0.25,606.44
2020-12-06,1 wk ahead inc death,2020-12-12,36,quantile,0.1,601.04
2020-12-06,1 wk ahead inc death,2020-12-12,36,quantile,0.5,616.65
2020-12-06,1 wk ahead inc death,2020-12-12,36,quantile,0.9,632.54
2020-12-06,1 wk ahead inc death,2020-12-12,36,quantile,0.75,624.69
2020-12-06,1 wk ahead inc death,2020-12-12,36,quantile,0.975,646.18
2020-12-06,1 wk ahead inc death,2020-12-12,36,quantile,0.025,589.76
2020-12-06,1 wk ahead inc death,2020-12-12,37,quantile,0.1,406.46
2020-12-06,1 wk ahead inc death,2020-12-12,37,quantile,0.9,423.67
2020-12-06,1 wk ahead inc death,2020-12-12,37,quantile,0.75,419.71
2020-12-06,1 wk ahead inc death,2020-12-12,37,quantile,0.25,409.06
2020-12-06,1 wk ahead inc death,2020-12-12,37,quantile,0.025,400.80
2020-12-06,1 wk ahead inc death,2020-12-12,37,quantile,0.975,429.70
2020-12-06,1 wk ahead inc death,2020-12-12,37,quantile,0.5,414.67
2020-12-06,1 wk ahead inc death,2020-12-12,38,quantile,0.025,82.38
2020-12-06,1 wk ahead inc death,2020-12-12,38,quantile,0.75,88.93
2020-12-06,1 wk ahead inc death,2020-12-12,38,quantile,0.975,92.79
2020-12-06,1 wk ahead inc death,2020-12-12,38,quantile,0.1,83.11
2020-12-06,1 wk ahead inc death,2020-12-12,38,quantile,0.5,86.69
2020-12-06,1 wk ahead inc death,2020-12-12,38,quantile,0.25,84.32
2020-12-06,1 wk ahead inc death,2020-12-12,38,quantile,0.9,91.18
2020-12-06,1 wk ahead inc death,2020-12-12,39,quantile,0.975,784.10
2020-12-06,1 wk ahead inc death,2020-12-12,39,quantile,0.75,771.21
2020-12-06,1 wk ahead inc death,2020-12-12,39,quantile,0.025,736.73
2020-12-06,1 wk ahead inc death,2020-12-12,39,quantile,0.1,744.29
2020-12-06,1 wk ahead inc death,2020-12-12,39,quantile,0.25,751.47
2020-12-06,1 wk ahead inc death,2020-12-12,39,quantile,0.9,779.78
2020-12-06,1 wk ahead inc death,2020-12-12,39,quantile,0.5,759.51
2020-12-06,1 wk ahead inc death,2020-12-12,40,quantile,0.9,269.62
2020-12-06,1 wk ahead inc death,2020-12-12,40,quantile,0.75,265.61
2020-12-06,1 wk ahead inc death,2020-12-12,40,quantile,0.5,260.34
2020-12-06,1 wk ahead inc death,2020-12-12,40,quantile,0.025,240.49
2020-12-06,1 wk ahead inc death,2020-12-12,40,quantile,0.975,274.91
2020-12-06,1 wk ahead inc death,2020-12-12,40,quantile,0.25,254.72
2020-12-06,1 wk ahead inc death,2020-12-12,40,quantile,0.1,249.38
2020-12-06,1 wk ahead inc death,2020-12-12,41,quantile,0.9,179.23
2020-12-06,1 wk ahead inc death,2020-12-12,41,quantile,0.975,181.37
2020-12-06,1 wk ahead inc death,2020-12-12,41,quantile,0.75,177.21
2020-12-06,1 wk ahead inc death,2020-12-12,41,quantile,0.025,163.86
2020-12-06,1 wk ahead inc death,2020-12-12,41,quantile,0.25,169.32
2020-12-06,1 wk ahead inc death,2020-12-12,41,quantile,0.5,172.82
2020-12-06,1 wk ahead inc death,2020-12-12,41,quantile,0.1,167.33
2020-12-06,1 wk ahead inc death,2020-12-12,42,quantile,0.975,1050.26
2020-12-06,1 wk ahead inc death,2020-12-12,42,quantile,0.9,1040.70
2020-12-06,1 wk ahead inc death,2020-12-12,42,quantile,0.025,989.07
2020-12-06,1 wk ahead inc death,2020-12-12,42,quantile,0.1,996.57
2020-12-06,1 wk ahead inc death,2020-12-12,42,quantile,0.25,1004.54
2020-12-06,1 wk ahead inc death,2020-12-12,42,quantile,0.75,1024.25
2020-12-06,1 wk ahead inc death,2020-12-12,42,quantile,0.5,1013.93
2020-12-06,1 wk ahead inc death,2020-12-12,44,quantile,0.1,70.28
2020-12-06,1 wk ahead inc death,2020-12-12,44,quantile,0.25,72.53
2020-12-06,1 wk ahead inc death,2020-12-12,44,quantile,0.75,79.32
2020-12-06,1 wk ahead inc death,2020-12-12,44,quantile,0.5,75.85
2020-12-06,1 wk ahead inc death,2020-12-12,44,quantile,0.975,84.95
2020-12-06,1 wk ahead inc death,2020-12-12,44,quantile,0.9,81.04
2020-12-06,1 wk ahead inc death,2020-12-12,44,quantile,0.025,67.38
2020-12-06,1 wk ahead inc death,2020-12-12,45,quantile,0.5,236.94
2020-12-06,1 wk ahead inc death,2020-12-12,45,quantile,0.025,225.62
2020-12-06,1 wk ahead inc death,2020-12-12,45,quantile,0.25,232.82
2020-12-06,1 wk ahead inc death,2020-12-12,45,quantile,0.1,228.61
2020-12-06,1 wk ahead inc death,2020-12-12,45,quantile,0.9,244.11
2020-12-06,1 wk ahead inc death,2020-12-12,45,quantile,0.75,240.97
2020-12-06,1 wk ahead inc death,2020-12-12,45,quantile,0.975,247.56
2020-12-06,1 wk ahead inc death,2020-12-12,46,quantile,0.975,139.65
2020-12-06,1 wk ahead inc death,2020-12-12,46,quantile,0.1,127.46
2020-12-06,1 wk ahead inc death,2020-12-12,46,quantile,0.9,137.11
2020-12-06,1 wk ahead inc death,2020-12-12,46,quantile,0.025,125.84
2020-12-06,1 wk ahead inc death,2020-12-12,46,quantile,0.25,129.10
2020-12-06,1 wk ahead inc death,2020-12-12,46,quantile,0.75,134.46
2020-12-06,1 wk ahead inc death,2020-12-12,46,quantile,0.5,132.26
2020-12-06,1 wk ahead inc death,2020-12-12,47,quantile,0.9,481.37
2020-12-06,1 wk ahead inc death,2020-12-12,47,quantile,0.25,465.92
2020-12-06,1 wk ahead inc death,2020-12-12,47,quantile,0.5,473.68
2020-12-06,1 wk ahead inc death,2020-12-12,47,quantile,0.975,486.35
2020-12-06,1 wk ahead inc death,2020-12-12,47,quantile,0.1,460.55
2020-12-06,1 wk ahead inc death,2020-12-12,47,quantile,0.75,477.40
2020-12-06,1 wk ahead inc death,2020-12-12,47,quantile,0.025,456.16
2020-12-06,1 wk ahead inc death,2020-12-12,48,quantile,0.25,1479.80
2020-12-06,1 wk ahead inc death,2020-12-12,48,quantile,0.5,1491.06
2020-12-06,1 wk ahead inc death,2020-12-12,48,quantile,0.975,1535.76
2020-12-06,1 wk ahead inc death,2020-12-12,48,quantile,0.025,1443.60
2020-12-06,1 wk ahead inc death,2020-12-12,48,quantile,0.1,1466.28
2020-12-06,1 wk ahead inc death,2020-12-12,48,quantile,0.75,1506.40
2020-12-06,1 wk ahead inc death,2020-12-12,48,quantile,0.9,1517.96
2020-12-06,1 wk ahead inc death,2020-12-12,49,quantile,0.75,111.31
2020-12-06,1 wk ahead inc death,2020-12-12,49,quantile,0.9,115.72
2020-12-06,1 wk ahead inc death,2020-12-12,49,quantile,0.1,104.02
2020-12-06,1 wk ahead inc death,2020-12-12,49,quantile,0.025,101.11
2020-12-06,1 wk ahead inc death,2020-12-12,49,quantile,0.25,105.83
2020-12-06,1 wk ahead inc death,2020-12-12,49,quantile,0.5,109.04
2020-12-06,1 wk ahead inc death,2020-12-12,49,quantile,0.975,118.02
2020-12-06,1 wk ahead inc death,2020-12-12,50,quantile,0.5,14.90
2020-12-06,1 wk ahead inc death,2020-12-12,50,quantile,0.25,14.15
2020-12-06,1 wk ahead inc death,2020-12-12,50,quantile,0.9,16.31
2020-12-06,1 wk ahead inc death,2020-12-12,50,quantile,0.975,16.97
2020-12-06,1 wk ahead inc death,2020-12-12,50,quantile,0.1,13.57
2020-12-06,1 wk ahead inc death,2020-12-12,50,quantile,0.75,15.89
2020-12-06,1 wk ahead inc death,2020-12-12,50,quantile,0.025,13.09
2020-12-06,1 wk ahead inc death,2020-12-12,51,quantile,0.975,223.64
2020-12-06,1 wk ahead inc death,2020-12-12,51,quantile,0.1,204.99
2020-12-06,1 wk ahead inc death,2020-12-12,51,quantile,0.5,212.16
2020-12-06,1 wk ahead inc death,2020-12-12,51,quantile,0.25,207.95
2020-12-06,1 wk ahead inc death,2020-12-12,51,quantile,0.75,216.44
2020-12-06,1 wk ahead inc death,2020-12-12,51,quantile,0.9,220.13
2020-12-06,1 wk ahead inc death,2020-12-12,51,quantile,0.025,201.08
2020-12-06,1 wk ahead inc death,2020-12-12,53,quantile,0.25,238.43
2020-12-06,1 wk ahead inc death,2020-12-12,53,quantile,0.025,230.05
2020-12-06,1 wk ahead inc death,2020-12-12,53,quantile,0.1,234.10
2020-12-06,1 wk ahead inc death,2020-12-12,53,quantile,0.975,253.07
2020-12-06,1 wk ahead inc death,2020-12-12,53,quantile,0.9,249.75
2020-12-06,1 wk ahead inc death,2020-12-12,53,quantile,0.5,243.01
2020-12-06,1 wk ahead inc death,2020-12-12,53,quantile,0.75,247.06
2020-12-06,1 wk ahead inc death,2020-12-12,54,quantile,0.75,142.04
2020-12-06,1 wk ahead inc death,2020-12-12,54,quantile,0.5,139.86
2020-12-06,1 wk ahead inc death,2020-12-12,54,quantile,0.025,132.10
2020-12-06,1 wk ahead inc death,2020-12-12,54,quantile,0.975,144.97
2020-12-06,1 wk ahead inc death,2020-12-12,54,quantile,0.25,137.70
2020-12-06,1 wk ahead inc death,2020-12-12,54,quantile,0.9,143.85
2020-12-06,1 wk ahead inc death,2020-12-12,54,quantile,0.1,135.31
2020-12-06,1 wk ahead inc death,2020-12-12,55,quantile,0.025,524.43
2020-12-06,1 wk ahead inc death,2020-12-12,55,quantile,0.975,558.64
2020-12-06,1 wk ahead inc death,2020-12-12,55,quantile,0.75,545.60
2020-12-06,1 wk ahead inc death,2020-12-12,55,quantile,0.5,539.82
2020-12-06,1 wk ahead inc death,2020-12-12,55,quantile,0.9,549.99
2020-12-06,1 wk ahead inc death,2020-12-12,55,quantile,0.1,528.79
2020-12-06,1 wk ahead inc death,2020-12-12,55,quantile,0.25,533.48
2020-12-06,1 wk ahead inc death,2020-12-12,56,quantile,0.9,62.46
2020-12-06,1 wk ahead inc death,2020-12-12,56,quantile,0.75,61.41
2020-12-06,1 wk ahead inc death,2020-12-12,56,quantile,0.5,60.09
2020-12-06,1 wk ahead inc death,2020-12-12,56,quantile,0.25,58.55
2020-12-06,1 wk ahead inc death,2020-12-12,56,quantile,0.025,55.37
2020-12-06,1 wk ahead inc death,2020-12-12,56,quantile,0.1,57.58
2020-12-06,1 wk ahead inc death,2020-12-12,56,quantile,0.975,64.26
2020-12-06,2 wk ahead inc death,2020-12-19,01,point,NA,403.34
2020-12-06,2 wk ahead inc death,2020-12-19,02,point,NA,55.82
2020-12-06,2 wk ahead inc death,2020-12-19,04,point,NA,469.75
2020-12-06,2 wk ahead inc death,2020-12-19,05,point,NA,266.91
2020-12-06,2 wk ahead inc death,2020-12-19,06,point,NA,1337.31
2020-12-06,2 wk ahead inc death,2020-12-19,08,point,NA,510.95
2020-12-06,2 wk ahead inc death,2020-12-19,09,point,NA,224.60
2020-12-06,2 wk ahead inc death,2020-12-19,10,point,NA,46.76
2020-12-06,2 wk ahead inc death,2020-12-19,11,point,NA,23.68
2020-12-06,2 wk ahead inc death,2020-12-19,12,point,NA,989.72
2020-12-06,2 wk ahead inc death,2020-12-19,13,point,NA,606.64
2020-12-06,2 wk ahead inc death,2020-12-19,15,point,NA,19.54
2020-12-06,2 wk ahead inc death,2020-12-19,16,point,NA,171.45
2020-12-06,2 wk ahead inc death,2020-12-19,17,point,NA,1230.03
2020-12-06,2 wk ahead inc death,2020-12-19,18,point,NA,762.74
2020-12-06,2 wk ahead inc death,2020-12-19,19,point,NA,356.94
2020-12-06,2 wk ahead inc death,2020-12-19,20,point,NA,309.07
2020-12-06,2 wk ahead inc death,2020-12-19,21,point,NA,444.93
2020-12-06,2 wk ahead inc death,2020-12-19,22,point,NA,262.00
2020-12-06,2 wk ahead inc death,2020-12-19,23,point,NA,48.42
2020-12-06,2 wk ahead inc death,2020-12-19,24,point,NA,293.56
2020-12-06,2 wk ahead inc death,2020-12-19,25,point,NA,369.33
2020-12-06,2 wk ahead inc death,2020-12-19,26,point,NA,934.66
2020-12-06,2 wk ahead inc death,2020-12-19,27,point,NA,561.84
2020-12-06,2 wk ahead inc death,2020-12-19,28,point,NA,260.79
2020-12-06,2 wk ahead inc death,2020-12-19,29,point,NA,545.82
2020-12-06,2 wk ahead inc death,2020-12-19,30,point,NA,134.64
2020-12-06,2 wk ahead inc death,2020-12-19,31,point,NA,277.36
2020-12-06,2 wk ahead inc death,2020-12-19,32,point,NA,209.35
2020-12-06,2 wk ahead inc death,2020-12-19,33,point,NA,55.53
2020-12-06,2 wk ahead inc death,2020-12-19,34,point,NA,503.43
2020-12-06,2 wk ahead inc death,2020-12-19,35,point,NA,250.76
2020-12-06,2 wk ahead inc death,2020-12-19,36,point,NA,793.12
2020-12-06,2 wk ahead inc death,2020-12-19,37,point,NA,513.25
2020-12-06,2 wk ahead inc death,2020-12-19,38,point,NA,85.84
2020-12-06,2 wk ahead inc death,2020-12-19,39,point,NA,915.30
2020-12-06,2 wk ahead inc death,2020-12-19,40,point,NA,315.88
2020-12-06,2 wk ahead inc death,2020-12-19,41,point,NA,206.31
2020-12-06,2 wk ahead inc death,2020-12-19,42,point,NA,1055.46
2020-12-06,2 wk ahead inc death,2020-12-19,44,point,NA,83.47
2020-12-06,2 wk ahead inc death,2020-12-19,45,point,NA,303.25
2020-12-06,2 wk ahead inc death,2020-12-19,46,point,NA,137.58
2020-12-06,2 wk ahead inc death,2020-12-19,47,point,NA,579.31
2020-12-06,2 wk ahead inc death,2020-12-19,48,point,NA,1798.68
2020-12-06,2 wk ahead inc death,2020-12-19,49,point,NA,140.85
2020-12-06,2 wk ahead inc death,2020-12-19,50,point,NA,17.42
2020-12-06,2 wk ahead inc death,2020-12-19,51,point,NA,285.16
2020-12-06,2 wk ahead inc death,2020-12-19,53,point,NA,270.03
2020-12-06,2 wk ahead inc death,2020-12-19,54,point,NA,170.21
2020-12-06,2 wk ahead inc death,2020-12-19,55,point,NA,560.67
2020-12-06,2 wk ahead inc death,2020-12-19,56,point,NA,65.30
2020-12-06,2 wk ahead inc death,2020-12-19,01,quantile,0.025,378.86
2020-12-06,2 wk ahead inc death,2020-12-19,01,quantile,0.975,427.16
2020-12-06,2 wk ahead inc death,2020-12-19,01,quantile,0.1,389.43
2020-12-06,2 wk ahead inc death,2020-12-19,01,quantile,0.75,410.12
2020-12-06,2 wk ahead inc death,2020-12-19,01,quantile,0.5,403.43
2020-12-06,2 wk ahead inc death,2020-12-19,01,quantile,0.9,418.08
2020-12-06,2 wk ahead inc death,2020-12-19,01,quantile,0.25,395.12
2020-12-06,2 wk ahead inc death,2020-12-19,02,quantile,0.1,50.15
2020-12-06,2 wk ahead inc death,2020-12-19,02,quantile,0.5,56.21
2020-12-06,2 wk ahead inc death,2020-12-19,02,quantile,0.975,63.48
2020-12-06,2 wk ahead inc death,2020-12-19,02,quantile,0.25,52.96
2020-12-06,2 wk ahead inc death,2020-12-19,02,quantile,0.75,58.79
2020-12-06,2 wk ahead inc death,2020-12-19,02,quantile,0.025,46.76
2020-12-06,2 wk ahead inc death,2020-12-19,02,quantile,0.9,61.50
2020-12-06,2 wk ahead inc death,2020-12-19,04,quantile,0.25,455.68
2020-12-06,2 wk ahead inc death,2020-12-19,04,quantile,0.9,495.91
2020-12-06,2 wk ahead inc death,2020-12-19,04,quantile,0.5,469.26
2020-12-06,2 wk ahead inc death,2020-12-19,04,quantile,0.75,484.96
2020-12-06,2 wk ahead inc death,2020-12-19,04,quantile,0.1,444.26
2020-12-06,2 wk ahead inc death,2020-12-19,04,quantile,0.025,423.22
2020-12-06,2 wk ahead inc death,2020-12-19,04,quantile,0.975,510.51
2020-12-06,2 wk ahead inc death,2020-12-19,05,quantile,0.5,267.72
2020-12-06,2 wk ahead inc death,2020-12-19,05,quantile,0.1,257.56
2020-12-06,2 wk ahead inc death,2020-12-19,05,quantile,0.25,261.04
2020-12-06,2 wk ahead inc death,2020-12-19,05,quantile,0.9,277.64
2020-12-06,2 wk ahead inc death,2020-12-19,05,quantile,0.025,251.99
2020-12-06,2 wk ahead inc death,2020-12-19,05,quantile,0.975,281.25
2020-12-06,2 wk ahead inc death,2020-12-19,05,quantile,0.75,271.71
2020-12-06,2 wk ahead inc death,2020-12-19,06,quantile,0.1,1291.02
2020-12-06,2 wk ahead inc death,2020-12-19,06,quantile,0.25,1309.80
2020-12-06,2 wk ahead inc death,2020-12-19,06,quantile,0.9,1384.96
2020-12-06,2 wk ahead inc death,2020-12-19,06,quantile,0.975,1405.69
2020-12-06,2 wk ahead inc death,2020-12-19,06,quantile,0.75,1363.36
2020-12-06,2 wk ahead inc death,2020-12-19,06,quantile,0.5,1341.10
2020-12-06,2 wk ahead inc death,2020-12-19,06,quantile,0.025,1267.30
2020-12-06,2 wk ahead inc death,2020-12-19,08,quantile,0.75,523.46
2020-12-06,2 wk ahead inc death,2020-12-19,08,quantile,0.1,488.03
2020-12-06,2 wk ahead inc death,2020-12-19,08,quantile,0.5,509.57
2020-12-06,2 wk ahead inc death,2020-12-19,08,quantile,0.25,499.46
2020-12-06,2 wk ahead inc death,2020-12-19,08,quantile,0.975,543.26
2020-12-06,2 wk ahead inc death,2020-12-19,08,quantile,0.025,479.74
2020-12-06,2 wk ahead inc death,2020-12-19,08,quantile,0.9,538.61
2020-12-06,2 wk ahead inc death,2020-12-19,09,quantile,0.025,202.81
2020-12-06,2 wk ahead inc death,2020-12-19,09,quantile,0.75,234.12
2020-12-06,2 wk ahead inc death,2020-12-19,09,quantile,0.25,216.31
2020-12-06,2 wk ahead inc death,2020-12-19,09,quantile,0.9,239.03
2020-12-06,2 wk ahead inc death,2020-12-19,09,quantile,0.5,222.36
2020-12-06,2 wk ahead inc death,2020-12-19,09,quantile,0.975,247.00
2020-12-06,2 wk ahead inc death,2020-12-19,09,quantile,0.1,210.91
2020-12-06,2 wk ahead inc death,2020-12-19,10,quantile,0.9,52.19
2020-12-06,2 wk ahead inc death,2020-12-19,10,quantile,0.975,54.28
2020-12-06,2 wk ahead inc death,2020-12-19,10,quantile,0.5,46.73
2020-12-06,2 wk ahead inc death,2020-12-19,10,quantile,0.25,44.14
2020-12-06,2 wk ahead inc death,2020-12-19,10,quantile,0.75,49.08
2020-12-06,2 wk ahead inc death,2020-12-19,10,quantile,0.025,38.87
2020-12-06,2 wk ahead inc death,2020-12-19,10,quantile,0.1,41.39
2020-12-06,2 wk ahead inc death,2020-12-19,11,quantile,0.025,20.56
2020-12-06,2 wk ahead inc death,2020-12-19,11,quantile,0.25,22.66
2020-12-06,2 wk ahead inc death,2020-12-19,11,quantile,0.1,21.55
2020-12-06,2 wk ahead inc death,2020-12-19,11,quantile,0.9,26.05
2020-12-06,2 wk ahead inc death,2020-12-19,11,quantile,0.975,27.24
2020-12-06,2 wk ahead inc death,2020-12-19,11,quantile,0.5,23.39
2020-12-06,2 wk ahead inc death,2020-12-19,11,quantile,0.75,24.81
2020-12-06,2 wk ahead inc death,2020-12-19,12,quantile,0.1,960.38
2020-12-06,2 wk ahead inc death,2020-12-19,12,quantile,0.9,1020.23
2020-12-06,2 wk ahead inc death,2020-12-19,12,quantile,0.5,991.02
2020-12-06,2 wk ahead inc death,2020-12-19,12,quantile,0.25,972.75
2020-12-06,2 wk ahead inc death,2020-12-19,12,quantile,0.025,947.94
2020-12-06,2 wk ahead inc death,2020-12-19,12,quantile,0.975,1036.51
2020-12-06,2 wk ahead inc death,2020-12-19,12,quantile,0.75,1003.02
2020-12-06,2 wk ahead inc death,2020-12-19,13,quantile,0.25,596.95
2020-12-06,2 wk ahead inc death,2020-12-19,13,quantile,0.75,616.07
2020-12-06,2 wk ahead inc death,2020-12-19,13,quantile,0.5,608.09
2020-12-06,2 wk ahead inc death,2020-12-19,13,quantile,0.9,620.83
2020-12-06,2 wk ahead inc death,2020-12-19,13,quantile,0.1,592.42
2020-12-06,2 wk ahead inc death,2020-12-19,13,quantile,0.975,630.92
2020-12-06,2 wk ahead inc death,2020-12-19,13,quantile,0.025,579.47
2020-12-06,2 wk ahead inc death,2020-12-19,15,quantile,0.975,24.04
2020-12-06,2 wk ahead inc death,2020-12-19,15,quantile,0.9,22.64
2020-12-06,2 wk ahead inc death,2020-12-19,15,quantile,0.1,17.04
2020-12-06,2 wk ahead inc death,2020-12-19,15,quantile,0.25,18.11
2020-12-06,2 wk ahead inc death,2020-12-19,15,quantile,0.75,21.00
2020-12-06,2 wk ahead inc death,2020-12-19,15,quantile,0.5,19.07
2020-12-06,2 wk ahead inc death,2020-12-19,15,quantile,0.025,15.93
2020-12-06,2 wk ahead inc death,2020-12-19,16,quantile,0.025,159.44
2020-12-06,2 wk ahead inc death,2020-12-19,16,quantile,0.5,172.15
2020-12-06,2 wk ahead inc death,2020-12-19,16,quantile,0.25,167.46
2020-12-06,2 wk ahead inc death,2020-12-19,16,quantile,0.975,183.66
2020-12-06,2 wk ahead inc death,2020-12-19,16,quantile,0.75,174.83
2020-12-06,2 wk ahead inc death,2020-12-19,16,quantile,0.9,179.89
2020-12-06,2 wk ahead inc death,2020-12-19,16,quantile,0.1,161.88
2020-12-06,2 wk ahead inc death,2020-12-19,17,quantile,0.25,1207.64
2020-12-06,2 wk ahead inc death,2020-12-19,17,quantile,0.75,1250.37
2020-12-06,2 wk ahead inc death,2020-12-19,17,quantile,0.5,1228.90
2020-12-06,2 wk ahead inc death,2020-12-19,17,quantile,0.9,1269.27
2020-12-06,2 wk ahead inc death,2020-12-19,17,quantile,0.1,1194.20
2020-12-06,2 wk ahead inc death,2020-12-19,17,quantile,0.975,1283.12
2020-12-06,2 wk ahead inc death,2020-12-19,17,quantile,0.025,1184.71
2020-12-06,2 wk ahead inc death,2020-12-19,18,quantile,0.9,781.66
2020-12-06,2 wk ahead inc death,2020-12-19,18,quantile,0.75,772.42
2020-12-06,2 wk ahead inc death,2020-12-19,18,quantile,0.1,744.36
2020-12-06,2 wk ahead inc death,2020-12-19,18,quantile,0.975,796.25
2020-12-06,2 wk ahead inc death,2020-12-19,18,quantile,0.25,750.57
2020-12-06,2 wk ahead inc death,2020-12-19,18,quantile,0.025,731.47
2020-12-06,2 wk ahead inc death,2020-12-19,18,quantile,0.5,763.99
2020-12-06,2 wk ahead inc death,2020-12-19,19,quantile,0.25,348.82
2020-12-06,2 wk ahead inc death,2020-12-19,19,quantile,0.5,357.85
2020-12-06,2 wk ahead inc death,2020-12-19,19,quantile,0.1,342.94
2020-12-06,2 wk ahead inc death,2020-12-19,19,quantile,0.9,371.47
2020-12-06,2 wk ahead inc death,2020-12-19,19,quantile,0.75,363.03
2020-12-06,2 wk ahead inc death,2020-12-19,19,quantile,0.025,337.89
2020-12-06,2 wk ahead inc death,2020-12-19,19,quantile,0.975,375.94
2020-12-06,2 wk ahead inc death,2020-12-19,20,quantile,0.025,291.38
2020-12-06,2 wk ahead inc death,2020-12-19,20,quantile,0.975,330.79
2020-12-06,2 wk ahead inc death,2020-12-19,20,quantile,0.5,308.37
2020-12-06,2 wk ahead inc death,2020-12-19,20,quantile,0.25,302.47
2020-12-06,2 wk ahead inc death,2020-12-19,20,quantile,0.75,315.24
2020-12-06,2 wk ahead inc death,2020-12-19,20,quantile,0.9,322.76
2020-12-06,2 wk ahead inc death,2020-12-19,20,quantile,0.1,296.91
2020-12-06,2 wk ahead inc death,2020-12-19,21,quantile,0.1,425.91
2020-12-06,2 wk ahead inc death,2020-12-19,21,quantile,0.25,435.66
2020-12-06,2 wk ahead inc death,2020-12-19,21,quantile,0.5,443.10
2020-12-06,2 wk ahead inc death,2020-12-19,21,quantile,0.9,461.99
2020-12-06,2 wk ahead inc death,2020-12-19,21,quantile,0.025,417.34
2020-12-06,2 wk ahead inc death,2020-12-19,21,quantile,0.975,471.26
2020-12-06,2 wk ahead inc death,2020-12-19,21,quantile,0.75,456.06
2020-12-06,2 wk ahead inc death,2020-12-19,22,quantile,0.5,261.14
2020-12-06,2 wk ahead inc death,2020-12-19,22,quantile,0.9,274.32
2020-12-06,2 wk ahead inc death,2020-12-19,22,quantile,0.025,248.66
2020-12-06,2 wk ahead inc death,2020-12-19,22,quantile,0.75,266.52
2020-12-06,2 wk ahead inc death,2020-12-19,22,quantile,0.975,280.98
2020-12-06,2 wk ahead inc death,2020-12-19,22,quantile,0.25,256.01
2020-12-06,2 wk ahead inc death,2020-12-19,22,quantile,0.1,251.55
2020-12-06,2 wk ahead inc death,2020-12-19,23,quantile,0.9,52.17
2020-12-06,2 wk ahead inc death,2020-12-19,23,quantile,0.75,50.83
2020-12-06,2 wk ahead inc death,2020-12-19,23,quantile,0.5,48.41
2020-12-06,2 wk ahead inc death,2020-12-19,23,quantile,0.025,43.41
2020-12-06,2 wk ahead inc death,2020-12-19,23,quantile,0.1,44.55
2020-12-06,2 wk ahead inc death,2020-12-19,23,quantile,0.25,46.28
2020-12-06,2 wk ahead inc death,2020-12-19,23,quantile,0.975,54.00
2020-12-06,2 wk ahead inc death,2020-12-19,24,quantile,0.5,293.89
2020-12-06,2 wk ahead inc death,2020-12-19,24,quantile,0.975,310.30
2020-12-06,2 wk ahead inc death,2020-12-19,24,quantile,0.025,277.30
2020-12-06,2 wk ahead inc death,2020-12-19,24,quantile,0.1,283.34
2020-12-06,2 wk ahead inc death,2020-12-19,24,quantile,0.9,305.30
2020-12-06,2 wk ahead inc death,2020-12-19,24,quantile,0.75,299.00
2020-12-06,2 wk ahead inc death,2020-12-19,24,quantile,0.25,287.65
2020-12-06,2 wk ahead inc death,2020-12-19,25,quantile,0.9,384.48
2020-12-06,2 wk ahead inc death,2020-12-19,25,quantile,0.975,388.75
2020-12-06,2 wk ahead inc death,2020-12-19,25,quantile,0.025,343.23
2020-12-06,2 wk ahead inc death,2020-12-19,25,quantile,0.75,377.17
2020-12-06,2 wk ahead inc death,2020-12-19,25,quantile,0.1,356.08
2020-12-06,2 wk ahead inc death,2020-12-19,25,quantile,0.5,368.89
2020-12-06,2 wk ahead inc death,2020-12-19,25,quantile,0.25,362.08
2020-12-06,2 wk ahead inc death,2020-12-19,26,quantile,0.75,947.94
2020-12-06,2 wk ahead inc death,2020-12-19,26,quantile,0.025,894.73
2020-12-06,2 wk ahead inc death,2020-12-19,26,quantile,0.1,903.42
2020-12-06,2 wk ahead inc death,2020-12-19,26,quantile,0.25,922.87
2020-12-06,2 wk ahead inc death,2020-12-19,26,quantile,0.9,960.34
2020-12-06,2 wk ahead inc death,2020-12-19,26,quantile,0.5,937.24
2020-12-06,2 wk ahead inc death,2020-12-19,26,quantile,0.975,972.18
2020-12-06,2 wk ahead inc death,2020-12-19,27,quantile,0.1,543.60
2020-12-06,2 wk ahead inc death,2020-12-19,27,quantile,0.025,536.24
2020-12-06,2 wk ahead inc death,2020-12-19,27,quantile,0.9,580.97
2020-12-06,2 wk ahead inc death,2020-12-19,27,quantile,0.5,562.07
2020-12-06,2 wk ahead inc death,2020-12-19,27,quantile,0.25,549.95
2020-12-06,2 wk ahead inc death,2020-12-19,27,quantile,0.75,570.98
2020-12-06,2 wk ahead inc death,2020-12-19,27,quantile,0.975,590.83
2020-12-06,2 wk ahead inc death,2020-12-19,28,quantile,0.5,260.82
2020-12-06,2 wk ahead inc death,2020-12-19,28,quantile,0.975,282.31
2020-12-06,2 wk ahead inc death,2020-12-19,28,quantile,0.25,254.43
2020-12-06,2 wk ahead inc death,2020-12-19,28,quantile,0.9,272.09
2020-12-06,2 wk ahead inc death,2020-12-19,28,quantile,0.1,248.55
2020-12-06,2 wk ahead inc death,2020-12-19,28,quantile,0.75,266.35
2020-12-06,2 wk ahead inc death,2020-12-19,28,quantile,0.025,244.17
2020-12-06,2 wk ahead inc death,2020-12-19,29,quantile,0.75,557.65
2020-12-06,2 wk ahead inc death,2020-12-19,29,quantile,0.9,566.50
2020-12-06,2 wk ahead inc death,2020-12-19,29,quantile,0.975,575.78
2020-12-06,2 wk ahead inc death,2020-12-19,29,quantile,0.5,544.96
2020-12-06,2 wk ahead inc death,2020-12-19,29,quantile,0.1,526.38
2020-12-06,2 wk ahead inc death,2020-12-19,29,quantile,0.025,515.67
2020-12-06,2 wk ahead inc death,2020-12-19,29,quantile,0.25,532.50
2020-12-06,2 wk ahead inc death,2020-12-19,30,quantile,0.975,147.28
2020-12-06,2 wk ahead inc death,2020-12-19,30,quantile,0.75,139.19
2020-12-06,2 wk ahead inc death,2020-12-19,30,quantile,0.025,121.18
2020-12-06,2 wk ahead inc death,2020-12-19,30,quantile,0.9,142.26
2020-12-06,2 wk ahead inc death,2020-12-19,30,quantile,0.1,125.75
2020-12-06,2 wk ahead inc death,2020-12-19,30,quantile,0.5,135.30
2020-12-06,2 wk ahead inc death,2020-12-19,30,quantile,0.25,130.54
2020-12-06,2 wk ahead inc death,2020-12-19,31,quantile,0.1,260.54
2020-12-06,2 wk ahead inc death,2020-12-19,31,quantile,0.025,252.11
2020-12-06,2 wk ahead inc death,2020-12-19,31,quantile,0.9,291.58
2020-12-06,2 wk ahead inc death,2020-12-19,31,quantile,0.25,267.68
2020-12-06,2 wk ahead inc death,2020-12-19,31,quantile,0.75,286.42
2020-12-06,2 wk ahead inc death,2020-12-19,31,quantile,0.5,277.68
2020-12-06,2 wk ahead inc death,2020-12-19,31,quantile,0.975,304.03
2020-12-06,2 wk ahead inc death,2020-12-19,32,quantile,0.975,231.35
2020-12-06,2 wk ahead inc death,2020-12-19,32,quantile,0.9,220.92
2020-12-06,2 wk ahead inc death,2020-12-19,32,quantile,0.25,202.09
2020-12-06,2 wk ahead inc death,2020-12-19,32,quantile,0.025,190.47
2020-12-06,2 wk ahead inc death,2020-12-19,32,quantile,0.75,216.58
2020-12-06,2 wk ahead inc death,2020-12-19,32,quantile,0.5,209.57
2020-12-06,2 wk ahead inc death,2020-12-19,32,quantile,0.1,196.90
2020-12-06,2 wk ahead inc death,2020-12-19,33,quantile,0.9,59.41
2020-12-06,2 wk ahead inc death,2020-12-19,33,quantile,0.25,53.51
2020-12-06,2 wk ahead inc death,2020-12-19,33,quantile,0.025,49.07
2020-12-06,2 wk ahead inc death,2020-12-19,33,quantile,0.1,51.64
2020-12-06,2 wk ahead inc death,2020-12-19,33,quantile,0.5,55.56
2020-12-06,2 wk ahead inc death,2020-12-19,33,quantile,0.975,62.11
2020-12-06,2 wk ahead inc death,2020-12-19,33,quantile,0.75,57.45
2020-12-06,2 wk ahead inc death,2020-12-19,34,quantile,0.975,526.22
2020-12-06,2 wk ahead inc death,2020-12-19,34,quantile,0.75,511.58
2020-12-06,2 wk ahead inc death,2020-12-19,34,quantile,0.9,518.15
2020-12-06,2 wk ahead inc death,2020-12-19,34,quantile,0.1,486.17
2020-12-06,2 wk ahead inc death,2020-12-19,34,quantile,0.5,503.39
2020-12-06,2 wk ahead inc death,2020-12-19,34,quantile,0.025,478.61
2020-12-06,2 wk ahead inc death,2020-12-19,34,quantile,0.25,496.13
2020-12-06,2 wk ahead inc death,2020-12-19,35,quantile,0.75,255.53
2020-12-06,2 wk ahead inc death,2020-12-19,35,quantile,0.9,262.67
2020-12-06,2 wk ahead inc death,2020-12-19,35,quantile,0.1,240.50
2020-12-06,2 wk ahead inc death,2020-12-19,35,quantile,0.25,245.46
2020-12-06,2 wk ahead inc death,2020-12-19,35,quantile,0.025,236.50
2020-12-06,2 wk ahead inc death,2020-12-19,35,quantile,0.5,249.64
2020-12-06,2 wk ahead inc death,2020-12-19,35,quantile,0.975,269.53
2020-12-06,2 wk ahead inc death,2020-12-19,36,quantile,0.25,777.09
2020-12-06,2 wk ahead inc death,2020-12-19,36,quantile,0.1,766.32
2020-12-06,2 wk ahead inc death,2020-12-19,36,quantile,0.5,789.91
2020-12-06,2 wk ahead inc death,2020-12-19,36,quantile,0.9,824.01
2020-12-06,2 wk ahead inc death,2020-12-19,36,quantile,0.75,807.27
2020-12-06,2 wk ahead inc death,2020-12-19,36,quantile,0.975,846.00
2020-12-06,2 wk ahead inc death,2020-12-19,36,quantile,0.025,756.03
2020-12-06,2 wk ahead inc death,2020-12-19,37,quantile,0.1,499.13
2020-12-06,2 wk ahead inc death,2020-12-19,37,quantile,0.9,528.47
2020-12-06,2 wk ahead inc death,2020-12-19,37,quantile,0.75,521.98
2020-12-06,2 wk ahead inc death,2020-12-19,37,quantile,0.25,504.60
2020-12-06,2 wk ahead inc death,2020-12-19,37,quantile,0.025,490.25
2020-12-06,2 wk ahead inc death,2020-12-19,37,quantile,0.975,533.01
2020-12-06,2 wk ahead inc death,2020-12-19,37,quantile,0.5,512.39
2020-12-06,2 wk ahead inc death,2020-12-19,38,quantile,0.025,74.75
2020-12-06,2 wk ahead inc death,2020-12-19,38,quantile,0.75,88.99
2020-12-06,2 wk ahead inc death,2020-12-19,38,quantile,0.975,96.91
2020-12-06,2 wk ahead inc death,2020-12-19,38,quantile,0.1,79.87
2020-12-06,2 wk ahead inc death,2020-12-19,38,quantile,0.5,85.55
2020-12-06,2 wk ahead inc death,2020-12-19,38,quantile,0.25,82.29
2020-12-06,2 wk ahead inc death,2020-12-19,38,quantile,0.9,92.76
2020-12-06,2 wk ahead inc death,2020-12-19,39,quantile,0.975,958.46
2020-12-06,2 wk ahead inc death,2020-12-19,39,quantile,0.75,930.53
2020-12-06,2 wk ahead inc death,2020-12-19,39,quantile,0.025,870.30
2020-12-06,2 wk ahead inc death,2020-12-19,39,quantile,0.1,883.76
2020-12-06,2 wk ahead inc death,2020-12-19,39,quantile,0.25,900.01
2020-12-06,2 wk ahead inc death,2020-12-19,39,quantile,0.9,941.75
2020-12-06,2 wk ahead inc death,2020-12-19,39,quantile,0.5,915.11
2020-12-06,2 wk ahead inc death,2020-12-19,40,quantile,0.9,334.04
2020-12-06,2 wk ahead inc death,2020-12-19,40,quantile,0.75,323.32
2020-12-06,2 wk ahead inc death,2020-12-19,40,quantile,0.5,316.54
2020-12-06,2 wk ahead inc death,2020-12-19,40,quantile,0.025,292.65
2020-12-06,2 wk ahead inc death,2020-12-19,40,quantile,0.975,337.95
2020-12-06,2 wk ahead inc death,2020-12-19,40,quantile,0.25,306.94
2020-12-06,2 wk ahead inc death,2020-12-19,40,quantile,0.1,299.18
2020-12-06,2 wk ahead inc death,2020-12-19,41,quantile,0.9,216.27
2020-12-06,2 wk ahead inc death,2020-12-19,41,quantile,0.975,218.26
2020-12-06,2 wk ahead inc death,2020-12-19,41,quantile,0.75,211.16
2020-12-06,2 wk ahead inc death,2020-12-19,41,quantile,0.025,192.19
2020-12-06,2 wk ahead inc death,2020-12-19,41,quantile,0.25,201.03
2020-12-06,2 wk ahead inc death,2020-12-19,41,quantile,0.5,207.21
2020-12-06,2 wk ahead inc death,2020-12-19,41,quantile,0.1,195.80
2020-12-06,2 wk ahead inc death,2020-12-19,42,quantile,0.975,1107.09
2020-12-06,2 wk ahead inc death,2020-12-19,42,quantile,0.9,1095.69
2020-12-06,2 wk ahead inc death,2020-12-19,42,quantile,0.025,1004.34
2020-12-06,2 wk ahead inc death,2020-12-19,42,quantile,0.1,1017.97
2020-12-06,2 wk ahead inc death,2020-12-19,42,quantile,0.25,1035.10
2020-12-06,2 wk ahead inc death,2020-12-19,42,quantile,0.75,1074.26
2020-12-06,2 wk ahead inc death,2020-12-19,42,quantile,0.5,1053.88
2020-12-06,2 wk ahead inc death,2020-12-19,44,quantile,0.1,75.70
2020-12-06,2 wk ahead inc death,2020-12-19,44,quantile,0.25,77.83
2020-12-06,2 wk ahead inc death,2020-12-19,44,quantile,0.75,87.51
2020-12-06,2 wk ahead inc death,2020-12-19,44,quantile,0.5,81.45
2020-12-06,2 wk ahead inc death,2020-12-19,44,quantile,0.975,102.81
2020-12-06,2 wk ahead inc death,2020-12-19,44,quantile,0.9,93.98
2020-12-06,2 wk ahead inc death,2020-12-19,44,quantile,0.025,73.53
2020-12-06,2 wk ahead inc death,2020-12-19,45,quantile,0.5,303.49
2020-12-06,2 wk ahead inc death,2020-12-19,45,quantile,0.025,286.41
2020-12-06,2 wk ahead inc death,2020-12-19,45,quantile,0.25,296.24
2020-12-06,2 wk ahead inc death,2020-12-19,45,quantile,0.1,290.23
2020-12-06,2 wk ahead inc death,2020-12-19,45,quantile,0.9,314.94
2020-12-06,2 wk ahead inc death,2020-12-19,45,quantile,0.75,310.27
2020-12-06,2 wk ahead inc death,2020-12-19,45,quantile,0.975,319.73
2020-12-06,2 wk ahead inc death,2020-12-19,46,quantile,0.975,150.12
2020-12-06,2 wk ahead inc death,2020-12-19,46,quantile,0.1,130.03
2020-12-06,2 wk ahead inc death,2020-12-19,46,quantile,0.9,145.06
2020-12-06,2 wk ahead inc death,2020-12-19,46,quantile,0.025,127.82
2020-12-06,2 wk ahead inc death,2020-12-19,46,quantile,0.25,132.41
2020-12-06,2 wk ahead inc death,2020-12-19,46,quantile,0.75,141.76
2020-12-06,2 wk ahead inc death,2020-12-19,46,quantile,0.5,137.28
2020-12-06,2 wk ahead inc death,2020-12-19,47,quantile,0.9,595.68
2020-12-06,2 wk ahead inc death,2020-12-19,47,quantile,0.25,567.95
2020-12-06,2 wk ahead inc death,2020-12-19,47,quantile,0.5,578.27
2020-12-06,2 wk ahead inc death,2020-12-19,47,quantile,0.975,614.49
2020-12-06,2 wk ahead inc death,2020-12-19,47,quantile,0.1,561.07
2020-12-06,2 wk ahead inc death,2020-12-19,47,quantile,0.75,588.81
2020-12-06,2 wk ahead inc death,2020-12-19,47,quantile,0.025,551.67
2020-12-06,2 wk ahead inc death,2020-12-19,48,quantile,0.25,1774.28
2020-12-06,2 wk ahead inc death,2020-12-19,48,quantile,0.5,1799.95
2020-12-06,2 wk ahead inc death,2020-12-19,48,quantile,0.975,1871.61
2020-12-06,2 wk ahead inc death,2020-12-19,48,quantile,0.025,1733.83
2020-12-06,2 wk ahead inc death,2020-12-19,48,quantile,0.1,1751.84
2020-12-06,2 wk ahead inc death,2020-12-19,48,quantile,0.75,1824.72
2020-12-06,2 wk ahead inc death,2020-12-19,48,quantile,0.9,1844.03
2020-12-06,2 wk ahead inc death,2020-12-19,49,quantile,0.75,144.95
2020-12-06,2 wk ahead inc death,2020-12-19,49,quantile,0.9,149.30
2020-12-06,2 wk ahead inc death,2020-12-19,49,quantile,0.1,132.80
2020-12-06,2 wk ahead inc death,2020-12-19,49,quantile,0.025,128.33
2020-12-06,2 wk ahead inc death,2020-12-19,49,quantile,0.25,136.62
2020-12-06,2 wk ahead inc death,2020-12-19,49,quantile,0.5,140.95
2020-12-06,2 wk ahead inc death,2020-12-19,49,quantile,0.975,153.20
2020-12-06,2 wk ahead inc death,2020-12-19,50,quantile,0.5,17.52
2020-12-06,2 wk ahead inc death,2020-12-19,50,quantile,0.25,16.11
2020-12-06,2 wk ahead inc death,2020-12-19,50,quantile,0.9,19.81
2020-12-06,2 wk ahead inc death,2020-12-19,50,quantile,0.975,20.59
2020-12-06,2 wk ahead inc death,2020-12-19,50,quantile,0.1,15.39
2020-12-06,2 wk ahead inc death,2020-12-19,50,quantile,0.75,18.59
2020-12-06,2 wk ahead inc death,2020-12-19,50,quantile,0.025,14.04
2020-12-06,2 wk ahead inc death,2020-12-19,51,quantile,0.975,307.71
2020-12-06,2 wk ahead inc death,2020-12-19,51,quantile,0.1,271.52
2020-12-06,2 wk ahead inc death,2020-12-19,51,quantile,0.5,285.57
2020-12-06,2 wk ahead inc death,2020-12-19,51,quantile,0.25,278.82
2020-12-06,2 wk ahead inc death,2020-12-19,51,quantile,0.75,290.51
2020-12-06,2 wk ahead inc death,2020-12-19,51,quantile,0.9,296.39
2020-12-06,2 wk ahead inc death,2020-12-19,51,quantile,0.025,268.14
2020-12-06,2 wk ahead inc death,2020-12-19,53,quantile,0.25,264.06
2020-12-06,2 wk ahead inc death,2020-12-19,53,quantile,0.025,251.17
2020-12-06,2 wk ahead inc death,2020-12-19,53,quantile,0.1,256.70
2020-12-06,2 wk ahead inc death,2020-12-19,53,quantile,0.975,285.99
2020-12-06,2 wk ahead inc death,2020-12-19,53,quantile,0.9,280.96
2020-12-06,2 wk ahead inc death,2020-12-19,53,quantile,0.5,270.83
2020-12-06,2 wk ahead inc death,2020-12-19,53,quantile,0.75,277.36
2020-12-06,2 wk ahead inc death,2020-12-19,54,quantile,0.75,174.85
2020-12-06,2 wk ahead inc death,2020-12-19,54,quantile,0.5,170.31
2020-12-06,2 wk ahead inc death,2020-12-19,54,quantile,0.025,157.92
2020-12-06,2 wk ahead inc death,2020-12-19,54,quantile,0.975,184.33
2020-12-06,2 wk ahead inc death,2020-12-19,54,quantile,0.25,164.89
2020-12-06,2 wk ahead inc death,2020-12-19,54,quantile,0.9,179.54
2020-12-06,2 wk ahead inc death,2020-12-19,54,quantile,0.1,161.23
2020-12-06,2 wk ahead inc death,2020-12-19,55,quantile,0.025,537.55
2020-12-06,2 wk ahead inc death,2020-12-19,55,quantile,0.975,593.68
2020-12-06,2 wk ahead inc death,2020-12-19,55,quantile,0.75,567.94
2020-12-06,2 wk ahead inc death,2020-12-19,55,quantile,0.5,560.66
2020-12-06,2 wk ahead inc death,2020-12-19,55,quantile,0.9,576.65
2020-12-06,2 wk ahead inc death,2020-12-19,55,quantile,0.1,544.76
2020-12-06,2 wk ahead inc death,2020-12-19,55,quantile,0.25,550.46
2020-12-06,2 wk ahead inc death,2020-12-19,56,quantile,0.9,68.82
2020-12-06,2 wk ahead inc death,2020-12-19,56,quantile,0.75,67.39
2020-12-06,2 wk ahead inc death,2020-12-19,56,quantile,0.5,65.12
2020-12-06,2 wk ahead inc death,2020-12-19,56,quantile,0.25,63.41
2020-12-06,2 wk ahead inc death,2020-12-19,56,quantile,0.025,60.37
2020-12-06,2 wk ahead inc death,2020-12-19,56,quantile,0.1,61.92
2020-12-06,2 wk ahead inc death,2020-12-19,56,quantile,0.975,71.83
2020-12-06,1 wk ahead inc death,2020-12-12,US,point,NA,18344.58
2020-12-06,1 wk ahead inc death,2020-12-12,US,quantile,0.025,18025.65
2020-12-06,1 wk ahead inc death,2020-12-12,US,quantile,0.1,18096.95
2020-12-06,1 wk ahead inc death,2020-12-12,US,quantile,0.25,18205.36
2020-12-06,1 wk ahead inc death,2020-12-12,US,quantile,0.5,18343.24
2020-12-06,1 wk ahead inc death,2020-12-12,US,quantile,0.75,18484.85
2020-12-06,1 wk ahead inc death,2020-12-12,US,quantile,0.9,18593.11
2020-12-06,1 wk ahead inc death,2020-12-12,US,quantile,0.975,18620.03
2020-12-06,2 wk ahead inc death,2020-12-19,US,point,NA,21234.78
2020-12-06,2 wk ahead inc death,2020-12-19,US,quantile,0.025,20678.91
2020-12-06,2 wk ahead inc death,2020-12-19,US,quantile,0.1,20870.12
2020-12-06,2 wk ahead inc death,2020-12-19,US,quantile,0.25,21014.69
2020-12-06,2 wk ahead inc death,2020-12-19,US,quantile,0.5,21235.65
2020-12-06,2 wk ahead inc death,2020-12-19,US,quantile,0.75,21479.49
2020-12-06,2 wk ahead inc death,2020-12-19,US,quantile,0.9,21636.44
2020-12-06,2 wk ahead inc death,2020-12-19,US,quantile,0.975,21766.10
