forecast_date,target,target_end_date,location,type,quantile,value
2020-12-20,1 wk ahead inc death,2020-12-26,01,point,NA,311.71
2020-12-20,1 wk ahead inc death,2020-12-26,02,point,NA,24.44
2020-12-20,1 wk ahead inc death,2020-12-26,04,point,NA,632.12
2020-12-20,1 wk ahead inc death,2020-12-26,05,point,NA,257.88
2020-12-20,1 wk ahead inc death,2020-12-26,06,point,NA,2029.35
2020-12-20,1 wk ahead inc death,2020-12-26,08,point,NA,394.56
2020-12-20,1 wk ahead inc death,2020-12-26,09,point,NA,208.97
2020-12-20,1 wk ahead inc death,2020-12-26,10,point,NA,49.69
2020-12-20,1 wk ahead inc death,2020-12-26,11,point,NA,17.70
2020-12-20,1 wk ahead inc death,2020-12-26,12,point,NA,816.91
2020-12-20,1 wk ahead inc death,2020-12-26,13,point,NA,385.58
2020-12-20,1 wk ahead inc death,2020-12-26,15,point,NA,10.00
2020-12-20,1 wk ahead inc death,2020-12-26,16,point,NA,115.18
2020-12-20,1 wk ahead inc death,2020-12-26,17,point,NA,941.30
2020-12-20,1 wk ahead inc death,2020-12-26,18,point,NA,560.81
2020-12-20,1 wk ahead inc death,2020-12-26,19,point,NA,270.01
2020-12-20,1 wk ahead inc death,2020-12-26,20,point,NA,297.25
2020-12-20,1 wk ahead inc death,2020-12-26,21,point,NA,244.74
2020-12-20,1 wk ahead inc death,2020-12-26,22,point,NA,241.64
2020-12-20,1 wk ahead inc death,2020-12-26,23,point,NA,43.09
2020-12-20,1 wk ahead inc death,2020-12-26,24,point,NA,268.99
2020-12-20,1 wk ahead inc death,2020-12-26,25,point,NA,353.57
2020-12-20,1 wk ahead inc death,2020-12-26,26,point,NA,718.50
2020-12-20,1 wk ahead inc death,2020-12-26,27,point,NA,364.88
2020-12-20,1 wk ahead inc death,2020-12-26,28,point,NA,210.06
2020-12-20,1 wk ahead inc death,2020-12-26,29,point,NA,394.32
2020-12-20,1 wk ahead inc death,2020-12-26,30,point,NA,63.85
2020-12-20,1 wk ahead inc death,2020-12-26,31,point,NA,132.20
2020-12-20,1 wk ahead inc death,2020-12-26,32,point,NA,227.44
2020-12-20,1 wk ahead inc death,2020-12-26,33,point,NA,61.31
2020-12-20,1 wk ahead inc death,2020-12-26,34,point,NA,437.42
2020-12-20,1 wk ahead inc death,2020-12-26,35,point,NA,192.07
2020-12-20,1 wk ahead inc death,2020-12-26,36,point,NA,867.33
2020-12-20,1 wk ahead inc death,2020-12-26,37,point,NA,442.75
2020-12-20,1 wk ahead inc death,2020-12-26,38,point,NA,53.56
2020-12-20,1 wk ahead inc death,2020-12-26,39,point,NA,598.28
2020-12-20,1 wk ahead inc death,2020-12-26,40,point,NA,209.85
2020-12-20,1 wk ahead inc death,2020-12-26,41,point,NA,174.92
2020-12-20,1 wk ahead inc death,2020-12-26,42,point,NA,1254.23
2020-12-20,1 wk ahead inc death,2020-12-26,44,point,NA,108.39
2020-12-20,1 wk ahead inc death,2020-12-26,45,point,NA,239.65
2020-12-20,1 wk ahead inc death,2020-12-26,46,point,NA,82.45
2020-12-20,1 wk ahead inc death,2020-12-26,47,point,NA,612.08
2020-12-20,1 wk ahead inc death,2020-12-26,48,point,NA,1506.79
2020-12-20,1 wk ahead inc death,2020-12-26,49,point,NA,90.47
2020-12-20,1 wk ahead inc death,2020-12-26,50,point,NA,13.88
2020-12-20,1 wk ahead inc death,2020-12-26,51,point,NA,262.51
2020-12-20,1 wk ahead inc death,2020-12-26,53,point,NA,166.08
2020-12-20,1 wk ahead inc death,2020-12-26,54,point,NA,153.37
2020-12-20,1 wk ahead inc death,2020-12-26,55,point,NA,383.10
2020-12-20,1 wk ahead inc death,2020-12-26,56,point,NA,38.19
2020-12-20,1 wk ahead inc death,2020-12-26,01,quantile,0.025,305.09
2020-12-20,1 wk ahead inc death,2020-12-26,01,quantile,0.975,317.31
2020-12-20,1 wk ahead inc death,2020-12-26,01,quantile,0.1,308.10
2020-12-20,1 wk ahead inc death,2020-12-26,01,quantile,0.75,313.77
2020-12-20,1 wk ahead inc death,2020-12-26,01,quantile,0.5,311.68
2020-12-20,1 wk ahead inc death,2020-12-26,01,quantile,0.9,315.17
2020-12-20,1 wk ahead inc death,2020-12-26,01,quantile,0.25,309.91
2020-12-20,1 wk ahead inc death,2020-12-26,02,quantile,0.1,23.48
2020-12-20,1 wk ahead inc death,2020-12-26,02,quantile,0.5,24.46
2020-12-20,1 wk ahead inc death,2020-12-26,02,quantile,0.975,25.94
2020-12-20,1 wk ahead inc death,2020-12-26,02,quantile,0.25,23.89
2020-12-20,1 wk ahead inc death,2020-12-26,02,quantile,0.75,24.98
2020-12-20,1 wk ahead inc death,2020-12-26,02,quantile,0.025,23.05
2020-12-20,1 wk ahead inc death,2020-12-26,02,quantile,0.9,25.34
2020-12-20,1 wk ahead inc death,2020-12-26,04,quantile,0.25,627.85
2020-12-20,1 wk ahead inc death,2020-12-26,04,quantile,0.9,639.95
2020-12-20,1 wk ahead inc death,2020-12-26,04,quantile,0.5,632.48
2020-12-20,1 wk ahead inc death,2020-12-26,04,quantile,0.75,635.92
2020-12-20,1 wk ahead inc death,2020-12-26,04,quantile,0.1,624.51
2020-12-20,1 wk ahead inc death,2020-12-26,04,quantile,0.025,620.19
2020-12-20,1 wk ahead inc death,2020-12-26,04,quantile,0.975,644.63
2020-12-20,1 wk ahead inc death,2020-12-26,05,quantile,0.5,258.16
2020-12-20,1 wk ahead inc death,2020-12-26,05,quantile,0.1,254.67
2020-12-20,1 wk ahead inc death,2020-12-26,05,quantile,0.25,256.03
2020-12-20,1 wk ahead inc death,2020-12-26,05,quantile,0.9,261.34
2020-12-20,1 wk ahead inc death,2020-12-26,05,quantile,0.025,252.90
2020-12-20,1 wk ahead inc death,2020-12-26,05,quantile,0.975,264.06
2020-12-20,1 wk ahead inc death,2020-12-26,05,quantile,0.75,259.37
2020-12-20,1 wk ahead inc death,2020-12-26,06,quantile,0.1,1998.40
2020-12-20,1 wk ahead inc death,2020-12-26,06,quantile,0.25,2012.25
2020-12-20,1 wk ahead inc death,2020-12-26,06,quantile,0.9,2062.32
2020-12-20,1 wk ahead inc death,2020-12-26,06,quantile,0.975,2073.05
2020-12-20,1 wk ahead inc death,2020-12-26,06,quantile,0.75,2046.14
2020-12-20,1 wk ahead inc death,2020-12-26,06,quantile,0.5,2030.63
2020-12-20,1 wk ahead inc death,2020-12-26,06,quantile,0.025,1976.87
2020-12-20,1 wk ahead inc death,2020-12-26,08,quantile,0.75,397.19
2020-12-20,1 wk ahead inc death,2020-12-26,08,quantile,0.1,389.50
2020-12-20,1 wk ahead inc death,2020-12-26,08,quantile,0.5,395.02
2020-12-20,1 wk ahead inc death,2020-12-26,08,quantile,0.25,391.34
2020-12-20,1 wk ahead inc death,2020-12-26,08,quantile,0.975,401.31
2020-12-20,1 wk ahead inc death,2020-12-26,08,quantile,0.025,387.54
2020-12-20,1 wk ahead inc death,2020-12-26,08,quantile,0.9,399.98
2020-12-20,1 wk ahead inc death,2020-12-26,09,quantile,0.025,205.11
2020-12-20,1 wk ahead inc death,2020-12-26,09,quantile,0.75,210.32
2020-12-20,1 wk ahead inc death,2020-12-26,09,quantile,0.25,207.65
2020-12-20,1 wk ahead inc death,2020-12-26,09,quantile,0.9,211.54
2020-12-20,1 wk ahead inc death,2020-12-26,09,quantile,0.5,209.19
2020-12-20,1 wk ahead inc death,2020-12-26,09,quantile,0.975,212.69
2020-12-20,1 wk ahead inc death,2020-12-26,09,quantile,0.1,206.40
2020-12-20,1 wk ahead inc death,2020-12-26,10,quantile,0.9,50.68
2020-12-20,1 wk ahead inc death,2020-12-26,10,quantile,0.975,51.13
2020-12-20,1 wk ahead inc death,2020-12-26,10,quantile,0.5,49.62
2020-12-20,1 wk ahead inc death,2020-12-26,10,quantile,0.25,49.24
2020-12-20,1 wk ahead inc death,2020-12-26,10,quantile,0.75,50.20
2020-12-20,1 wk ahead inc death,2020-12-26,10,quantile,0.025,48.38
2020-12-20,1 wk ahead inc death,2020-12-26,10,quantile,0.1,48.77
2020-12-20,1 wk ahead inc death,2020-12-26,11,quantile,0.025,16.97
2020-12-20,1 wk ahead inc death,2020-12-26,11,quantile,0.25,17.49
2020-12-20,1 wk ahead inc death,2020-12-26,11,quantile,0.1,17.32
2020-12-20,1 wk ahead inc death,2020-12-26,11,quantile,0.9,18.16
2020-12-20,1 wk ahead inc death,2020-12-26,11,quantile,0.975,18.40
2020-12-20,1 wk ahead inc death,2020-12-26,11,quantile,0.5,17.67
2020-12-20,1 wk ahead inc death,2020-12-26,11,quantile,0.75,17.96
2020-12-20,1 wk ahead inc death,2020-12-26,12,quantile,0.1,802.58
2020-12-20,1 wk ahead inc death,2020-12-26,12,quantile,0.9,830.54
2020-12-20,1 wk ahead inc death,2020-12-26,12,quantile,0.5,817.21
2020-12-20,1 wk ahead inc death,2020-12-26,12,quantile,0.25,809.45
2020-12-20,1 wk ahead inc death,2020-12-26,12,quantile,0.025,798.84
2020-12-20,1 wk ahead inc death,2020-12-26,12,quantile,0.975,834.91
2020-12-20,1 wk ahead inc death,2020-12-26,12,quantile,0.75,823.78
2020-12-20,1 wk ahead inc death,2020-12-26,13,quantile,0.25,381.85
2020-12-20,1 wk ahead inc death,2020-12-26,13,quantile,0.75,389.80
2020-12-20,1 wk ahead inc death,2020-12-26,13,quantile,0.5,386.24
2020-12-20,1 wk ahead inc death,2020-12-26,13,quantile,0.9,392.93
2020-12-20,1 wk ahead inc death,2020-12-26,13,quantile,0.1,375.52
2020-12-20,1 wk ahead inc death,2020-12-26,13,quantile,0.975,396.96
2020-12-20,1 wk ahead inc death,2020-12-26,13,quantile,0.025,371.42
2020-12-20,1 wk ahead inc death,2020-12-26,15,quantile,0.975,10.75
2020-12-20,1 wk ahead inc death,2020-12-26,15,quantile,0.9,10.48
2020-12-20,1 wk ahead inc death,2020-12-26,15,quantile,0.1,9.54
2020-12-20,1 wk ahead inc death,2020-12-26,15,quantile,0.25,9.70
2020-12-20,1 wk ahead inc death,2020-12-26,15,quantile,0.75,10.26
2020-12-20,1 wk ahead inc death,2020-12-26,15,quantile,0.5,9.98
2020-12-20,1 wk ahead inc death,2020-12-26,15,quantile,0.025,9.40
2020-12-20,1 wk ahead inc death,2020-12-26,16,quantile,0.025,111.79
2020-12-20,1 wk ahead inc death,2020-12-26,16,quantile,0.5,115.15
2020-12-20,1 wk ahead inc death,2020-12-26,16,quantile,0.25,114.19
2020-12-20,1 wk ahead inc death,2020-12-26,16,quantile,0.975,118.51
2020-12-20,1 wk ahead inc death,2020-12-26,16,quantile,0.75,116.17
2020-12-20,1 wk ahead inc death,2020-12-26,16,quantile,0.9,117.51
2020-12-20,1 wk ahead inc death,2020-12-26,16,quantile,0.1,113.09
2020-12-20,1 wk ahead inc death,2020-12-26,17,quantile,0.25,935.65
2020-12-20,1 wk ahead inc death,2020-12-26,17,quantile,0.75,948.74
2020-12-20,1 wk ahead inc death,2020-12-26,17,quantile,0.5,942.54
2020-12-20,1 wk ahead inc death,2020-12-26,17,quantile,0.9,953.22
2020-12-20,1 wk ahead inc death,2020-12-26,17,quantile,0.1,926.83
2020-12-20,1 wk ahead inc death,2020-12-26,17,quantile,0.975,956.07
2020-12-20,1 wk ahead inc death,2020-12-26,17,quantile,0.025,921.29
2020-12-20,1 wk ahead inc death,2020-12-26,18,quantile,0.9,566.57
2020-12-20,1 wk ahead inc death,2020-12-26,18,quantile,0.75,564.24
2020-12-20,1 wk ahead inc death,2020-12-26,18,quantile,0.1,554.34
2020-12-20,1 wk ahead inc death,2020-12-26,18,quantile,0.975,571.07
2020-12-20,1 wk ahead inc death,2020-12-26,18,quantile,0.25,556.97
2020-12-20,1 wk ahead inc death,2020-12-26,18,quantile,0.025,551.67
2020-12-20,1 wk ahead inc death,2020-12-26,18,quantile,0.5,560.95
2020-12-20,1 wk ahead inc death,2020-12-26,19,quantile,0.25,267.90
2020-12-20,1 wk ahead inc death,2020-12-26,19,quantile,0.5,270.59
2020-12-20,1 wk ahead inc death,2020-12-26,19,quantile,0.1,264.77
2020-12-20,1 wk ahead inc death,2020-12-26,19,quantile,0.9,274.30
2020-12-20,1 wk ahead inc death,2020-12-26,19,quantile,0.75,272.36
2020-12-20,1 wk ahead inc death,2020-12-26,19,quantile,0.025,261.96
2020-12-20,1 wk ahead inc death,2020-12-26,19,quantile,0.975,276.28
2020-12-20,1 wk ahead inc death,2020-12-26,20,quantile,0.025,290.38
2020-12-20,1 wk ahead inc death,2020-12-26,20,quantile,0.975,304.33
2020-12-20,1 wk ahead inc death,2020-12-26,20,quantile,0.5,297.45
2020-12-20,1 wk ahead inc death,2020-12-26,20,quantile,0.25,294.66
2020-12-20,1 wk ahead inc death,2020-12-26,20,quantile,0.75,299.68
2020-12-20,1 wk ahead inc death,2020-12-26,20,quantile,0.9,301.82
2020-12-20,1 wk ahead inc death,2020-12-26,20,quantile,0.1,292.69
2020-12-20,1 wk ahead inc death,2020-12-26,21,quantile,0.1,238.18
2020-12-20,1 wk ahead inc death,2020-12-26,21,quantile,0.25,242.33
2020-12-20,1 wk ahead inc death,2020-12-26,21,quantile,0.5,245.45
2020-12-20,1 wk ahead inc death,2020-12-26,21,quantile,0.9,250.70
2020-12-20,1 wk ahead inc death,2020-12-26,21,quantile,0.025,235.42
2020-12-20,1 wk ahead inc death,2020-12-26,21,quantile,0.975,251.77
2020-12-20,1 wk ahead inc death,2020-12-26,21,quantile,0.75,247.26
2020-12-20,1 wk ahead inc death,2020-12-26,22,quantile,0.5,241.47
2020-12-20,1 wk ahead inc death,2020-12-26,22,quantile,0.9,245.41
2020-12-20,1 wk ahead inc death,2020-12-26,22,quantile,0.025,235.74
2020-12-20,1 wk ahead inc death,2020-12-26,22,quantile,0.75,243.73
2020-12-20,1 wk ahead inc death,2020-12-26,22,quantile,0.975,247.11
2020-12-20,1 wk ahead inc death,2020-12-26,22,quantile,0.25,239.71
2020-12-20,1 wk ahead inc death,2020-12-26,22,quantile,0.1,237.97
2020-12-20,1 wk ahead inc death,2020-12-26,23,quantile,0.9,44.16
2020-12-20,1 wk ahead inc death,2020-12-26,23,quantile,0.75,43.58
2020-12-20,1 wk ahead inc death,2020-12-26,23,quantile,0.5,43.16
2020-12-20,1 wk ahead inc death,2020-12-26,23,quantile,0.025,41.38
2020-12-20,1 wk ahead inc death,2020-12-26,23,quantile,0.1,42.05
2020-12-20,1 wk ahead inc death,2020-12-26,23,quantile,0.25,42.48
2020-12-20,1 wk ahead inc death,2020-12-26,23,quantile,0.975,44.69
2020-12-20,1 wk ahead inc death,2020-12-26,24,quantile,0.5,269.28
2020-12-20,1 wk ahead inc death,2020-12-26,24,quantile,0.975,273.37
2020-12-20,1 wk ahead inc death,2020-12-26,24,quantile,0.025,264.05
2020-12-20,1 wk ahead inc death,2020-12-26,24,quantile,0.1,265.53
2020-12-20,1 wk ahead inc death,2020-12-26,24,quantile,0.9,271.98
2020-12-20,1 wk ahead inc death,2020-12-26,24,quantile,0.75,270.73
2020-12-20,1 wk ahead inc death,2020-12-26,24,quantile,0.25,267.21
2020-12-20,1 wk ahead inc death,2020-12-26,25,quantile,0.9,357.91
2020-12-20,1 wk ahead inc death,2020-12-26,25,quantile,0.975,359.93
2020-12-20,1 wk ahead inc death,2020-12-26,25,quantile,0.025,346.38
2020-12-20,1 wk ahead inc death,2020-12-26,25,quantile,0.75,356.24
2020-12-20,1 wk ahead inc death,2020-12-26,25,quantile,0.1,348.79
2020-12-20,1 wk ahead inc death,2020-12-26,25,quantile,0.5,353.71
2020-12-20,1 wk ahead inc death,2020-12-26,25,quantile,0.25,351.16
2020-12-20,1 wk ahead inc death,2020-12-26,26,quantile,0.75,722.78
2020-12-20,1 wk ahead inc death,2020-12-26,26,quantile,0.025,706.47
2020-12-20,1 wk ahead inc death,2020-12-26,26,quantile,0.1,710.42
2020-12-20,1 wk ahead inc death,2020-12-26,26,quantile,0.25,714.23
2020-12-20,1 wk ahead inc death,2020-12-26,26,quantile,0.9,726.35
2020-12-20,1 wk ahead inc death,2020-12-26,26,quantile,0.5,718.69
2020-12-20,1 wk ahead inc death,2020-12-26,26,quantile,0.975,729.59
2020-12-20,1 wk ahead inc death,2020-12-26,27,quantile,0.1,360.39
2020-12-20,1 wk ahead inc death,2020-12-26,27,quantile,0.025,357.93
2020-12-20,1 wk ahead inc death,2020-12-26,27,quantile,0.9,369.65
2020-12-20,1 wk ahead inc death,2020-12-26,27,quantile,0.5,365.21
2020-12-20,1 wk ahead inc death,2020-12-26,27,quantile,0.25,362.25
2020-12-20,1 wk ahead inc death,2020-12-26,27,quantile,0.75,367.58
2020-12-20,1 wk ahead inc death,2020-12-26,27,quantile,0.975,370.25
2020-12-20,1 wk ahead inc death,2020-12-26,28,quantile,0.5,210.04
2020-12-20,1 wk ahead inc death,2020-12-26,28,quantile,0.975,215.38
2020-12-20,1 wk ahead inc death,2020-12-26,28,quantile,0.25,208.30
2020-12-20,1 wk ahead inc death,2020-12-26,28,quantile,0.9,214.07
2020-12-20,1 wk ahead inc death,2020-12-26,28,quantile,0.1,206.40
2020-12-20,1 wk ahead inc death,2020-12-26,28,quantile,0.75,211.85
2020-12-20,1 wk ahead inc death,2020-12-26,28,quantile,0.025,204.42
2020-12-20,1 wk ahead inc death,2020-12-26,29,quantile,0.75,397.45
2020-12-20,1 wk ahead inc death,2020-12-26,29,quantile,0.9,399.70
2020-12-20,1 wk ahead inc death,2020-12-26,29,quantile,0.975,403.19
2020-12-20,1 wk ahead inc death,2020-12-26,29,quantile,0.5,394.87
2020-12-20,1 wk ahead inc death,2020-12-26,29,quantile,0.1,388.01
2020-12-20,1 wk ahead inc death,2020-12-26,29,quantile,0.025,383.88
2020-12-20,1 wk ahead inc death,2020-12-26,29,quantile,0.25,391.44
2020-12-20,1 wk ahead inc death,2020-12-26,30,quantile,0.975,67.95
2020-12-20,1 wk ahead inc death,2020-12-26,30,quantile,0.75,65.17
2020-12-20,1 wk ahead inc death,2020-12-26,30,quantile,0.025,60.39
2020-12-20,1 wk ahead inc death,2020-12-26,30,quantile,0.9,65.96
2020-12-20,1 wk ahead inc death,2020-12-26,30,quantile,0.1,61.16
2020-12-20,1 wk ahead inc death,2020-12-26,30,quantile,0.5,64.02
2020-12-20,1 wk ahead inc death,2020-12-26,30,quantile,0.25,62.57
2020-12-20,1 wk ahead inc death,2020-12-26,31,quantile,0.1,128.83
2020-12-20,1 wk ahead inc death,2020-12-26,31,quantile,0.025,127.08
2020-12-20,1 wk ahead inc death,2020-12-26,31,quantile,0.9,135.52
2020-12-20,1 wk ahead inc death,2020-12-26,31,quantile,0.25,130.41
2020-12-20,1 wk ahead inc death,2020-12-26,31,quantile,0.75,133.92
2020-12-20,1 wk ahead inc death,2020-12-26,31,quantile,0.5,132.04
2020-12-20,1 wk ahead inc death,2020-12-26,31,quantile,0.975,138.24
2020-12-20,1 wk ahead inc death,2020-12-26,32,quantile,0.975,231.44
2020-12-20,1 wk ahead inc death,2020-12-26,32,quantile,0.9,230.05
2020-12-20,1 wk ahead inc death,2020-12-26,32,quantile,0.25,226.14
2020-12-20,1 wk ahead inc death,2020-12-26,32,quantile,0.025,223.24
2020-12-20,1 wk ahead inc death,2020-12-26,32,quantile,0.75,228.72
2020-12-20,1 wk ahead inc death,2020-12-26,32,quantile,0.5,227.41
2020-12-20,1 wk ahead inc death,2020-12-26,32,quantile,0.1,224.95
2020-12-20,1 wk ahead inc death,2020-12-26,33,quantile,0.9,62.45
2020-12-20,1 wk ahead inc death,2020-12-26,33,quantile,0.25,60.68
2020-12-20,1 wk ahead inc death,2020-12-26,33,quantile,0.025,59.43
2020-12-20,1 wk ahead inc death,2020-12-26,33,quantile,0.1,60.12
2020-12-20,1 wk ahead inc death,2020-12-26,33,quantile,0.5,61.32
2020-12-20,1 wk ahead inc death,2020-12-26,33,quantile,0.975,63.12
2020-12-20,1 wk ahead inc death,2020-12-26,33,quantile,0.75,62.00
2020-12-20,1 wk ahead inc death,2020-12-26,34,quantile,0.975,444.54
2020-12-20,1 wk ahead inc death,2020-12-26,34,quantile,0.75,440.27
2020-12-20,1 wk ahead inc death,2020-12-26,34,quantile,0.9,442.86
2020-12-20,1 wk ahead inc death,2020-12-26,34,quantile,0.1,431.63
2020-12-20,1 wk ahead inc death,2020-12-26,34,quantile,0.5,437.70
2020-12-20,1 wk ahead inc death,2020-12-26,34,quantile,0.025,429.85
2020-12-20,1 wk ahead inc death,2020-12-26,34,quantile,0.25,434.86
2020-12-20,1 wk ahead inc death,2020-12-26,35,quantile,0.75,193.59
2020-12-20,1 wk ahead inc death,2020-12-26,35,quantile,0.9,194.63
2020-12-20,1 wk ahead inc death,2020-12-26,35,quantile,0.1,189.32
2020-12-20,1 wk ahead inc death,2020-12-26,35,quantile,0.25,190.40
2020-12-20,1 wk ahead inc death,2020-12-26,35,quantile,0.025,188.01
2020-12-20,1 wk ahead inc death,2020-12-26,35,quantile,0.5,192.12
2020-12-20,1 wk ahead inc death,2020-12-26,35,quantile,0.975,195.64
2020-12-20,1 wk ahead inc death,2020-12-26,36,quantile,0.25,863.21
2020-12-20,1 wk ahead inc death,2020-12-26,36,quantile,0.1,856.45
2020-12-20,1 wk ahead inc death,2020-12-26,36,quantile,0.5,867.79
2020-12-20,1 wk ahead inc death,2020-12-26,36,quantile,0.9,877.37
2020-12-20,1 wk ahead inc death,2020-12-26,36,quantile,0.75,872.31
2020-12-20,1 wk ahead inc death,2020-12-26,36,quantile,0.975,880.28
2020-12-20,1 wk ahead inc death,2020-12-26,36,quantile,0.025,850.53
2020-12-20,1 wk ahead inc death,2020-12-26,37,quantile,0.1,436.60
2020-12-20,1 wk ahead inc death,2020-12-26,37,quantile,0.9,448.39
2020-12-20,1 wk ahead inc death,2020-12-26,37,quantile,0.75,445.52
2020-12-20,1 wk ahead inc death,2020-12-26,37,quantile,0.25,440.17
2020-12-20,1 wk ahead inc death,2020-12-26,37,quantile,0.025,434.12
2020-12-20,1 wk ahead inc death,2020-12-26,37,quantile,0.975,450.12
2020-12-20,1 wk ahead inc death,2020-12-26,37,quantile,0.5,442.79
2020-12-20,1 wk ahead inc death,2020-12-26,38,quantile,0.025,50.74
2020-12-20,1 wk ahead inc death,2020-12-26,38,quantile,0.75,54.38
2020-12-20,1 wk ahead inc death,2020-12-26,38,quantile,0.975,57.65
2020-12-20,1 wk ahead inc death,2020-12-26,38,quantile,0.1,51.50
2020-12-20,1 wk ahead inc death,2020-12-26,38,quantile,0.5,53.68
2020-12-20,1 wk ahead inc death,2020-12-26,38,quantile,0.25,52.39
2020-12-20,1 wk ahead inc death,2020-12-26,38,quantile,0.9,55.76
2020-12-20,1 wk ahead inc death,2020-12-26,39,quantile,0.975,610.37
2020-12-20,1 wk ahead inc death,2020-12-26,39,quantile,0.75,603.45
2020-12-20,1 wk ahead inc death,2020-12-26,39,quantile,0.025,583.02
2020-12-20,1 wk ahead inc death,2020-12-26,39,quantile,0.1,587.47
2020-12-20,1 wk ahead inc death,2020-12-26,39,quantile,0.25,594.86
2020-12-20,1 wk ahead inc death,2020-12-26,39,quantile,0.9,605.84
2020-12-20,1 wk ahead inc death,2020-12-26,39,quantile,0.5,599.30
2020-12-20,1 wk ahead inc death,2020-12-26,40,quantile,0.9,214.85
2020-12-20,1 wk ahead inc death,2020-12-26,40,quantile,0.75,212.35
2020-12-20,1 wk ahead inc death,2020-12-26,40,quantile,0.5,210.20
2020-12-20,1 wk ahead inc death,2020-12-26,40,quantile,0.025,202.83
2020-12-20,1 wk ahead inc death,2020-12-26,40,quantile,0.975,216.01
2020-12-20,1 wk ahead inc death,2020-12-26,40,quantile,0.25,207.33
2020-12-20,1 wk ahead inc death,2020-12-26,40,quantile,0.1,204.80
2020-12-20,1 wk ahead inc death,2020-12-26,41,quantile,0.9,177.41
2020-12-20,1 wk ahead inc death,2020-12-26,41,quantile,0.975,178.86
2020-12-20,1 wk ahead inc death,2020-12-26,41,quantile,0.75,176.32
2020-12-20,1 wk ahead inc death,2020-12-26,41,quantile,0.025,170.78
2020-12-20,1 wk ahead inc death,2020-12-26,41,quantile,0.25,173.66
2020-12-20,1 wk ahead inc death,2020-12-26,41,quantile,0.5,175.14
2020-12-20,1 wk ahead inc death,2020-12-26,41,quantile,0.1,172.34
2020-12-20,1 wk ahead inc death,2020-12-26,42,quantile,0.975,1268.45
2020-12-20,1 wk ahead inc death,2020-12-26,42,quantile,0.9,1264.80
2020-12-20,1 wk ahead inc death,2020-12-26,42,quantile,0.025,1239.89
2020-12-20,1 wk ahead inc death,2020-12-26,42,quantile,0.1,1243.67
2020-12-20,1 wk ahead inc death,2020-12-26,42,quantile,0.25,1248.44
2020-12-20,1 wk ahead inc death,2020-12-26,42,quantile,0.75,1259.88
2020-12-20,1 wk ahead inc death,2020-12-26,42,quantile,0.5,1254.28
2020-12-20,1 wk ahead inc death,2020-12-26,44,quantile,0.1,107.05
2020-12-20,1 wk ahead inc death,2020-12-26,44,quantile,0.25,107.47
2020-12-20,1 wk ahead inc death,2020-12-26,44,quantile,0.75,109.22
2020-12-20,1 wk ahead inc death,2020-12-26,44,quantile,0.5,108.38
2020-12-20,1 wk ahead inc death,2020-12-26,44,quantile,0.975,111.10
2020-12-20,1 wk ahead inc death,2020-12-26,44,quantile,0.9,109.82
2020-12-20,1 wk ahead inc death,2020-12-26,44,quantile,0.025,105.49
2020-12-20,1 wk ahead inc death,2020-12-26,45,quantile,0.5,239.64
2020-12-20,1 wk ahead inc death,2020-12-26,45,quantile,0.025,233.84
2020-12-20,1 wk ahead inc death,2020-12-26,45,quantile,0.25,237.33
2020-12-20,1 wk ahead inc death,2020-12-26,45,quantile,0.1,235.50
2020-12-20,1 wk ahead inc death,2020-12-26,45,quantile,0.9,243.18
2020-12-20,1 wk ahead inc death,2020-12-26,45,quantile,0.75,242.07
2020-12-20,1 wk ahead inc death,2020-12-26,45,quantile,0.975,244.83
2020-12-20,1 wk ahead inc death,2020-12-26,46,quantile,0.975,86.94
2020-12-20,1 wk ahead inc death,2020-12-26,46,quantile,0.1,80.01
2020-12-20,1 wk ahead inc death,2020-12-26,46,quantile,0.9,85.52
2020-12-20,1 wk ahead inc death,2020-12-26,46,quantile,0.025,78.26
2020-12-20,1 wk ahead inc death,2020-12-26,46,quantile,0.25,80.82
2020-12-20,1 wk ahead inc death,2020-12-26,46,quantile,0.75,83.50
2020-12-20,1 wk ahead inc death,2020-12-26,46,quantile,0.5,82.61
2020-12-20,1 wk ahead inc death,2020-12-26,47,quantile,0.9,618.75
2020-12-20,1 wk ahead inc death,2020-12-26,47,quantile,0.25,608.25
2020-12-20,1 wk ahead inc death,2020-12-26,47,quantile,0.5,612.39
2020-12-20,1 wk ahead inc death,2020-12-26,47,quantile,0.975,621.32
2020-12-20,1 wk ahead inc death,2020-12-26,47,quantile,0.1,604.17
2020-12-20,1 wk ahead inc death,2020-12-26,47,quantile,0.75,616.55
2020-12-20,1 wk ahead inc death,2020-12-26,47,quantile,0.025,602.61
2020-12-20,1 wk ahead inc death,2020-12-26,48,quantile,0.25,1498.35
2020-12-20,1 wk ahead inc death,2020-12-26,48,quantile,0.5,1506.32
2020-12-20,1 wk ahead inc death,2020-12-26,48,quantile,0.975,1535.44
2020-12-20,1 wk ahead inc death,2020-12-26,48,quantile,0.025,1474.72
2020-12-20,1 wk ahead inc death,2020-12-26,48,quantile,0.1,1481.71
2020-12-20,1 wk ahead inc death,2020-12-26,48,quantile,0.75,1520.76
2020-12-20,1 wk ahead inc death,2020-12-26,48,quantile,0.9,1526.47
2020-12-20,1 wk ahead inc death,2020-12-26,49,quantile,0.75,91.51
2020-12-20,1 wk ahead inc death,2020-12-26,49,quantile,0.9,92.64
2020-12-20,1 wk ahead inc death,2020-12-26,49,quantile,0.1,88.46
2020-12-20,1 wk ahead inc death,2020-12-26,49,quantile,0.025,86.95
2020-12-20,1 wk ahead inc death,2020-12-26,49,quantile,0.25,89.18
2020-12-20,1 wk ahead inc death,2020-12-26,49,quantile,0.5,90.57
2020-12-20,1 wk ahead inc death,2020-12-26,49,quantile,0.975,93.22
2020-12-20,1 wk ahead inc death,2020-12-26,50,quantile,0.5,13.82
2020-12-20,1 wk ahead inc death,2020-12-26,50,quantile,0.25,13.54
2020-12-20,1 wk ahead inc death,2020-12-26,50,quantile,0.9,14.60
2020-12-20,1 wk ahead inc death,2020-12-26,50,quantile,0.975,14.81
2020-12-20,1 wk ahead inc death,2020-12-26,50,quantile,0.1,13.24
2020-12-20,1 wk ahead inc death,2020-12-26,50,quantile,0.75,14.19
2020-12-20,1 wk ahead inc death,2020-12-26,50,quantile,0.025,13.03
2020-12-20,1 wk ahead inc death,2020-12-26,51,quantile,0.975,270.05
2020-12-20,1 wk ahead inc death,2020-12-26,51,quantile,0.1,255.61
2020-12-20,1 wk ahead inc death,2020-12-26,51,quantile,0.5,263.11
2020-12-20,1 wk ahead inc death,2020-12-26,51,quantile,0.25,259.45
2020-12-20,1 wk ahead inc death,2020-12-26,51,quantile,0.75,265.56
2020-12-20,1 wk ahead inc death,2020-12-26,51,quantile,0.9,268.17
2020-12-20,1 wk ahead inc death,2020-12-26,51,quantile,0.025,253.66
2020-12-20,1 wk ahead inc death,2020-12-26,53,quantile,0.25,163.85
2020-12-20,1 wk ahead inc death,2020-12-26,53,quantile,0.025,161.64
2020-12-20,1 wk ahead inc death,2020-12-26,53,quantile,0.1,162.87
2020-12-20,1 wk ahead inc death,2020-12-26,53,quantile,0.975,171.23
2020-12-20,1 wk ahead inc death,2020-12-26,53,quantile,0.9,169.17
2020-12-20,1 wk ahead inc death,2020-12-26,53,quantile,0.5,166.28
2020-12-20,1 wk ahead inc death,2020-12-26,53,quantile,0.75,167.95
2020-12-20,1 wk ahead inc death,2020-12-26,54,quantile,0.75,154.92
2020-12-20,1 wk ahead inc death,2020-12-26,54,quantile,0.5,153.41
2020-12-20,1 wk ahead inc death,2020-12-26,54,quantile,0.025,149.20
2020-12-20,1 wk ahead inc death,2020-12-26,54,quantile,0.975,157.36
2020-12-20,1 wk ahead inc death,2020-12-26,54,quantile,0.25,151.96
2020-12-20,1 wk ahead inc death,2020-12-26,54,quantile,0.9,155.90
2020-12-20,1 wk ahead inc death,2020-12-26,54,quantile,0.1,150.41
2020-12-20,1 wk ahead inc death,2020-12-26,55,quantile,0.025,374.98
2020-12-20,1 wk ahead inc death,2020-12-26,55,quantile,0.975,389.76
2020-12-20,1 wk ahead inc death,2020-12-26,55,quantile,0.75,385.70
2020-12-20,1 wk ahead inc death,2020-12-26,55,quantile,0.5,383.63
2020-12-20,1 wk ahead inc death,2020-12-26,55,quantile,0.9,387.01
2020-12-20,1 wk ahead inc death,2020-12-26,55,quantile,0.1,377.64
2020-12-20,1 wk ahead inc death,2020-12-26,55,quantile,0.25,380.71
2020-12-20,1 wk ahead inc death,2020-12-26,56,quantile,0.9,39.19
2020-12-20,1 wk ahead inc death,2020-12-26,56,quantile,0.75,38.97
2020-12-20,1 wk ahead inc death,2020-12-26,56,quantile,0.5,38.20
2020-12-20,1 wk ahead inc death,2020-12-26,56,quantile,0.25,37.73
2020-12-20,1 wk ahead inc death,2020-12-26,56,quantile,0.025,36.29
2020-12-20,1 wk ahead inc death,2020-12-26,56,quantile,0.1,37.11
2020-12-20,1 wk ahead inc death,2020-12-26,56,quantile,0.975,40.09
2020-12-20,2 wk ahead inc death,2021-01-02,01,point,NA,309.91
2020-12-20,2 wk ahead inc death,2021-01-02,02,point,NA,28.11
2020-12-20,2 wk ahead inc death,2021-01-02,04,point,NA,612.69
2020-12-20,2 wk ahead inc death,2021-01-02,05,point,NA,236.92
2020-12-20,2 wk ahead inc death,2021-01-02,06,point,NA,2242.21
2020-12-20,2 wk ahead inc death,2021-01-02,08,point,NA,359.56
2020-12-20,2 wk ahead inc death,2021-01-02,09,point,NA,203.11
2020-12-20,2 wk ahead inc death,2021-01-02,10,point,NA,44.88
2020-12-20,2 wk ahead inc death,2021-01-02,11,point,NA,17.36
2020-12-20,2 wk ahead inc death,2021-01-02,12,point,NA,870.94
2020-12-20,2 wk ahead inc death,2021-01-02,13,point,NA,434.28
2020-12-20,2 wk ahead inc death,2021-01-02,15,point,NA,11.11
2020-12-20,2 wk ahead inc death,2021-01-02,16,point,NA,117.51
2020-12-20,2 wk ahead inc death,2021-01-02,17,point,NA,901.28
2020-12-20,2 wk ahead inc death,2021-01-02,18,point,NA,536.76
2020-12-20,2 wk ahead inc death,2021-01-02,19,point,NA,259.31
2020-12-20,2 wk ahead inc death,2021-01-02,20,point,NA,271.25
2020-12-20,2 wk ahead inc death,2021-01-02,21,point,NA,257.89
2020-12-20,2 wk ahead inc death,2021-01-02,22,point,NA,239.96
2020-12-20,2 wk ahead inc death,2021-01-02,23,point,NA,41.84
2020-12-20,2 wk ahead inc death,2021-01-02,24,point,NA,250.01
2020-12-20,2 wk ahead inc death,2021-01-02,25,point,NA,343.48
2020-12-20,2 wk ahead inc death,2021-01-02,26,point,NA,676.74
2020-12-20,2 wk ahead inc death,2021-01-02,27,point,NA,317.90
2020-12-20,2 wk ahead inc death,2021-01-02,28,point,NA,205.24
2020-12-20,2 wk ahead inc death,2021-01-02,29,point,NA,398.27
2020-12-20,2 wk ahead inc death,2021-01-02,30,point,NA,67.66
2020-12-20,2 wk ahead inc death,2021-01-02,31,point,NA,134.15
2020-12-20,2 wk ahead inc death,2021-01-02,32,point,NA,225.95
2020-12-20,2 wk ahead inc death,2021-01-02,33,point,NA,64.47
2020-12-20,2 wk ahead inc death,2021-01-02,34,point,NA,431.47
2020-12-20,2 wk ahead inc death,2021-01-02,35,point,NA,186.35
2020-12-20,2 wk ahead inc death,2021-01-02,36,point,NA,867.70
2020-12-20,2 wk ahead inc death,2021-01-02,37,point,NA,453.23
2020-12-20,2 wk ahead inc death,2021-01-02,38,point,NA,46.33
2020-12-20,2 wk ahead inc death,2021-01-02,39,point,NA,601.00
2020-12-20,2 wk ahead inc death,2021-01-02,40,point,NA,234.01
2020-12-20,2 wk ahead inc death,2021-01-02,41,point,NA,169.83
2020-12-20,2 wk ahead inc death,2021-01-02,42,point,NA,1125.29
2020-12-20,2 wk ahead inc death,2021-01-02,44,point,NA,103.75
2020-12-20,2 wk ahead inc death,2021-01-02,45,point,NA,246.43
2020-12-20,2 wk ahead inc death,2021-01-02,46,point,NA,80.43
2020-12-20,2 wk ahead inc death,2021-01-02,47,point,NA,579.62
2020-12-20,2 wk ahead inc death,2021-01-02,48,point,NA,1615.12
2020-12-20,2 wk ahead inc death,2021-01-02,49,point,NA,103.31
2020-12-20,2 wk ahead inc death,2021-01-02,50,point,NA,16.63
2020-12-20,2 wk ahead inc death,2021-01-02,51,point,NA,284.35
2020-12-20,2 wk ahead inc death,2021-01-02,53,point,NA,180.56
2020-12-20,2 wk ahead inc death,2021-01-02,54,point,NA,147.84
2020-12-20,2 wk ahead inc death,2021-01-02,55,point,NA,360.78
2020-12-20,2 wk ahead inc death,2021-01-02,56,point,NA,39.28
2020-12-20,2 wk ahead inc death,2021-01-02,01,quantile,0.025,301.18
2020-12-20,2 wk ahead inc death,2021-01-02,01,quantile,0.975,318.40
2020-12-20,2 wk ahead inc death,2021-01-02,01,quantile,0.1,304.20
2020-12-20,2 wk ahead inc death,2021-01-02,01,quantile,0.75,312.65
2020-12-20,2 wk ahead inc death,2021-01-02,01,quantile,0.5,310.24
2020-12-20,2 wk ahead inc death,2021-01-02,01,quantile,0.9,315.89
2020-12-20,2 wk ahead inc death,2021-01-02,01,quantile,0.25,306.74
2020-12-20,2 wk ahead inc death,2021-01-02,02,quantile,0.1,26.31
2020-12-20,2 wk ahead inc death,2021-01-02,02,quantile,0.5,28.04
2020-12-20,2 wk ahead inc death,2021-01-02,02,quantile,0.975,30.83
2020-12-20,2 wk ahead inc death,2021-01-02,02,quantile,0.25,27.30
2020-12-20,2 wk ahead inc death,2021-01-02,02,quantile,0.75,28.90
2020-12-20,2 wk ahead inc death,2021-01-02,02,quantile,0.025,25.58
2020-12-20,2 wk ahead inc death,2021-01-02,02,quantile,0.9,29.96
2020-12-20,2 wk ahead inc death,2021-01-02,04,quantile,0.25,606.66
2020-12-20,2 wk ahead inc death,2021-01-02,04,quantile,0.9,621.87
2020-12-20,2 wk ahead inc death,2021-01-02,04,quantile,0.5,612.74
2020-12-20,2 wk ahead inc death,2021-01-02,04,quantile,0.75,618.33
2020-12-20,2 wk ahead inc death,2021-01-02,04,quantile,0.1,600.39
2020-12-20,2 wk ahead inc death,2021-01-02,04,quantile,0.025,597.76
2020-12-20,2 wk ahead inc death,2021-01-02,04,quantile,0.975,629.26
2020-12-20,2 wk ahead inc death,2021-01-02,05,quantile,0.5,236.94
2020-12-20,2 wk ahead inc death,2021-01-02,05,quantile,0.1,230.97
2020-12-20,2 wk ahead inc death,2021-01-02,05,quantile,0.25,234.44
2020-12-20,2 wk ahead inc death,2021-01-02,05,quantile,0.9,242.34
2020-12-20,2 wk ahead inc death,2021-01-02,05,quantile,0.025,228.29
2020-12-20,2 wk ahead inc death,2021-01-02,05,quantile,0.975,244.98
2020-12-20,2 wk ahead inc death,2021-01-02,05,quantile,0.75,240.00
2020-12-20,2 wk ahead inc death,2021-01-02,06,quantile,0.1,2190.17
2020-12-20,2 wk ahead inc death,2021-01-02,06,quantile,0.25,2218.38
2020-12-20,2 wk ahead inc death,2021-01-02,06,quantile,0.9,2293.12
2020-12-20,2 wk ahead inc death,2021-01-02,06,quantile,0.975,2316.91
2020-12-20,2 wk ahead inc death,2021-01-02,06,quantile,0.75,2270.65
2020-12-20,2 wk ahead inc death,2021-01-02,06,quantile,0.5,2244.06
2020-12-20,2 wk ahead inc death,2021-01-02,06,quantile,0.025,2154.02
2020-12-20,2 wk ahead inc death,2021-01-02,08,quantile,0.75,362.89
2020-12-20,2 wk ahead inc death,2021-01-02,08,quantile,0.1,352.53
2020-12-20,2 wk ahead inc death,2021-01-02,08,quantile,0.5,359.87
2020-12-20,2 wk ahead inc death,2021-01-02,08,quantile,0.25,356.44
2020-12-20,2 wk ahead inc death,2021-01-02,08,quantile,0.975,369.74
2020-12-20,2 wk ahead inc death,2021-01-02,08,quantile,0.025,348.54
2020-12-20,2 wk ahead inc death,2021-01-02,08,quantile,0.9,366.53
2020-12-20,2 wk ahead inc death,2021-01-02,09,quantile,0.025,195.67
2020-12-20,2 wk ahead inc death,2021-01-02,09,quantile,0.75,206.10
2020-12-20,2 wk ahead inc death,2021-01-02,09,quantile,0.25,200.31
2020-12-20,2 wk ahead inc death,2021-01-02,09,quantile,0.9,207.41
2020-12-20,2 wk ahead inc death,2021-01-02,09,quantile,0.5,203.18
2020-12-20,2 wk ahead inc death,2021-01-02,09,quantile,0.975,208.87
2020-12-20,2 wk ahead inc death,2021-01-02,09,quantile,0.1,198.89
2020-12-20,2 wk ahead inc death,2021-01-02,10,quantile,0.9,46.73
2020-12-20,2 wk ahead inc death,2021-01-02,10,quantile,0.975,47.91
2020-12-20,2 wk ahead inc death,2021-01-02,10,quantile,0.5,44.67
2020-12-20,2 wk ahead inc death,2021-01-02,10,quantile,0.25,43.90
2020-12-20,2 wk ahead inc death,2021-01-02,10,quantile,0.75,45.89
2020-12-20,2 wk ahead inc death,2021-01-02,10,quantile,0.025,42.60
2020-12-20,2 wk ahead inc death,2021-01-02,10,quantile,0.1,43.14
2020-12-20,2 wk ahead inc death,2021-01-02,11,quantile,0.025,16.09
2020-12-20,2 wk ahead inc death,2021-01-02,11,quantile,0.25,16.88
2020-12-20,2 wk ahead inc death,2021-01-02,11,quantile,0.1,16.43
2020-12-20,2 wk ahead inc death,2021-01-02,11,quantile,0.9,18.43
2020-12-20,2 wk ahead inc death,2021-01-02,11,quantile,0.975,18.94
2020-12-20,2 wk ahead inc death,2021-01-02,11,quantile,0.5,17.31
2020-12-20,2 wk ahead inc death,2021-01-02,11,quantile,0.75,17.75
2020-12-20,2 wk ahead inc death,2021-01-02,12,quantile,0.1,850.82
2020-12-20,2 wk ahead inc death,2021-01-02,12,quantile,0.9,893.19
2020-12-20,2 wk ahead inc death,2021-01-02,12,quantile,0.5,872.64
2020-12-20,2 wk ahead inc death,2021-01-02,12,quantile,0.25,857.99
2020-12-20,2 wk ahead inc death,2021-01-02,12,quantile,0.025,844.97
2020-12-20,2 wk ahead inc death,2021-01-02,12,quantile,0.975,898.72
2020-12-20,2 wk ahead inc death,2021-01-02,12,quantile,0.75,880.75
2020-12-20,2 wk ahead inc death,2021-01-02,13,quantile,0.25,428.82
2020-12-20,2 wk ahead inc death,2021-01-02,13,quantile,0.75,440.70
2020-12-20,2 wk ahead inc death,2021-01-02,13,quantile,0.5,436.75
2020-12-20,2 wk ahead inc death,2021-01-02,13,quantile,0.9,444.85
2020-12-20,2 wk ahead inc death,2021-01-02,13,quantile,0.1,419.05
2020-12-20,2 wk ahead inc death,2021-01-02,13,quantile,0.975,451.58
2020-12-20,2 wk ahead inc death,2021-01-02,13,quantile,0.025,412.10
2020-12-20,2 wk ahead inc death,2021-01-02,15,quantile,0.975,11.93
2020-12-20,2 wk ahead inc death,2021-01-02,15,quantile,0.9,11.72
2020-12-20,2 wk ahead inc death,2021-01-02,15,quantile,0.1,10.45
2020-12-20,2 wk ahead inc death,2021-01-02,15,quantile,0.25,10.81
2020-12-20,2 wk ahead inc death,2021-01-02,15,quantile,0.75,11.46
2020-12-20,2 wk ahead inc death,2021-01-02,15,quantile,0.5,11.15
2020-12-20,2 wk ahead inc death,2021-01-02,15,quantile,0.025,10.15
2020-12-20,2 wk ahead inc death,2021-01-02,16,quantile,0.025,112.69
2020-12-20,2 wk ahead inc death,2021-01-02,16,quantile,0.5,117.43
2020-12-20,2 wk ahead inc death,2021-01-02,16,quantile,0.25,115.98
2020-12-20,2 wk ahead inc death,2021-01-02,16,quantile,0.975,122.14
2020-12-20,2 wk ahead inc death,2021-01-02,16,quantile,0.75,119.09
2020-12-20,2 wk ahead inc death,2021-01-02,16,quantile,0.9,120.96
2020-12-20,2 wk ahead inc death,2021-01-02,16,quantile,0.1,114.52
2020-12-20,2 wk ahead inc death,2021-01-02,17,quantile,0.25,893.84
2020-12-20,2 wk ahead inc death,2021-01-02,17,quantile,0.75,910.89
2020-12-20,2 wk ahead inc death,2021-01-02,17,quantile,0.5,900.97
2020-12-20,2 wk ahead inc death,2021-01-02,17,quantile,0.9,921.43
2020-12-20,2 wk ahead inc death,2021-01-02,17,quantile,0.1,878.84
2020-12-20,2 wk ahead inc death,2021-01-02,17,quantile,0.975,931.13
2020-12-20,2 wk ahead inc death,2021-01-02,17,quantile,0.025,868.41
2020-12-20,2 wk ahead inc death,2021-01-02,18,quantile,0.9,545.84
2020-12-20,2 wk ahead inc death,2021-01-02,18,quantile,0.75,541.35
2020-12-20,2 wk ahead inc death,2021-01-02,18,quantile,0.1,526.05
2020-12-20,2 wk ahead inc death,2021-01-02,18,quantile,0.975,552.43
2020-12-20,2 wk ahead inc death,2021-01-02,18,quantile,0.25,531.92
2020-12-20,2 wk ahead inc death,2021-01-02,18,quantile,0.025,523.31
2020-12-20,2 wk ahead inc death,2021-01-02,18,quantile,0.5,536.97
2020-12-20,2 wk ahead inc death,2021-01-02,19,quantile,0.25,256.25
2020-12-20,2 wk ahead inc death,2021-01-02,19,quantile,0.5,258.93
2020-12-20,2 wk ahead inc death,2021-01-02,19,quantile,0.1,252.34
2020-12-20,2 wk ahead inc death,2021-01-02,19,quantile,0.9,266.85
2020-12-20,2 wk ahead inc death,2021-01-02,19,quantile,0.75,262.95
2020-12-20,2 wk ahead inc death,2021-01-02,19,quantile,0.025,247.36
2020-12-20,2 wk ahead inc death,2021-01-02,19,quantile,0.975,271.45
2020-12-20,2 wk ahead inc death,2021-01-02,20,quantile,0.025,260.05
2020-12-20,2 wk ahead inc death,2021-01-02,20,quantile,0.975,284.12
2020-12-20,2 wk ahead inc death,2021-01-02,20,quantile,0.5,271.54
2020-12-20,2 wk ahead inc death,2021-01-02,20,quantile,0.25,267.62
2020-12-20,2 wk ahead inc death,2021-01-02,20,quantile,0.75,274.63
2020-12-20,2 wk ahead inc death,2021-01-02,20,quantile,0.9,279.53
2020-12-20,2 wk ahead inc death,2021-01-02,20,quantile,0.1,263.99
2020-12-20,2 wk ahead inc death,2021-01-02,21,quantile,0.1,248.77
2020-12-20,2 wk ahead inc death,2021-01-02,21,quantile,0.25,253.45
2020-12-20,2 wk ahead inc death,2021-01-02,21,quantile,0.5,258.46
2020-12-20,2 wk ahead inc death,2021-01-02,21,quantile,0.9,266.43
2020-12-20,2 wk ahead inc death,2021-01-02,21,quantile,0.025,244.06
2020-12-20,2 wk ahead inc death,2021-01-02,21,quantile,0.975,269.44
2020-12-20,2 wk ahead inc death,2021-01-02,21,quantile,0.75,262.69
2020-12-20,2 wk ahead inc death,2021-01-02,22,quantile,0.5,240.04
2020-12-20,2 wk ahead inc death,2021-01-02,22,quantile,0.9,245.80
2020-12-20,2 wk ahead inc death,2021-01-02,22,quantile,0.025,231.41
2020-12-20,2 wk ahead inc death,2021-01-02,22,quantile,0.75,243.65
2020-12-20,2 wk ahead inc death,2021-01-02,22,quantile,0.975,246.44
2020-12-20,2 wk ahead inc death,2021-01-02,22,quantile,0.25,237.27
2020-12-20,2 wk ahead inc death,2021-01-02,22,quantile,0.1,234.07
2020-12-20,2 wk ahead inc death,2021-01-02,23,quantile,0.9,43.10
2020-12-20,2 wk ahead inc death,2021-01-02,23,quantile,0.75,42.48
2020-12-20,2 wk ahead inc death,2021-01-02,23,quantile,0.5,41.98
2020-12-20,2 wk ahead inc death,2021-01-02,23,quantile,0.025,39.89
2020-12-20,2 wk ahead inc death,2021-01-02,23,quantile,0.1,40.52
2020-12-20,2 wk ahead inc death,2021-01-02,23,quantile,0.25,41.17
2020-12-20,2 wk ahead inc death,2021-01-02,23,quantile,0.975,43.52
2020-12-20,2 wk ahead inc death,2021-01-02,24,quantile,0.5,250.51
2020-12-20,2 wk ahead inc death,2021-01-02,24,quantile,0.975,255.47
2020-12-20,2 wk ahead inc death,2021-01-02,24,quantile,0.025,242.25
2020-12-20,2 wk ahead inc death,2021-01-02,24,quantile,0.1,245.13
2020-12-20,2 wk ahead inc death,2021-01-02,24,quantile,0.9,254.00
2020-12-20,2 wk ahead inc death,2021-01-02,24,quantile,0.75,252.50
2020-12-20,2 wk ahead inc death,2021-01-02,24,quantile,0.25,248.17
2020-12-20,2 wk ahead inc death,2021-01-02,25,quantile,0.9,350.63
2020-12-20,2 wk ahead inc death,2021-01-02,25,quantile,0.975,353.64
2020-12-20,2 wk ahead inc death,2021-01-02,25,quantile,0.025,332.11
2020-12-20,2 wk ahead inc death,2021-01-02,25,quantile,0.75,347.54
2020-12-20,2 wk ahead inc death,2021-01-02,25,quantile,0.1,334.91
2020-12-20,2 wk ahead inc death,2021-01-02,25,quantile,0.5,343.66
2020-12-20,2 wk ahead inc death,2021-01-02,25,quantile,0.25,340.04
2020-12-20,2 wk ahead inc death,2021-01-02,26,quantile,0.75,685.25
2020-12-20,2 wk ahead inc death,2021-01-02,26,quantile,0.025,655.13
2020-12-20,2 wk ahead inc death,2021-01-02,26,quantile,0.1,660.25
2020-12-20,2 wk ahead inc death,2021-01-02,26,quantile,0.25,667.45
2020-12-20,2 wk ahead inc death,2021-01-02,26,quantile,0.9,694.48
2020-12-20,2 wk ahead inc death,2021-01-02,26,quantile,0.5,675.99
2020-12-20,2 wk ahead inc death,2021-01-02,26,quantile,0.975,699.02
2020-12-20,2 wk ahead inc death,2021-01-02,27,quantile,0.1,310.55
2020-12-20,2 wk ahead inc death,2021-01-02,27,quantile,0.025,306.13
2020-12-20,2 wk ahead inc death,2021-01-02,27,quantile,0.9,324.34
2020-12-20,2 wk ahead inc death,2021-01-02,27,quantile,0.5,317.63
2020-12-20,2 wk ahead inc death,2021-01-02,27,quantile,0.25,314.25
2020-12-20,2 wk ahead inc death,2021-01-02,27,quantile,0.75,322.40
2020-12-20,2 wk ahead inc death,2021-01-02,27,quantile,0.975,328.77
2020-12-20,2 wk ahead inc death,2021-01-02,28,quantile,0.5,205.46
2020-12-20,2 wk ahead inc death,2021-01-02,28,quantile,0.975,215.66
2020-12-20,2 wk ahead inc death,2021-01-02,28,quantile,0.25,201.18
2020-12-20,2 wk ahead inc death,2021-01-02,28,quantile,0.9,210.76
2020-12-20,2 wk ahead inc death,2021-01-02,28,quantile,0.1,199.05
2020-12-20,2 wk ahead inc death,2021-01-02,28,quantile,0.75,208.34
2020-12-20,2 wk ahead inc death,2021-01-02,28,quantile,0.025,195.81
2020-12-20,2 wk ahead inc death,2021-01-02,29,quantile,0.75,403.82
2020-12-20,2 wk ahead inc death,2021-01-02,29,quantile,0.9,407.54
2020-12-20,2 wk ahead inc death,2021-01-02,29,quantile,0.975,413.42
2020-12-20,2 wk ahead inc death,2021-01-02,29,quantile,0.5,399.08
2020-12-20,2 wk ahead inc death,2021-01-02,29,quantile,0.1,386.76
2020-12-20,2 wk ahead inc death,2021-01-02,29,quantile,0.025,379.97
2020-12-20,2 wk ahead inc death,2021-01-02,29,quantile,0.25,393.34
2020-12-20,2 wk ahead inc death,2021-01-02,30,quantile,0.975,72.58
2020-12-20,2 wk ahead inc death,2021-01-02,30,quantile,0.75,69.26
2020-12-20,2 wk ahead inc death,2021-01-02,30,quantile,0.025,61.20
2020-12-20,2 wk ahead inc death,2021-01-02,30,quantile,0.9,71.33
2020-12-20,2 wk ahead inc death,2021-01-02,30,quantile,0.1,64.11
2020-12-20,2 wk ahead inc death,2021-01-02,30,quantile,0.5,67.83
2020-12-20,2 wk ahead inc death,2021-01-02,30,quantile,0.25,66.08
2020-12-20,2 wk ahead inc death,2021-01-02,31,quantile,0.1,128.60
2020-12-20,2 wk ahead inc death,2021-01-02,31,quantile,0.025,125.03
2020-12-20,2 wk ahead inc death,2021-01-02,31,quantile,0.9,139.43
2020-12-20,2 wk ahead inc death,2021-01-02,31,quantile,0.25,131.03
2020-12-20,2 wk ahead inc death,2021-01-02,31,quantile,0.75,136.60
2020-12-20,2 wk ahead inc death,2021-01-02,31,quantile,0.5,134.24
2020-12-20,2 wk ahead inc death,2021-01-02,31,quantile,0.975,144.57
2020-12-20,2 wk ahead inc death,2021-01-02,32,quantile,0.975,232.76
2020-12-20,2 wk ahead inc death,2021-01-02,32,quantile,0.9,230.66
2020-12-20,2 wk ahead inc death,2021-01-02,32,quantile,0.25,224.02
2020-12-20,2 wk ahead inc death,2021-01-02,32,quantile,0.025,219.03
2020-12-20,2 wk ahead inc death,2021-01-02,32,quantile,0.75,228.15
2020-12-20,2 wk ahead inc death,2021-01-02,32,quantile,0.5,225.87
2020-12-20,2 wk ahead inc death,2021-01-02,32,quantile,0.1,221.08
2020-12-20,2 wk ahead inc death,2021-01-02,33,quantile,0.9,66.53
2020-12-20,2 wk ahead inc death,2021-01-02,33,quantile,0.25,63.37
2020-12-20,2 wk ahead inc death,2021-01-02,33,quantile,0.025,61.89
2020-12-20,2 wk ahead inc death,2021-01-02,33,quantile,0.1,62.66
2020-12-20,2 wk ahead inc death,2021-01-02,33,quantile,0.5,64.36
2020-12-20,2 wk ahead inc death,2021-01-02,33,quantile,0.975,67.39
2020-12-20,2 wk ahead inc death,2021-01-02,33,quantile,0.75,65.51
2020-12-20,2 wk ahead inc death,2021-01-02,34,quantile,0.975,443.97
2020-12-20,2 wk ahead inc death,2021-01-02,34,quantile,0.75,435.90
2020-12-20,2 wk ahead inc death,2021-01-02,34,quantile,0.9,440.38
2020-12-20,2 wk ahead inc death,2021-01-02,34,quantile,0.1,423.88
2020-12-20,2 wk ahead inc death,2021-01-02,34,quantile,0.5,430.96
2020-12-20,2 wk ahead inc death,2021-01-02,34,quantile,0.025,418.57
2020-12-20,2 wk ahead inc death,2021-01-02,34,quantile,0.25,428.12
2020-12-20,2 wk ahead inc death,2021-01-02,35,quantile,0.75,189.01
2020-12-20,2 wk ahead inc death,2021-01-02,35,quantile,0.9,190.68
2020-12-20,2 wk ahead inc death,2021-01-02,35,quantile,0.1,181.68
2020-12-20,2 wk ahead inc death,2021-01-02,35,quantile,0.25,183.91
2020-12-20,2 wk ahead inc death,2021-01-02,35,quantile,0.025,179.43
2020-12-20,2 wk ahead inc death,2021-01-02,35,quantile,0.5,186.09
2020-12-20,2 wk ahead inc death,2021-01-02,35,quantile,0.975,192.31
2020-12-20,2 wk ahead inc death,2021-01-02,36,quantile,0.25,858.61
2020-12-20,2 wk ahead inc death,2021-01-02,36,quantile,0.1,848.98
2020-12-20,2 wk ahead inc death,2021-01-02,36,quantile,0.5,867.53
2020-12-20,2 wk ahead inc death,2021-01-02,36,quantile,0.9,886.11
2020-12-20,2 wk ahead inc death,2021-01-02,36,quantile,0.75,877.03
2020-12-20,2 wk ahead inc death,2021-01-02,36,quantile,0.975,890.76
2020-12-20,2 wk ahead inc death,2021-01-02,36,quantile,0.025,840.57
2020-12-20,2 wk ahead inc death,2021-01-02,37,quantile,0.1,443.32
2020-12-20,2 wk ahead inc death,2021-01-02,37,quantile,0.9,462.41
2020-12-20,2 wk ahead inc death,2021-01-02,37,quantile,0.75,457.98
2020-12-20,2 wk ahead inc death,2021-01-02,37,quantile,0.25,448.53
2020-12-20,2 wk ahead inc death,2021-01-02,37,quantile,0.025,438.00
2020-12-20,2 wk ahead inc death,2021-01-02,37,quantile,0.975,464.73
2020-12-20,2 wk ahead inc death,2021-01-02,37,quantile,0.5,453.48
2020-12-20,2 wk ahead inc death,2021-01-02,38,quantile,0.025,41.85
2020-12-20,2 wk ahead inc death,2021-01-02,38,quantile,0.75,47.70
2020-12-20,2 wk ahead inc death,2021-01-02,38,quantile,0.975,52.35
2020-12-20,2 wk ahead inc death,2021-01-02,38,quantile,0.1,42.99
2020-12-20,2 wk ahead inc death,2021-01-02,38,quantile,0.5,46.13
2020-12-20,2 wk ahead inc death,2021-01-02,38,quantile,0.25,44.74
2020-12-20,2 wk ahead inc death,2021-01-02,38,quantile,0.9,49.66
2020-12-20,2 wk ahead inc death,2021-01-02,39,quantile,0.975,620.90
2020-12-20,2 wk ahead inc death,2021-01-02,39,quantile,0.75,609.02
2020-12-20,2 wk ahead inc death,2021-01-02,39,quantile,0.025,580.79
2020-12-20,2 wk ahead inc death,2021-01-02,39,quantile,0.1,586.83
2020-12-20,2 wk ahead inc death,2021-01-02,39,quantile,0.25,594.19
2020-12-20,2 wk ahead inc death,2021-01-02,39,quantile,0.9,612.20
2020-12-20,2 wk ahead inc death,2021-01-02,39,quantile,0.5,601.06
2020-12-20,2 wk ahead inc death,2021-01-02,40,quantile,0.9,241.05
2020-12-20,2 wk ahead inc death,2021-01-02,40,quantile,0.75,237.67
2020-12-20,2 wk ahead inc death,2021-01-02,40,quantile,0.5,234.43
2020-12-20,2 wk ahead inc death,2021-01-02,40,quantile,0.025,223.84
2020-12-20,2 wk ahead inc death,2021-01-02,40,quantile,0.975,243.73
2020-12-20,2 wk ahead inc death,2021-01-02,40,quantile,0.25,229.95
2020-12-20,2 wk ahead inc death,2021-01-02,40,quantile,0.1,226.34
2020-12-20,2 wk ahead inc death,2021-01-02,41,quantile,0.9,173.36
2020-12-20,2 wk ahead inc death,2021-01-02,41,quantile,0.975,175.86
2020-12-20,2 wk ahead inc death,2021-01-02,41,quantile,0.75,172.17
2020-12-20,2 wk ahead inc death,2021-01-02,41,quantile,0.025,163.35
2020-12-20,2 wk ahead inc death,2021-01-02,41,quantile,0.25,167.82
2020-12-20,2 wk ahead inc death,2021-01-02,41,quantile,0.5,169.77
2020-12-20,2 wk ahead inc death,2021-01-02,41,quantile,0.1,166.37
2020-12-20,2 wk ahead inc death,2021-01-02,42,quantile,0.975,1147.33
2020-12-20,2 wk ahead inc death,2021-01-02,42,quantile,0.9,1140.22
2020-12-20,2 wk ahead inc death,2021-01-02,42,quantile,0.025,1105.14
2020-12-20,2 wk ahead inc death,2021-01-02,42,quantile,0.1,1111.76
2020-12-20,2 wk ahead inc death,2021-01-02,42,quantile,0.25,1118.44
2020-12-20,2 wk ahead inc death,2021-01-02,42,quantile,0.75,1131.10
2020-12-20,2 wk ahead inc death,2021-01-02,42,quantile,0.5,1124.98
2020-12-20,2 wk ahead inc death,2021-01-02,44,quantile,0.1,101.53
2020-12-20,2 wk ahead inc death,2021-01-02,44,quantile,0.25,102.52
2020-12-20,2 wk ahead inc death,2021-01-02,44,quantile,0.75,105.00
2020-12-20,2 wk ahead inc death,2021-01-02,44,quantile,0.5,103.88
2020-12-20,2 wk ahead inc death,2021-01-02,44,quantile,0.975,106.93
2020-12-20,2 wk ahead inc death,2021-01-02,44,quantile,0.9,106.13
2020-12-20,2 wk ahead inc death,2021-01-02,44,quantile,0.025,100.21
2020-12-20,2 wk ahead inc death,2021-01-02,45,quantile,0.5,246.57
2020-12-20,2 wk ahead inc death,2021-01-02,45,quantile,0.025,236.78
2020-12-20,2 wk ahead inc death,2021-01-02,45,quantile,0.25,243.71
2020-12-20,2 wk ahead inc death,2021-01-02,45,quantile,0.1,239.69
2020-12-20,2 wk ahead inc death,2021-01-02,45,quantile,0.9,252.16
2020-12-20,2 wk ahead inc death,2021-01-02,45,quantile,0.75,250.64
2020-12-20,2 wk ahead inc death,2021-01-02,45,quantile,0.975,254.36
2020-12-20,2 wk ahead inc death,2021-01-02,46,quantile,0.975,88.49
2020-12-20,2 wk ahead inc death,2021-01-02,46,quantile,0.1,76.01
2020-12-20,2 wk ahead inc death,2021-01-02,46,quantile,0.9,84.95
2020-12-20,2 wk ahead inc death,2021-01-02,46,quantile,0.025,73.46
2020-12-20,2 wk ahead inc death,2021-01-02,46,quantile,0.25,78.51
2020-12-20,2 wk ahead inc death,2021-01-02,46,quantile,0.75,82.26
2020-12-20,2 wk ahead inc death,2021-01-02,46,quantile,0.5,80.51
2020-12-20,2 wk ahead inc death,2021-01-02,47,quantile,0.9,589.23
2020-12-20,2 wk ahead inc death,2021-01-02,47,quantile,0.25,573.02
2020-12-20,2 wk ahead inc death,2021-01-02,47,quantile,0.5,579.58
2020-12-20,2 wk ahead inc death,2021-01-02,47,quantile,0.975,592.09
2020-12-20,2 wk ahead inc death,2021-01-02,47,quantile,0.1,569.79
2020-12-20,2 wk ahead inc death,2021-01-02,47,quantile,0.75,585.36
2020-12-20,2 wk ahead inc death,2021-01-02,47,quantile,0.025,564.42
2020-12-20,2 wk ahead inc death,2021-01-02,48,quantile,0.25,1598.96
2020-12-20,2 wk ahead inc death,2021-01-02,48,quantile,0.5,1615.30
2020-12-20,2 wk ahead inc death,2021-01-02,48,quantile,0.975,1665.38
2020-12-20,2 wk ahead inc death,2021-01-02,48,quantile,0.025,1557.60
2020-12-20,2 wk ahead inc death,2021-01-02,48,quantile,0.1,1578.11
2020-12-20,2 wk ahead inc death,2021-01-02,48,quantile,0.75,1637.12
2020-12-20,2 wk ahead inc death,2021-01-02,48,quantile,0.9,1649.10
2020-12-20,2 wk ahead inc death,2021-01-02,49,quantile,0.75,105.70
2020-12-20,2 wk ahead inc death,2021-01-02,49,quantile,0.9,107.50
2020-12-20,2 wk ahead inc death,2021-01-02,49,quantile,0.1,98.09
2020-12-20,2 wk ahead inc death,2021-01-02,49,quantile,0.025,95.93
2020-12-20,2 wk ahead inc death,2021-01-02,49,quantile,0.25,101.12
2020-12-20,2 wk ahead inc death,2021-01-02,49,quantile,0.5,103.76
2020-12-20,2 wk ahead inc death,2021-01-02,49,quantile,0.975,109.34
2020-12-20,2 wk ahead inc death,2021-01-02,50,quantile,0.5,16.54
2020-12-20,2 wk ahead inc death,2021-01-02,50,quantile,0.25,16.09
2020-12-20,2 wk ahead inc death,2021-01-02,50,quantile,0.9,17.65
2020-12-20,2 wk ahead inc death,2021-01-02,50,quantile,0.975,18.22
2020-12-20,2 wk ahead inc death,2021-01-02,50,quantile,0.1,15.68
2020-12-20,2 wk ahead inc death,2021-01-02,50,quantile,0.75,17.34
2020-12-20,2 wk ahead inc death,2021-01-02,50,quantile,0.025,14.88
2020-12-20,2 wk ahead inc death,2021-01-02,51,quantile,0.975,297.08
2020-12-20,2 wk ahead inc death,2021-01-02,51,quantile,0.1,274.02
2020-12-20,2 wk ahead inc death,2021-01-02,51,quantile,0.5,284.45
2020-12-20,2 wk ahead inc death,2021-01-02,51,quantile,0.25,279.73
2020-12-20,2 wk ahead inc death,2021-01-02,51,quantile,0.75,289.93
2020-12-20,2 wk ahead inc death,2021-01-02,51,quantile,0.9,294.35
2020-12-20,2 wk ahead inc death,2021-01-02,51,quantile,0.025,268.70
2020-12-20,2 wk ahead inc death,2021-01-02,53,quantile,0.25,177.39
2020-12-20,2 wk ahead inc death,2021-01-02,53,quantile,0.025,173.74
2020-12-20,2 wk ahead inc death,2021-01-02,53,quantile,0.1,175.17
2020-12-20,2 wk ahead inc death,2021-01-02,53,quantile,0.975,189.06
2020-12-20,2 wk ahead inc death,2021-01-02,53,quantile,0.9,185.02
2020-12-20,2 wk ahead inc death,2021-01-02,53,quantile,0.5,180.86
2020-12-20,2 wk ahead inc death,2021-01-02,53,quantile,0.75,183.04
2020-12-20,2 wk ahead inc death,2021-01-02,54,quantile,0.75,149.91
2020-12-20,2 wk ahead inc death,2021-01-02,54,quantile,0.5,148.19
2020-12-20,2 wk ahead inc death,2021-01-02,54,quantile,0.025,140.72
2020-12-20,2 wk ahead inc death,2021-01-02,54,quantile,0.975,153.61
2020-12-20,2 wk ahead inc death,2021-01-02,54,quantile,0.25,145.91
2020-12-20,2 wk ahead inc death,2021-01-02,54,quantile,0.9,151.69
2020-12-20,2 wk ahead inc death,2021-01-02,54,quantile,0.1,143.27
2020-12-20,2 wk ahead inc death,2021-01-02,55,quantile,0.025,349.77
2020-12-20,2 wk ahead inc death,2021-01-02,55,quantile,0.975,371.50
2020-12-20,2 wk ahead inc death,2021-01-02,55,quantile,0.75,364.73
2020-12-20,2 wk ahead inc death,2021-01-02,55,quantile,0.5,360.95
2020-12-20,2 wk ahead inc death,2021-01-02,55,quantile,0.9,367.34
2020-12-20,2 wk ahead inc death,2021-01-02,55,quantile,0.1,353.40
2020-12-20,2 wk ahead inc death,2021-01-02,55,quantile,0.25,357.32
2020-12-20,2 wk ahead inc death,2021-01-02,56,quantile,0.9,41.17
2020-12-20,2 wk ahead inc death,2021-01-02,56,quantile,0.75,40.25
2020-12-20,2 wk ahead inc death,2021-01-02,56,quantile,0.5,39.40
2020-12-20,2 wk ahead inc death,2021-01-02,56,quantile,0.25,38.10
2020-12-20,2 wk ahead inc death,2021-01-02,56,quantile,0.025,36.52
2020-12-20,2 wk ahead inc death,2021-01-02,56,quantile,0.1,37.61
2020-12-20,2 wk ahead inc death,2021-01-02,56,quantile,0.975,42.16
2020-12-20,1 wk ahead inc death,2020-12-26,US,point,NA,18535.41
2020-12-20,1 wk ahead inc death,2020-12-26,US,quantile,0.025,18229.32
2020-12-20,1 wk ahead inc death,2020-12-26,US,quantile,0.1,18309.30
2020-12-20,1 wk ahead inc death,2020-12-26,US,quantile,0.25,18447.55
2020-12-20,1 wk ahead inc death,2020-12-26,US,quantile,0.5,18546.83
2020-12-20,1 wk ahead inc death,2020-12-26,US,quantile,0.75,18656.47
2020-12-20,1 wk ahead inc death,2020-12-26,US,quantile,0.9,18732.84
2020-12-20,1 wk ahead inc death,2020-12-26,US,quantile,0.975,18782.56
2020-12-20,2 wk ahead inc death,2021-01-02,US,point,NA,18554.03
2020-12-20,2 wk ahead inc death,2021-01-02,US,quantile,0.025,18071.25
2020-12-20,2 wk ahead inc death,2021-01-02,US,quantile,0.1,18182.81
2020-12-20,2 wk ahead inc death,2021-01-02,US,quantile,0.25,18418.22
2020-12-20,2 wk ahead inc death,2021-01-02,US,quantile,0.5,18570.28
2020-12-20,2 wk ahead inc death,2021-01-02,US,quantile,0.75,18728.92
2020-12-20,2 wk ahead inc death,2021-01-02,US,quantile,0.9,18834.01
2020-12-20,2 wk ahead inc death,2021-01-02,US,quantile,0.975,18960.03
