forecast_date,target,target_end_date,location,type,quantile,value
2020-11-22,1 wk ahead inc death,2020-11-28,01,point,NA,223.55
2020-11-22,1 wk ahead inc death,2020-11-28,02,point,NA,22.21
2020-11-22,1 wk ahead inc death,2020-11-28,04,point,NA,213.51
2020-11-22,1 wk ahead inc death,2020-11-28,05,point,NA,178.61
2020-11-22,1 wk ahead inc death,2020-11-28,06,point,NA,632.65
2020-11-22,1 wk ahead inc death,2020-11-28,08,point,NA,302.64
2020-11-22,1 wk ahead inc death,2020-11-28,09,point,NA,109.11
2020-11-22,1 wk ahead inc death,2020-11-28,10,point,NA,22.09
2020-11-22,1 wk ahead inc death,2020-11-28,11,point,NA,9.45
2020-11-22,1 wk ahead inc death,2020-11-28,12,point,NA,572.69
2020-11-22,1 wk ahead inc death,2020-11-28,13,point,NA,294.00
2020-11-22,1 wk ahead inc death,2020-11-28,15,point,NA,7.68
2020-11-22,1 wk ahead inc death,2020-11-28,16,point,NA,99.16
2020-11-22,1 wk ahead inc death,2020-11-28,17,point,NA,870.72
2020-11-22,1 wk ahead inc death,2020-11-28,18,point,NA,430.03
2020-11-22,1 wk ahead inc death,2020-11-28,19,point,NA,257.39
2020-11-22,1 wk ahead inc death,2020-11-28,20,point,NA,190.67
2020-11-22,1 wk ahead inc death,2020-11-28,21,point,NA,197.93
2020-11-22,1 wk ahead inc death,2020-11-28,22,point,NA,324.29
2020-11-22,1 wk ahead inc death,2020-11-28,23,point,NA,16.08
2020-11-22,1 wk ahead inc death,2020-11-28,24,point,NA,164.67
2020-11-22,1 wk ahead inc death,2020-11-28,25,point,NA,194.47
2020-11-22,1 wk ahead inc death,2020-11-28,26,point,NA,538.41
2020-11-22,1 wk ahead inc death,2020-11-28,27,point,NA,390.90
2020-11-22,1 wk ahead inc death,2020-11-28,28,point,NA,162.92
2020-11-22,1 wk ahead inc death,2020-11-28,29,point,NA,257.25
2020-11-22,1 wk ahead inc death,2020-11-28,30,point,NA,98.09
2020-11-22,1 wk ahead inc death,2020-11-28,31,point,NA,163.05
2020-11-22,1 wk ahead inc death,2020-11-28,32,point,NA,118.95
2020-11-22,1 wk ahead inc death,2020-11-28,33,point,NA,17.34
2020-11-22,1 wk ahead inc death,2020-11-28,34,point,NA,239.94
2020-11-22,1 wk ahead inc death,2020-11-28,35,point,NA,169.08
2020-11-22,1 wk ahead inc death,2020-11-28,36,point,NA,322.30
2020-11-22,1 wk ahead inc death,2020-11-28,37,point,NA,301.32
2020-11-22,1 wk ahead inc death,2020-11-28,38,point,NA,109.62
2020-11-22,1 wk ahead inc death,2020-11-28,39,point,NA,424.90
2020-11-22,1 wk ahead inc death,2020-11-28,40,point,NA,169.32
2020-11-22,1 wk ahead inc death,2020-11-28,41,point,NA,77.76
2020-11-22,1 wk ahead inc death,2020-11-28,42,point,NA,552.25
2020-11-22,1 wk ahead inc death,2020-11-28,44,point,NA,44.61
2020-11-22,1 wk ahead inc death,2020-11-28,45,point,NA,190.75
2020-11-22,1 wk ahead inc death,2020-11-28,46,point,NA,136.88
2020-11-22,1 wk ahead inc death,2020-11-28,47,point,NA,380.69
2020-11-22,1 wk ahead inc death,2020-11-28,48,point,NA,1038.38
2020-11-22,1 wk ahead inc death,2020-11-28,49,point,NA,87.25
2020-11-22,1 wk ahead inc death,2020-11-28,50,point,NA,7.08
2020-11-22,1 wk ahead inc death,2020-11-28,51,point,NA,179.98
2020-11-22,1 wk ahead inc death,2020-11-28,53,point,NA,122.29
2020-11-22,1 wk ahead inc death,2020-11-28,54,point,NA,104.83
2020-11-22,1 wk ahead inc death,2020-11-28,55,point,NA,464.51
2020-11-22,1 wk ahead inc death,2020-11-28,56,point,NA,41.92
2020-11-22,1 wk ahead inc death,2020-11-28,01,quantile,0.025,214.07
2020-11-22,1 wk ahead inc death,2020-11-28,01,quantile,0.975,233.40
2020-11-22,1 wk ahead inc death,2020-11-28,01,quantile,0.1,216.94
2020-11-22,1 wk ahead inc death,2020-11-28,01,quantile,0.75,227.19
2020-11-22,1 wk ahead inc death,2020-11-28,01,quantile,0.5,223.71
2020-11-22,1 wk ahead inc death,2020-11-28,01,quantile,0.9,230.56
2020-11-22,1 wk ahead inc death,2020-11-28,01,quantile,0.25,219.50
2020-11-22,1 wk ahead inc death,2020-11-28,02,quantile,0.1,19.89
2020-11-22,1 wk ahead inc death,2020-11-28,02,quantile,0.5,22.17
2020-11-22,1 wk ahead inc death,2020-11-28,02,quantile,0.975,25.93
2020-11-22,1 wk ahead inc death,2020-11-28,02,quantile,0.25,21.02
2020-11-22,1 wk ahead inc death,2020-11-28,02,quantile,0.75,23.42
2020-11-22,1 wk ahead inc death,2020-11-28,02,quantile,0.025,18.56
2020-11-22,1 wk ahead inc death,2020-11-28,02,quantile,0.9,24.71
2020-11-22,1 wk ahead inc death,2020-11-28,04,quantile,0.25,208.46
2020-11-22,1 wk ahead inc death,2020-11-28,04,quantile,0.9,223.67
2020-11-22,1 wk ahead inc death,2020-11-28,04,quantile,0.5,213.87
2020-11-22,1 wk ahead inc death,2020-11-28,04,quantile,0.75,218.33
2020-11-22,1 wk ahead inc death,2020-11-28,04,quantile,0.1,204.22
2020-11-22,1 wk ahead inc death,2020-11-28,04,quantile,0.025,194.92
2020-11-22,1 wk ahead inc death,2020-11-28,04,quantile,0.975,229.95
2020-11-22,1 wk ahead inc death,2020-11-28,05,quantile,0.5,178.43
2020-11-22,1 wk ahead inc death,2020-11-28,05,quantile,0.1,173.19
2020-11-22,1 wk ahead inc death,2020-11-28,05,quantile,0.25,176.24
2020-11-22,1 wk ahead inc death,2020-11-28,05,quantile,0.9,183.68
2020-11-22,1 wk ahead inc death,2020-11-28,05,quantile,0.025,170.35
2020-11-22,1 wk ahead inc death,2020-11-28,05,quantile,0.975,186.73
2020-11-22,1 wk ahead inc death,2020-11-28,05,quantile,0.75,181.00
2020-11-22,1 wk ahead inc death,2020-11-28,06,quantile,0.1,607.22
2020-11-22,1 wk ahead inc death,2020-11-28,06,quantile,0.25,616.34
2020-11-22,1 wk ahead inc death,2020-11-28,06,quantile,0.9,660.61
2020-11-22,1 wk ahead inc death,2020-11-28,06,quantile,0.975,672.32
2020-11-22,1 wk ahead inc death,2020-11-28,06,quantile,0.75,646.75
2020-11-22,1 wk ahead inc death,2020-11-28,06,quantile,0.5,632.26
2020-11-22,1 wk ahead inc death,2020-11-28,06,quantile,0.025,595.81
2020-11-22,1 wk ahead inc death,2020-11-28,08,quantile,0.75,306.07
2020-11-22,1 wk ahead inc death,2020-11-28,08,quantile,0.1,296.16
2020-11-22,1 wk ahead inc death,2020-11-28,08,quantile,0.5,302.26
2020-11-22,1 wk ahead inc death,2020-11-28,08,quantile,0.25,298.62
2020-11-22,1 wk ahead inc death,2020-11-28,08,quantile,0.975,314.91
2020-11-22,1 wk ahead inc death,2020-11-28,08,quantile,0.025,295.02
2020-11-22,1 wk ahead inc death,2020-11-28,08,quantile,0.9,308.75
2020-11-22,1 wk ahead inc death,2020-11-28,09,quantile,0.025,103.92
2020-11-22,1 wk ahead inc death,2020-11-28,09,quantile,0.75,111.32
2020-11-22,1 wk ahead inc death,2020-11-28,09,quantile,0.25,107.31
2020-11-22,1 wk ahead inc death,2020-11-28,09,quantile,0.9,112.82
2020-11-22,1 wk ahead inc death,2020-11-28,09,quantile,0.5,108.89
2020-11-22,1 wk ahead inc death,2020-11-28,09,quantile,0.975,114.05
2020-11-22,1 wk ahead inc death,2020-11-28,09,quantile,0.1,106.10
2020-11-22,1 wk ahead inc death,2020-11-28,10,quantile,0.9,24.46
2020-11-22,1 wk ahead inc death,2020-11-28,10,quantile,0.975,24.79
2020-11-22,1 wk ahead inc death,2020-11-28,10,quantile,0.5,21.98
2020-11-22,1 wk ahead inc death,2020-11-28,10,quantile,0.25,20.83
2020-11-22,1 wk ahead inc death,2020-11-28,10,quantile,0.75,23.48
2020-11-22,1 wk ahead inc death,2020-11-28,10,quantile,0.025,18.83
2020-11-22,1 wk ahead inc death,2020-11-28,10,quantile,0.1,19.96
2020-11-22,1 wk ahead inc death,2020-11-28,11,quantile,0.025,7.74
2020-11-22,1 wk ahead inc death,2020-11-28,11,quantile,0.25,8.81
2020-11-22,1 wk ahead inc death,2020-11-28,11,quantile,0.1,8.26
2020-11-22,1 wk ahead inc death,2020-11-28,11,quantile,0.9,10.87
2020-11-22,1 wk ahead inc death,2020-11-28,11,quantile,0.975,11.52
2020-11-22,1 wk ahead inc death,2020-11-28,11,quantile,0.5,9.41
2020-11-22,1 wk ahead inc death,2020-11-28,11,quantile,0.75,9.96
2020-11-22,1 wk ahead inc death,2020-11-28,12,quantile,0.1,557.08
2020-11-22,1 wk ahead inc death,2020-11-28,12,quantile,0.9,586.57
2020-11-22,1 wk ahead inc death,2020-11-28,12,quantile,0.5,573.24
2020-11-22,1 wk ahead inc death,2020-11-28,12,quantile,0.25,564.60
2020-11-22,1 wk ahead inc death,2020-11-28,12,quantile,0.025,549.36
2020-11-22,1 wk ahead inc death,2020-11-28,12,quantile,0.975,595.33
2020-11-22,1 wk ahead inc death,2020-11-28,12,quantile,0.75,581.67
2020-11-22,1 wk ahead inc death,2020-11-28,13,quantile,0.25,289.51
2020-11-22,1 wk ahead inc death,2020-11-28,13,quantile,0.75,299.45
2020-11-22,1 wk ahead inc death,2020-11-28,13,quantile,0.5,293.05
2020-11-22,1 wk ahead inc death,2020-11-28,13,quantile,0.9,303.15
2020-11-22,1 wk ahead inc death,2020-11-28,13,quantile,0.1,285.28
2020-11-22,1 wk ahead inc death,2020-11-28,13,quantile,0.975,309.02
2020-11-22,1 wk ahead inc death,2020-11-28,13,quantile,0.025,277.18
2020-11-22,1 wk ahead inc death,2020-11-28,15,quantile,0.975,9.48
2020-11-22,1 wk ahead inc death,2020-11-28,15,quantile,0.9,8.66
2020-11-22,1 wk ahead inc death,2020-11-28,15,quantile,0.1,6.59
2020-11-22,1 wk ahead inc death,2020-11-28,15,quantile,0.25,7.09
2020-11-22,1 wk ahead inc death,2020-11-28,15,quantile,0.75,8.23
2020-11-22,1 wk ahead inc death,2020-11-28,15,quantile,0.5,7.74
2020-11-22,1 wk ahead inc death,2020-11-28,15,quantile,0.025,5.88
2020-11-22,1 wk ahead inc death,2020-11-28,16,quantile,0.025,94.49
2020-11-22,1 wk ahead inc death,2020-11-28,16,quantile,0.5,99.06
2020-11-22,1 wk ahead inc death,2020-11-28,16,quantile,0.25,97.52
2020-11-22,1 wk ahead inc death,2020-11-28,16,quantile,0.975,104.55
2020-11-22,1 wk ahead inc death,2020-11-28,16,quantile,0.75,100.59
2020-11-22,1 wk ahead inc death,2020-11-28,16,quantile,0.9,102.79
2020-11-22,1 wk ahead inc death,2020-11-28,16,quantile,0.1,95.50
2020-11-22,1 wk ahead inc death,2020-11-28,17,quantile,0.25,861.44
2020-11-22,1 wk ahead inc death,2020-11-28,17,quantile,0.75,881.79
2020-11-22,1 wk ahead inc death,2020-11-28,17,quantile,0.5,869.43
2020-11-22,1 wk ahead inc death,2020-11-28,17,quantile,0.9,890.57
2020-11-22,1 wk ahead inc death,2020-11-28,17,quantile,0.1,853.25
2020-11-22,1 wk ahead inc death,2020-11-28,17,quantile,0.975,896.63
2020-11-22,1 wk ahead inc death,2020-11-28,17,quantile,0.025,843.84
2020-11-22,1 wk ahead inc death,2020-11-28,18,quantile,0.9,438.53
2020-11-22,1 wk ahead inc death,2020-11-28,18,quantile,0.75,434.95
2020-11-22,1 wk ahead inc death,2020-11-28,18,quantile,0.1,421.83
2020-11-22,1 wk ahead inc death,2020-11-28,18,quantile,0.975,443.38
2020-11-22,1 wk ahead inc death,2020-11-28,18,quantile,0.25,425.77
2020-11-22,1 wk ahead inc death,2020-11-28,18,quantile,0.025,417.02
2020-11-22,1 wk ahead inc death,2020-11-28,18,quantile,0.5,429.93
2020-11-22,1 wk ahead inc death,2020-11-28,19,quantile,0.25,252.21
2020-11-22,1 wk ahead inc death,2020-11-28,19,quantile,0.5,257.17
2020-11-22,1 wk ahead inc death,2020-11-28,19,quantile,0.1,249.10
2020-11-22,1 wk ahead inc death,2020-11-28,19,quantile,0.9,265.44
2020-11-22,1 wk ahead inc death,2020-11-28,19,quantile,0.75,261.59
2020-11-22,1 wk ahead inc death,2020-11-28,19,quantile,0.025,245.30
2020-11-22,1 wk ahead inc death,2020-11-28,19,quantile,0.975,268.66
2020-11-22,1 wk ahead inc death,2020-11-28,20,quantile,0.025,183.20
2020-11-22,1 wk ahead inc death,2020-11-28,20,quantile,0.975,198.79
2020-11-22,1 wk ahead inc death,2020-11-28,20,quantile,0.5,190.56
2020-11-22,1 wk ahead inc death,2020-11-28,20,quantile,0.25,187.88
2020-11-22,1 wk ahead inc death,2020-11-28,20,quantile,0.75,193.87
2020-11-22,1 wk ahead inc death,2020-11-28,20,quantile,0.9,196.76
2020-11-22,1 wk ahead inc death,2020-11-28,20,quantile,0.1,184.86
2020-11-22,1 wk ahead inc death,2020-11-28,21,quantile,0.1,191.27
2020-11-22,1 wk ahead inc death,2020-11-28,21,quantile,0.25,193.90
2020-11-22,1 wk ahead inc death,2020-11-28,21,quantile,0.5,198.04
2020-11-22,1 wk ahead inc death,2020-11-28,21,quantile,0.9,205.58
2020-11-22,1 wk ahead inc death,2020-11-28,21,quantile,0.025,185.46
2020-11-22,1 wk ahead inc death,2020-11-28,21,quantile,0.975,209.07
2020-11-22,1 wk ahead inc death,2020-11-28,21,quantile,0.75,201.73
2020-11-22,1 wk ahead inc death,2020-11-28,22,quantile,0.5,324.20
2020-11-22,1 wk ahead inc death,2020-11-28,22,quantile,0.9,331.21
2020-11-22,1 wk ahead inc death,2020-11-28,22,quantile,0.025,314.02
2020-11-22,1 wk ahead inc death,2020-11-28,22,quantile,0.75,327.98
2020-11-22,1 wk ahead inc death,2020-11-28,22,quantile,0.975,335.03
2020-11-22,1 wk ahead inc death,2020-11-28,22,quantile,0.25,320.63
2020-11-22,1 wk ahead inc death,2020-11-28,22,quantile,0.1,316.98
2020-11-22,1 wk ahead inc death,2020-11-28,23,quantile,0.9,17.38
2020-11-22,1 wk ahead inc death,2020-11-28,23,quantile,0.75,16.80
2020-11-22,1 wk ahead inc death,2020-11-28,23,quantile,0.5,16.04
2020-11-22,1 wk ahead inc death,2020-11-28,23,quantile,0.025,14.15
2020-11-22,1 wk ahead inc death,2020-11-28,23,quantile,0.1,14.86
2020-11-22,1 wk ahead inc death,2020-11-28,23,quantile,0.25,15.32
2020-11-22,1 wk ahead inc death,2020-11-28,23,quantile,0.975,17.96
2020-11-22,1 wk ahead inc death,2020-11-28,24,quantile,0.5,164.66
2020-11-22,1 wk ahead inc death,2020-11-28,24,quantile,0.975,172.24
2020-11-22,1 wk ahead inc death,2020-11-28,24,quantile,0.025,157.13
2020-11-22,1 wk ahead inc death,2020-11-28,24,quantile,0.1,158.46
2020-11-22,1 wk ahead inc death,2020-11-28,24,quantile,0.9,170.89
2020-11-22,1 wk ahead inc death,2020-11-28,24,quantile,0.75,167.79
2020-11-22,1 wk ahead inc death,2020-11-28,24,quantile,0.25,161.60
2020-11-22,1 wk ahead inc death,2020-11-28,25,quantile,0.9,199.96
2020-11-22,1 wk ahead inc death,2020-11-28,25,quantile,0.975,202.28
2020-11-22,1 wk ahead inc death,2020-11-28,25,quantile,0.025,186.63
2020-11-22,1 wk ahead inc death,2020-11-28,25,quantile,0.75,197.92
2020-11-22,1 wk ahead inc death,2020-11-28,25,quantile,0.1,188.28
2020-11-22,1 wk ahead inc death,2020-11-28,25,quantile,0.5,194.30
2020-11-22,1 wk ahead inc death,2020-11-28,25,quantile,0.25,191.91
2020-11-22,1 wk ahead inc death,2020-11-28,26,quantile,0.75,543.47
2020-11-22,1 wk ahead inc death,2020-11-28,26,quantile,0.025,519.30
2020-11-22,1 wk ahead inc death,2020-11-28,26,quantile,0.1,528.85
2020-11-22,1 wk ahead inc death,2020-11-28,26,quantile,0.25,533.33
2020-11-22,1 wk ahead inc death,2020-11-28,26,quantile,0.9,548.92
2020-11-22,1 wk ahead inc death,2020-11-28,26,quantile,0.5,538.31
2020-11-22,1 wk ahead inc death,2020-11-28,26,quantile,0.975,555.00
2020-11-22,1 wk ahead inc death,2020-11-28,27,quantile,0.1,381.69
2020-11-22,1 wk ahead inc death,2020-11-28,27,quantile,0.025,378.67
2020-11-22,1 wk ahead inc death,2020-11-28,27,quantile,0.9,400.38
2020-11-22,1 wk ahead inc death,2020-11-28,27,quantile,0.5,390.19
2020-11-22,1 wk ahead inc death,2020-11-28,27,quantile,0.25,385.83
2020-11-22,1 wk ahead inc death,2020-11-28,27,quantile,0.75,394.91
2020-11-22,1 wk ahead inc death,2020-11-28,27,quantile,0.975,403.96
2020-11-22,1 wk ahead inc death,2020-11-28,28,quantile,0.5,163.33
2020-11-22,1 wk ahead inc death,2020-11-28,28,quantile,0.975,173.90
2020-11-22,1 wk ahead inc death,2020-11-28,28,quantile,0.25,159.41
2020-11-22,1 wk ahead inc death,2020-11-28,28,quantile,0.9,168.95
2020-11-22,1 wk ahead inc death,2020-11-28,28,quantile,0.1,155.34
2020-11-22,1 wk ahead inc death,2020-11-28,28,quantile,0.75,166.48
2020-11-22,1 wk ahead inc death,2020-11-28,28,quantile,0.025,152.22
2020-11-22,1 wk ahead inc death,2020-11-28,29,quantile,0.75,262.28
2020-11-22,1 wk ahead inc death,2020-11-28,29,quantile,0.9,265.30
2020-11-22,1 wk ahead inc death,2020-11-28,29,quantile,0.975,267.39
2020-11-22,1 wk ahead inc death,2020-11-28,29,quantile,0.5,257.04
2020-11-22,1 wk ahead inc death,2020-11-28,29,quantile,0.1,249.73
2020-11-22,1 wk ahead inc death,2020-11-28,29,quantile,0.025,245.39
2020-11-22,1 wk ahead inc death,2020-11-28,29,quantile,0.25,252.69
2020-11-22,1 wk ahead inc death,2020-11-28,30,quantile,0.975,105.09
2020-11-22,1 wk ahead inc death,2020-11-28,30,quantile,0.75,100.39
2020-11-22,1 wk ahead inc death,2020-11-28,30,quantile,0.025,92.14
2020-11-22,1 wk ahead inc death,2020-11-28,30,quantile,0.9,102.69
2020-11-22,1 wk ahead inc death,2020-11-28,30,quantile,0.1,93.90
2020-11-22,1 wk ahead inc death,2020-11-28,30,quantile,0.5,98.07
2020-11-22,1 wk ahead inc death,2020-11-28,30,quantile,0.25,95.54
2020-11-22,1 wk ahead inc death,2020-11-28,31,quantile,0.1,157.74
2020-11-22,1 wk ahead inc death,2020-11-28,31,quantile,0.025,154.55
2020-11-22,1 wk ahead inc death,2020-11-28,31,quantile,0.9,168.69
2020-11-22,1 wk ahead inc death,2020-11-28,31,quantile,0.25,160.15
2020-11-22,1 wk ahead inc death,2020-11-28,31,quantile,0.75,165.18
2020-11-22,1 wk ahead inc death,2020-11-28,31,quantile,0.5,163.39
2020-11-22,1 wk ahead inc death,2020-11-28,31,quantile,0.975,172.94
2020-11-22,1 wk ahead inc death,2020-11-28,32,quantile,0.975,129.62
2020-11-22,1 wk ahead inc death,2020-11-28,32,quantile,0.9,126.70
2020-11-22,1 wk ahead inc death,2020-11-28,32,quantile,0.25,115.42
2020-11-22,1 wk ahead inc death,2020-11-28,32,quantile,0.025,108.76
2020-11-22,1 wk ahead inc death,2020-11-28,32,quantile,0.75,122.41
2020-11-22,1 wk ahead inc death,2020-11-28,32,quantile,0.5,118.19
2020-11-22,1 wk ahead inc death,2020-11-28,32,quantile,0.1,111.96
2020-11-22,1 wk ahead inc death,2020-11-28,33,quantile,0.9,18.65
2020-11-22,1 wk ahead inc death,2020-11-28,33,quantile,0.25,16.57
2020-11-22,1 wk ahead inc death,2020-11-28,33,quantile,0.025,15.43
2020-11-22,1 wk ahead inc death,2020-11-28,33,quantile,0.1,15.76
2020-11-22,1 wk ahead inc death,2020-11-28,33,quantile,0.5,17.39
2020-11-22,1 wk ahead inc death,2020-11-28,33,quantile,0.975,19.27
2020-11-22,1 wk ahead inc death,2020-11-28,33,quantile,0.75,18.14
2020-11-22,1 wk ahead inc death,2020-11-28,34,quantile,0.975,249.78
2020-11-22,1 wk ahead inc death,2020-11-28,34,quantile,0.75,243.73
2020-11-22,1 wk ahead inc death,2020-11-28,34,quantile,0.9,246.74
2020-11-22,1 wk ahead inc death,2020-11-28,34,quantile,0.1,232.63
2020-11-22,1 wk ahead inc death,2020-11-28,34,quantile,0.5,240.12
2020-11-22,1 wk ahead inc death,2020-11-28,34,quantile,0.025,229.80
2020-11-22,1 wk ahead inc death,2020-11-28,34,quantile,0.25,236.33
2020-11-22,1 wk ahead inc death,2020-11-28,35,quantile,0.75,171.70
2020-11-22,1 wk ahead inc death,2020-11-28,35,quantile,0.9,174.75
2020-11-22,1 wk ahead inc death,2020-11-28,35,quantile,0.1,164.02
2020-11-22,1 wk ahead inc death,2020-11-28,35,quantile,0.25,166.20
2020-11-22,1 wk ahead inc death,2020-11-28,35,quantile,0.025,162.80
2020-11-22,1 wk ahead inc death,2020-11-28,35,quantile,0.5,168.99
2020-11-22,1 wk ahead inc death,2020-11-28,35,quantile,0.975,177.88
2020-11-22,1 wk ahead inc death,2020-11-28,36,quantile,0.25,317.72
2020-11-22,1 wk ahead inc death,2020-11-28,36,quantile,0.1,314.59
2020-11-22,1 wk ahead inc death,2020-11-28,36,quantile,0.5,322.38
2020-11-22,1 wk ahead inc death,2020-11-28,36,quantile,0.9,330.05
2020-11-22,1 wk ahead inc death,2020-11-28,36,quantile,0.75,326.00
2020-11-22,1 wk ahead inc death,2020-11-28,36,quantile,0.975,332.94
2020-11-22,1 wk ahead inc death,2020-11-28,36,quantile,0.025,311.80
2020-11-22,1 wk ahead inc death,2020-11-28,37,quantile,0.1,293.15
2020-11-22,1 wk ahead inc death,2020-11-28,37,quantile,0.9,309.31
2020-11-22,1 wk ahead inc death,2020-11-28,37,quantile,0.75,307.01
2020-11-22,1 wk ahead inc death,2020-11-28,37,quantile,0.25,297.20
2020-11-22,1 wk ahead inc death,2020-11-28,37,quantile,0.025,289.63
2020-11-22,1 wk ahead inc death,2020-11-28,37,quantile,0.975,311.58
2020-11-22,1 wk ahead inc death,2020-11-28,37,quantile,0.5,300.70
2020-11-22,1 wk ahead inc death,2020-11-28,38,quantile,0.025,103.92
2020-11-22,1 wk ahead inc death,2020-11-28,38,quantile,0.75,111.84
2020-11-22,1 wk ahead inc death,2020-11-28,38,quantile,0.975,116.11
2020-11-22,1 wk ahead inc death,2020-11-28,38,quantile,0.1,105.61
2020-11-22,1 wk ahead inc death,2020-11-28,38,quantile,0.5,109.49
2020-11-22,1 wk ahead inc death,2020-11-28,38,quantile,0.25,107.29
2020-11-22,1 wk ahead inc death,2020-11-28,38,quantile,0.9,113.90
2020-11-22,1 wk ahead inc death,2020-11-28,39,quantile,0.975,441.35
2020-11-22,1 wk ahead inc death,2020-11-28,39,quantile,0.75,430.08
2020-11-22,1 wk ahead inc death,2020-11-28,39,quantile,0.025,406.32
2020-11-22,1 wk ahead inc death,2020-11-28,39,quantile,0.1,415.36
2020-11-22,1 wk ahead inc death,2020-11-28,39,quantile,0.25,419.87
2020-11-22,1 wk ahead inc death,2020-11-28,39,quantile,0.9,435.79
2020-11-22,1 wk ahead inc death,2020-11-28,39,quantile,0.5,425.53
2020-11-22,1 wk ahead inc death,2020-11-28,40,quantile,0.9,175.52
2020-11-22,1 wk ahead inc death,2020-11-28,40,quantile,0.75,172.37
2020-11-22,1 wk ahead inc death,2020-11-28,40,quantile,0.5,169.44
2020-11-22,1 wk ahead inc death,2020-11-28,40,quantile,0.025,161.48
2020-11-22,1 wk ahead inc death,2020-11-28,40,quantile,0.975,176.64
2020-11-22,1 wk ahead inc death,2020-11-28,40,quantile,0.25,166.34
2020-11-22,1 wk ahead inc death,2020-11-28,40,quantile,0.1,163.93
2020-11-22,1 wk ahead inc death,2020-11-28,41,quantile,0.9,81.24
2020-11-22,1 wk ahead inc death,2020-11-28,41,quantile,0.975,82.59
2020-11-22,1 wk ahead inc death,2020-11-28,41,quantile,0.75,79.95
2020-11-22,1 wk ahead inc death,2020-11-28,41,quantile,0.025,71.41
2020-11-22,1 wk ahead inc death,2020-11-28,41,quantile,0.25,75.87
2020-11-22,1 wk ahead inc death,2020-11-28,41,quantile,0.5,77.85
2020-11-22,1 wk ahead inc death,2020-11-28,41,quantile,0.1,74.23
2020-11-22,1 wk ahead inc death,2020-11-28,42,quantile,0.975,567.62
2020-11-22,1 wk ahead inc death,2020-11-28,42,quantile,0.9,562.16
2020-11-22,1 wk ahead inc death,2020-11-28,42,quantile,0.025,537.58
2020-11-22,1 wk ahead inc death,2020-11-28,42,quantile,0.1,542.40
2020-11-22,1 wk ahead inc death,2020-11-28,42,quantile,0.25,545.96
2020-11-22,1 wk ahead inc death,2020-11-28,42,quantile,0.75,557.14
2020-11-22,1 wk ahead inc death,2020-11-28,42,quantile,0.5,551.80
2020-11-22,1 wk ahead inc death,2020-11-28,44,quantile,0.1,42.13
2020-11-22,1 wk ahead inc death,2020-11-28,44,quantile,0.25,43.17
2020-11-22,1 wk ahead inc death,2020-11-28,44,quantile,0.75,45.76
2020-11-22,1 wk ahead inc death,2020-11-28,44,quantile,0.5,44.43
2020-11-22,1 wk ahead inc death,2020-11-28,44,quantile,0.975,48.82
2020-11-22,1 wk ahead inc death,2020-11-28,44,quantile,0.9,47.34
2020-11-22,1 wk ahead inc death,2020-11-28,44,quantile,0.025,41.55
2020-11-22,1 wk ahead inc death,2020-11-28,45,quantile,0.5,190.63
2020-11-22,1 wk ahead inc death,2020-11-28,45,quantile,0.025,180.95
2020-11-22,1 wk ahead inc death,2020-11-28,45,quantile,0.25,187.92
2020-11-22,1 wk ahead inc death,2020-11-28,45,quantile,0.1,184.92
2020-11-22,1 wk ahead inc death,2020-11-28,45,quantile,0.9,196.30
2020-11-22,1 wk ahead inc death,2020-11-28,45,quantile,0.75,193.94
2020-11-22,1 wk ahead inc death,2020-11-28,45,quantile,0.975,200.99
2020-11-22,1 wk ahead inc death,2020-11-28,46,quantile,0.975,143.68
2020-11-22,1 wk ahead inc death,2020-11-28,46,quantile,0.1,131.72
2020-11-22,1 wk ahead inc death,2020-11-28,46,quantile,0.9,142.37
2020-11-22,1 wk ahead inc death,2020-11-28,46,quantile,0.025,131.09
2020-11-22,1 wk ahead inc death,2020-11-28,46,quantile,0.25,134.23
2020-11-22,1 wk ahead inc death,2020-11-28,46,quantile,0.75,139.69
2020-11-22,1 wk ahead inc death,2020-11-28,46,quantile,0.5,136.66
2020-11-22,1 wk ahead inc death,2020-11-28,47,quantile,0.9,389.74
2020-11-22,1 wk ahead inc death,2020-11-28,47,quantile,0.25,376.26
2020-11-22,1 wk ahead inc death,2020-11-28,47,quantile,0.5,380.13
2020-11-22,1 wk ahead inc death,2020-11-28,47,quantile,0.975,395.09
2020-11-22,1 wk ahead inc death,2020-11-28,47,quantile,0.1,371.52
2020-11-22,1 wk ahead inc death,2020-11-28,47,quantile,0.75,386.30
2020-11-22,1 wk ahead inc death,2020-11-28,47,quantile,0.025,366.87
2020-11-22,1 wk ahead inc death,2020-11-28,48,quantile,0.25,1024.79
2020-11-22,1 wk ahead inc death,2020-11-28,48,quantile,0.5,1038.57
2020-11-22,1 wk ahead inc death,2020-11-28,48,quantile,0.975,1084.95
2020-11-22,1 wk ahead inc death,2020-11-28,48,quantile,0.025,993.35
2020-11-22,1 wk ahead inc death,2020-11-28,48,quantile,0.1,1013.97
2020-11-22,1 wk ahead inc death,2020-11-28,48,quantile,0.75,1049.74
2020-11-22,1 wk ahead inc death,2020-11-28,48,quantile,0.9,1064.55
2020-11-22,1 wk ahead inc death,2020-11-28,49,quantile,0.75,89.60
2020-11-22,1 wk ahead inc death,2020-11-28,49,quantile,0.9,92.09
2020-11-22,1 wk ahead inc death,2020-11-28,49,quantile,0.1,81.84
2020-11-22,1 wk ahead inc death,2020-11-28,49,quantile,0.025,79.59
2020-11-22,1 wk ahead inc death,2020-11-28,49,quantile,0.25,84.47
2020-11-22,1 wk ahead inc death,2020-11-28,49,quantile,0.5,87.21
2020-11-22,1 wk ahead inc death,2020-11-28,49,quantile,0.975,96.82
2020-11-22,1 wk ahead inc death,2020-11-28,50,quantile,0.5,7.07
2020-11-22,1 wk ahead inc death,2020-11-28,50,quantile,0.25,6.62
2020-11-22,1 wk ahead inc death,2020-11-28,50,quantile,0.9,8.06
2020-11-22,1 wk ahead inc death,2020-11-28,50,quantile,0.975,8.26
2020-11-22,1 wk ahead inc death,2020-11-28,50,quantile,0.1,6.18
2020-11-22,1 wk ahead inc death,2020-11-28,50,quantile,0.75,7.55
2020-11-22,1 wk ahead inc death,2020-11-28,50,quantile,0.025,5.71
2020-11-22,1 wk ahead inc death,2020-11-28,51,quantile,0.975,190.63
2020-11-22,1 wk ahead inc death,2020-11-28,51,quantile,0.1,172.56
2020-11-22,1 wk ahead inc death,2020-11-28,51,quantile,0.5,180.13
2020-11-22,1 wk ahead inc death,2020-11-28,51,quantile,0.25,176.05
2020-11-22,1 wk ahead inc death,2020-11-28,51,quantile,0.75,184.51
2020-11-22,1 wk ahead inc death,2020-11-28,51,quantile,0.9,186.91
2020-11-22,1 wk ahead inc death,2020-11-28,51,quantile,0.025,169.86
2020-11-22,1 wk ahead inc death,2020-11-28,53,quantile,0.25,119.41
2020-11-22,1 wk ahead inc death,2020-11-28,53,quantile,0.025,116.14
2020-11-22,1 wk ahead inc death,2020-11-28,53,quantile,0.1,117.74
2020-11-22,1 wk ahead inc death,2020-11-28,53,quantile,0.975,129.86
2020-11-22,1 wk ahead inc death,2020-11-28,53,quantile,0.9,127.66
2020-11-22,1 wk ahead inc death,2020-11-28,53,quantile,0.5,122.30
2020-11-22,1 wk ahead inc death,2020-11-28,53,quantile,0.75,124.98
2020-11-22,1 wk ahead inc death,2020-11-28,54,quantile,0.75,106.86
2020-11-22,1 wk ahead inc death,2020-11-28,54,quantile,0.5,105.08
2020-11-22,1 wk ahead inc death,2020-11-28,54,quantile,0.025,98.08
2020-11-22,1 wk ahead inc death,2020-11-28,54,quantile,0.975,112.31
2020-11-22,1 wk ahead inc death,2020-11-28,54,quantile,0.25,102.39
2020-11-22,1 wk ahead inc death,2020-11-28,54,quantile,0.9,109.13
2020-11-22,1 wk ahead inc death,2020-11-28,54,quantile,0.1,100.83
2020-11-22,1 wk ahead inc death,2020-11-28,55,quantile,0.025,446.98
2020-11-22,1 wk ahead inc death,2020-11-28,55,quantile,0.975,480.76
2020-11-22,1 wk ahead inc death,2020-11-28,55,quantile,0.75,471.85
2020-11-22,1 wk ahead inc death,2020-11-28,55,quantile,0.5,464.05
2020-11-22,1 wk ahead inc death,2020-11-28,55,quantile,0.9,476.28
2020-11-22,1 wk ahead inc death,2020-11-28,55,quantile,0.1,451.53
2020-11-22,1 wk ahead inc death,2020-11-28,55,quantile,0.25,458.44
2020-11-22,1 wk ahead inc death,2020-11-28,56,quantile,0.9,44.49
2020-11-22,1 wk ahead inc death,2020-11-28,56,quantile,0.75,43.20
2020-11-22,1 wk ahead inc death,2020-11-28,56,quantile,0.5,41.96
2020-11-22,1 wk ahead inc death,2020-11-28,56,quantile,0.25,40.85
2020-11-22,1 wk ahead inc death,2020-11-28,56,quantile,0.025,37.88
2020-11-22,1 wk ahead inc death,2020-11-28,56,quantile,0.1,39.76
2020-11-22,1 wk ahead inc death,2020-11-28,56,quantile,0.975,45.65
2020-11-22,2 wk ahead inc death,2020-12-05,01,point,NA,244.59
2020-11-22,2 wk ahead inc death,2020-12-05,02,point,NA,30.12
2020-11-22,2 wk ahead inc death,2020-12-05,04,point,NA,245.19
2020-11-22,2 wk ahead inc death,2020-12-05,05,point,NA,195.28
2020-11-22,2 wk ahead inc death,2020-12-05,06,point,NA,807.69
2020-11-22,2 wk ahead inc death,2020-12-05,08,point,NA,329.01
2020-11-22,2 wk ahead inc death,2020-12-05,09,point,NA,121.06
2020-11-22,2 wk ahead inc death,2020-12-05,10,point,NA,29.99
2020-11-22,2 wk ahead inc death,2020-12-05,11,point,NA,9.85
2020-11-22,2 wk ahead inc death,2020-12-05,12,point,NA,668.31
2020-11-22,2 wk ahead inc death,2020-12-05,13,point,NA,368.70
2020-11-22,2 wk ahead inc death,2020-12-05,15,point,NA,8.98
2020-11-22,2 wk ahead inc death,2020-12-05,16,point,NA,107.85
2020-11-22,2 wk ahead inc death,2020-12-05,17,point,NA,898.46
2020-11-22,2 wk ahead inc death,2020-12-05,18,point,NA,469.22
2020-11-22,2 wk ahead inc death,2020-12-05,19,point,NA,297.40
2020-11-22,2 wk ahead inc death,2020-12-05,20,point,NA,228.81
2020-11-22,2 wk ahead inc death,2020-12-05,21,point,NA,247.88
2020-11-22,2 wk ahead inc death,2020-12-05,22,point,NA,342.52
2020-11-22,2 wk ahead inc death,2020-12-05,23,point,NA,20.19
2020-11-22,2 wk ahead inc death,2020-12-05,24,point,NA,184.13
2020-11-22,2 wk ahead inc death,2020-12-05,25,point,NA,202.96
2020-11-22,2 wk ahead inc death,2020-12-05,26,point,NA,584.59
2020-11-22,2 wk ahead inc death,2020-12-05,27,point,NA,424.49
2020-11-22,2 wk ahead inc death,2020-12-05,28,point,NA,185.93
2020-11-22,2 wk ahead inc death,2020-12-05,29,point,NA,309.75
2020-11-22,2 wk ahead inc death,2020-12-05,30,point,NA,115.11
2020-11-22,2 wk ahead inc death,2020-12-05,31,point,NA,181.70
2020-11-22,2 wk ahead inc death,2020-12-05,32,point,NA,144.06
2020-11-22,2 wk ahead inc death,2020-12-05,33,point,NA,22.09
2020-11-22,2 wk ahead inc death,2020-12-05,34,point,NA,284.96
2020-11-22,2 wk ahead inc death,2020-12-05,35,point,NA,183.77
2020-11-22,2 wk ahead inc death,2020-12-05,36,point,NA,387.76
2020-11-22,2 wk ahead inc death,2020-12-05,37,point,NA,357.48
2020-11-22,2 wk ahead inc death,2020-12-05,38,point,NA,108.98
2020-11-22,2 wk ahead inc death,2020-12-05,39,point,NA,540.71
2020-11-22,2 wk ahead inc death,2020-12-05,40,point,NA,214.88
2020-11-22,2 wk ahead inc death,2020-12-05,41,point,NA,98.68
2020-11-22,2 wk ahead inc death,2020-12-05,42,point,NA,573.86
2020-11-22,2 wk ahead inc death,2020-12-05,44,point,NA,52.02
2020-11-22,2 wk ahead inc death,2020-12-05,45,point,NA,221.79
2020-11-22,2 wk ahead inc death,2020-12-05,46,point,NA,136.40
2020-11-22,2 wk ahead inc death,2020-12-05,47,point,NA,419.30
2020-11-22,2 wk ahead inc death,2020-12-05,48,point,NA,1179.03
2020-11-22,2 wk ahead inc death,2020-12-05,49,point,NA,113.00
2020-11-22,2 wk ahead inc death,2020-12-05,50,point,NA,10.86
2020-11-22,2 wk ahead inc death,2020-12-05,51,point,NA,215.70
2020-11-22,2 wk ahead inc death,2020-12-05,53,point,NA,157.75
2020-11-22,2 wk ahead inc death,2020-12-05,54,point,NA,120.48
2020-11-22,2 wk ahead inc death,2020-12-05,55,point,NA,496.99
2020-11-22,2 wk ahead inc death,2020-12-05,56,point,NA,50.38
2020-11-22,2 wk ahead inc death,2020-12-05,01,quantile,0.025,229.20
2020-11-22,2 wk ahead inc death,2020-12-05,01,quantile,0.975,258.23
2020-11-22,2 wk ahead inc death,2020-12-05,01,quantile,0.1,234.41
2020-11-22,2 wk ahead inc death,2020-12-05,01,quantile,0.75,250.74
2020-11-22,2 wk ahead inc death,2020-12-05,01,quantile,0.5,243.68
2020-11-22,2 wk ahead inc death,2020-12-05,01,quantile,0.9,256.41
2020-11-22,2 wk ahead inc death,2020-12-05,01,quantile,0.25,239.82
2020-11-22,2 wk ahead inc death,2020-12-05,02,quantile,0.1,26.35
2020-11-22,2 wk ahead inc death,2020-12-05,02,quantile,0.5,30.28
2020-11-22,2 wk ahead inc death,2020-12-05,02,quantile,0.975,36.17
2020-11-22,2 wk ahead inc death,2020-12-05,02,quantile,0.25,27.91
2020-11-22,2 wk ahead inc death,2020-12-05,02,quantile,0.75,32.07
2020-11-22,2 wk ahead inc death,2020-12-05,02,quantile,0.025,24.07
2020-11-22,2 wk ahead inc death,2020-12-05,02,quantile,0.9,33.72
2020-11-22,2 wk ahead inc death,2020-12-05,04,quantile,0.25,232.86
2020-11-22,2 wk ahead inc death,2020-12-05,04,quantile,0.9,266.86
2020-11-22,2 wk ahead inc death,2020-12-05,04,quantile,0.5,242.17
2020-11-22,2 wk ahead inc death,2020-12-05,04,quantile,0.75,254.56
2020-11-22,2 wk ahead inc death,2020-12-05,04,quantile,0.1,226.91
2020-11-22,2 wk ahead inc death,2020-12-05,04,quantile,0.025,223.84
2020-11-22,2 wk ahead inc death,2020-12-05,04,quantile,0.975,279.85
2020-11-22,2 wk ahead inc death,2020-12-05,05,quantile,0.5,195.01
2020-11-22,2 wk ahead inc death,2020-12-05,05,quantile,0.1,187.89
2020-11-22,2 wk ahead inc death,2020-12-05,05,quantile,0.25,191.17
2020-11-22,2 wk ahead inc death,2020-12-05,05,quantile,0.9,204.11
2020-11-22,2 wk ahead inc death,2020-12-05,05,quantile,0.025,184.24
2020-11-22,2 wk ahead inc death,2020-12-05,05,quantile,0.975,206.50
2020-11-22,2 wk ahead inc death,2020-12-05,05,quantile,0.75,199.44
2020-11-22,2 wk ahead inc death,2020-12-05,06,quantile,0.1,769.05
2020-11-22,2 wk ahead inc death,2020-12-05,06,quantile,0.25,783.05
2020-11-22,2 wk ahead inc death,2020-12-05,06,quantile,0.9,850.69
2020-11-22,2 wk ahead inc death,2020-12-05,06,quantile,0.975,872.91
2020-11-22,2 wk ahead inc death,2020-12-05,06,quantile,0.75,833.42
2020-11-22,2 wk ahead inc death,2020-12-05,06,quantile,0.5,804.90
2020-11-22,2 wk ahead inc death,2020-12-05,06,quantile,0.025,757.73
2020-11-22,2 wk ahead inc death,2020-12-05,08,quantile,0.75,334.18
2020-11-22,2 wk ahead inc death,2020-12-05,08,quantile,0.1,318.45
2020-11-22,2 wk ahead inc death,2020-12-05,08,quantile,0.5,329.88
2020-11-22,2 wk ahead inc death,2020-12-05,08,quantile,0.25,322.65
2020-11-22,2 wk ahead inc death,2020-12-05,08,quantile,0.975,342.93
2020-11-22,2 wk ahead inc death,2020-12-05,08,quantile,0.025,314.69
2020-11-22,2 wk ahead inc death,2020-12-05,08,quantile,0.9,336.98
2020-11-22,2 wk ahead inc death,2020-12-05,09,quantile,0.025,112.39
2020-11-22,2 wk ahead inc death,2020-12-05,09,quantile,0.75,123.87
2020-11-22,2 wk ahead inc death,2020-12-05,09,quantile,0.25,118.11
2020-11-22,2 wk ahead inc death,2020-12-05,09,quantile,0.9,126.98
2020-11-22,2 wk ahead inc death,2020-12-05,09,quantile,0.5,120.69
2020-11-22,2 wk ahead inc death,2020-12-05,09,quantile,0.975,130.24
2020-11-22,2 wk ahead inc death,2020-12-05,09,quantile,0.1,115.49
2020-11-22,2 wk ahead inc death,2020-12-05,10,quantile,0.9,32.58
2020-11-22,2 wk ahead inc death,2020-12-05,10,quantile,0.975,33.78
2020-11-22,2 wk ahead inc death,2020-12-05,10,quantile,0.5,30.17
2020-11-22,2 wk ahead inc death,2020-12-05,10,quantile,0.25,28.86
2020-11-22,2 wk ahead inc death,2020-12-05,10,quantile,0.75,31.06
2020-11-22,2 wk ahead inc death,2020-12-05,10,quantile,0.025,26.19
2020-11-22,2 wk ahead inc death,2020-12-05,10,quantile,0.1,27.58
2020-11-22,2 wk ahead inc death,2020-12-05,11,quantile,0.025,7.68
2020-11-22,2 wk ahead inc death,2020-12-05,11,quantile,0.25,9.00
2020-11-22,2 wk ahead inc death,2020-12-05,11,quantile,0.1,8.30
2020-11-22,2 wk ahead inc death,2020-12-05,11,quantile,0.9,11.81
2020-11-22,2 wk ahead inc death,2020-12-05,11,quantile,0.975,12.37
2020-11-22,2 wk ahead inc death,2020-12-05,11,quantile,0.5,9.53
2020-11-22,2 wk ahead inc death,2020-12-05,11,quantile,0.75,10.69
2020-11-22,2 wk ahead inc death,2020-12-05,12,quantile,0.1,643.49
2020-11-22,2 wk ahead inc death,2020-12-05,12,quantile,0.9,690.67
2020-11-22,2 wk ahead inc death,2020-12-05,12,quantile,0.5,666.85
2020-11-22,2 wk ahead inc death,2020-12-05,12,quantile,0.25,656.91
2020-11-22,2 wk ahead inc death,2020-12-05,12,quantile,0.025,628.48
2020-11-22,2 wk ahead inc death,2020-12-05,12,quantile,0.975,714.41
2020-11-22,2 wk ahead inc death,2020-12-05,12,quantile,0.75,680.77
2020-11-22,2 wk ahead inc death,2020-12-05,13,quantile,0.25,361.11
2020-11-22,2 wk ahead inc death,2020-12-05,13,quantile,0.75,376.69
2020-11-22,2 wk ahead inc death,2020-12-05,13,quantile,0.5,367.71
2020-11-22,2 wk ahead inc death,2020-12-05,13,quantile,0.9,384.27
2020-11-22,2 wk ahead inc death,2020-12-05,13,quantile,0.1,354.23
2020-11-22,2 wk ahead inc death,2020-12-05,13,quantile,0.975,393.98
2020-11-22,2 wk ahead inc death,2020-12-05,13,quantile,0.025,349.78
2020-11-22,2 wk ahead inc death,2020-12-05,15,quantile,0.975,10.94
2020-11-22,2 wk ahead inc death,2020-12-05,15,quantile,0.9,10.45
2020-11-22,2 wk ahead inc death,2020-12-05,15,quantile,0.1,7.50
2020-11-22,2 wk ahead inc death,2020-12-05,15,quantile,0.25,8.24
2020-11-22,2 wk ahead inc death,2020-12-05,15,quantile,0.75,9.72
2020-11-22,2 wk ahead inc death,2020-12-05,15,quantile,0.5,9.07
2020-11-22,2 wk ahead inc death,2020-12-05,15,quantile,0.025,6.85
2020-11-22,2 wk ahead inc death,2020-12-05,16,quantile,0.025,100.74
2020-11-22,2 wk ahead inc death,2020-12-05,16,quantile,0.5,107.63
2020-11-22,2 wk ahead inc death,2020-12-05,16,quantile,0.25,105.36
2020-11-22,2 wk ahead inc death,2020-12-05,16,quantile,0.975,114.89
2020-11-22,2 wk ahead inc death,2020-12-05,16,quantile,0.75,110.62
2020-11-22,2 wk ahead inc death,2020-12-05,16,quantile,0.9,112.40
2020-11-22,2 wk ahead inc death,2020-12-05,16,quantile,0.1,102.97
2020-11-22,2 wk ahead inc death,2020-12-05,17,quantile,0.25,885.75
2020-11-22,2 wk ahead inc death,2020-12-05,17,quantile,0.75,912.66
2020-11-22,2 wk ahead inc death,2020-12-05,17,quantile,0.5,900.33
2020-11-22,2 wk ahead inc death,2020-12-05,17,quantile,0.9,923.31
2020-11-22,2 wk ahead inc death,2020-12-05,17,quantile,0.1,869.11
2020-11-22,2 wk ahead inc death,2020-12-05,17,quantile,0.975,930.26
2020-11-22,2 wk ahead inc death,2020-12-05,17,quantile,0.025,860.47
2020-11-22,2 wk ahead inc death,2020-12-05,18,quantile,0.9,482.04
2020-11-22,2 wk ahead inc death,2020-12-05,18,quantile,0.75,476.50
2020-11-22,2 wk ahead inc death,2020-12-05,18,quantile,0.1,452.74
2020-11-22,2 wk ahead inc death,2020-12-05,18,quantile,0.975,489.19
2020-11-22,2 wk ahead inc death,2020-12-05,18,quantile,0.25,460.14
2020-11-22,2 wk ahead inc death,2020-12-05,18,quantile,0.025,448.74
2020-11-22,2 wk ahead inc death,2020-12-05,18,quantile,0.5,471.84
2020-11-22,2 wk ahead inc death,2020-12-05,19,quantile,0.25,290.13
2020-11-22,2 wk ahead inc death,2020-12-05,19,quantile,0.5,297.36
2020-11-22,2 wk ahead inc death,2020-12-05,19,quantile,0.1,285.48
2020-11-22,2 wk ahead inc death,2020-12-05,19,quantile,0.9,308.15
2020-11-22,2 wk ahead inc death,2020-12-05,19,quantile,0.75,304.18
2020-11-22,2 wk ahead inc death,2020-12-05,19,quantile,0.025,280.02
2020-11-22,2 wk ahead inc death,2020-12-05,19,quantile,0.975,316.22
2020-11-22,2 wk ahead inc death,2020-12-05,20,quantile,0.025,210.58
2020-11-22,2 wk ahead inc death,2020-12-05,20,quantile,0.975,242.02
2020-11-22,2 wk ahead inc death,2020-12-05,20,quantile,0.5,229.42
2020-11-22,2 wk ahead inc death,2020-12-05,20,quantile,0.25,224.25
2020-11-22,2 wk ahead inc death,2020-12-05,20,quantile,0.75,234.20
2020-11-22,2 wk ahead inc death,2020-12-05,20,quantile,0.9,239.80
2020-11-22,2 wk ahead inc death,2020-12-05,20,quantile,0.1,217.55
2020-11-22,2 wk ahead inc death,2020-12-05,21,quantile,0.1,238.18
2020-11-22,2 wk ahead inc death,2020-12-05,21,quantile,0.25,241.65
2020-11-22,2 wk ahead inc death,2020-12-05,21,quantile,0.5,248.75
2020-11-22,2 wk ahead inc death,2020-12-05,21,quantile,0.9,259.13
2020-11-22,2 wk ahead inc death,2020-12-05,21,quantile,0.025,227.54
2020-11-22,2 wk ahead inc death,2020-12-05,21,quantile,0.975,263.02
2020-11-22,2 wk ahead inc death,2020-12-05,21,quantile,0.75,255.42
2020-11-22,2 wk ahead inc death,2020-12-05,22,quantile,0.5,341.77
2020-11-22,2 wk ahead inc death,2020-12-05,22,quantile,0.9,354.92
2020-11-22,2 wk ahead inc death,2020-12-05,22,quantile,0.025,325.16
2020-11-22,2 wk ahead inc death,2020-12-05,22,quantile,0.75,349.40
2020-11-22,2 wk ahead inc death,2020-12-05,22,quantile,0.975,358.25
2020-11-22,2 wk ahead inc death,2020-12-05,22,quantile,0.25,336.08
2020-11-22,2 wk ahead inc death,2020-12-05,22,quantile,0.1,333.24
2020-11-22,2 wk ahead inc death,2020-12-05,23,quantile,0.9,22.75
2020-11-22,2 wk ahead inc death,2020-12-05,23,quantile,0.75,21.23
2020-11-22,2 wk ahead inc death,2020-12-05,23,quantile,0.5,20.04
2020-11-22,2 wk ahead inc death,2020-12-05,23,quantile,0.025,17.14
2020-11-22,2 wk ahead inc death,2020-12-05,23,quantile,0.1,17.84
2020-11-22,2 wk ahead inc death,2020-12-05,23,quantile,0.25,18.91
2020-11-22,2 wk ahead inc death,2020-12-05,23,quantile,0.975,24.13
2020-11-22,2 wk ahead inc death,2020-12-05,24,quantile,0.5,184.92
2020-11-22,2 wk ahead inc death,2020-12-05,24,quantile,0.975,195.34
2020-11-22,2 wk ahead inc death,2020-12-05,24,quantile,0.025,172.21
2020-11-22,2 wk ahead inc death,2020-12-05,24,quantile,0.1,175.48
2020-11-22,2 wk ahead inc death,2020-12-05,24,quantile,0.9,192.43
2020-11-22,2 wk ahead inc death,2020-12-05,24,quantile,0.75,188.08
2020-11-22,2 wk ahead inc death,2020-12-05,24,quantile,0.25,179.48
2020-11-22,2 wk ahead inc death,2020-12-05,25,quantile,0.9,210.66
2020-11-22,2 wk ahead inc death,2020-12-05,25,quantile,0.975,213.81
2020-11-22,2 wk ahead inc death,2020-12-05,25,quantile,0.025,193.66
2020-11-22,2 wk ahead inc death,2020-12-05,25,quantile,0.75,207.04
2020-11-22,2 wk ahead inc death,2020-12-05,25,quantile,0.1,195.34
2020-11-22,2 wk ahead inc death,2020-12-05,25,quantile,0.5,202.24
2020-11-22,2 wk ahead inc death,2020-12-05,25,quantile,0.25,199.71
2020-11-22,2 wk ahead inc death,2020-12-05,26,quantile,0.75,594.99
2020-11-22,2 wk ahead inc death,2020-12-05,26,quantile,0.025,556.15
2020-11-22,2 wk ahead inc death,2020-12-05,26,quantile,0.1,564.38
2020-11-22,2 wk ahead inc death,2020-12-05,26,quantile,0.25,573.58
2020-11-22,2 wk ahead inc death,2020-12-05,26,quantile,0.9,604.82
2020-11-22,2 wk ahead inc death,2020-12-05,26,quantile,0.5,585.25
2020-11-22,2 wk ahead inc death,2020-12-05,26,quantile,0.975,611.72
2020-11-22,2 wk ahead inc death,2020-12-05,27,quantile,0.1,409.53
2020-11-22,2 wk ahead inc death,2020-12-05,27,quantile,0.025,401.57
2020-11-22,2 wk ahead inc death,2020-12-05,27,quantile,0.9,441.44
2020-11-22,2 wk ahead inc death,2020-12-05,27,quantile,0.5,425.30
2020-11-22,2 wk ahead inc death,2020-12-05,27,quantile,0.25,414.88
2020-11-22,2 wk ahead inc death,2020-12-05,27,quantile,0.75,432.75
2020-11-22,2 wk ahead inc death,2020-12-05,27,quantile,0.975,445.80
2020-11-22,2 wk ahead inc death,2020-12-05,28,quantile,0.5,186.54
2020-11-22,2 wk ahead inc death,2020-12-05,28,quantile,0.975,199.50
2020-11-22,2 wk ahead inc death,2020-12-05,28,quantile,0.25,181.02
2020-11-22,2 wk ahead inc death,2020-12-05,28,quantile,0.9,197.37
2020-11-22,2 wk ahead inc death,2020-12-05,28,quantile,0.1,174.66
2020-11-22,2 wk ahead inc death,2020-12-05,28,quantile,0.75,190.49
2020-11-22,2 wk ahead inc death,2020-12-05,28,quantile,0.025,170.95
2020-11-22,2 wk ahead inc death,2020-12-05,29,quantile,0.75,317.76
2020-11-22,2 wk ahead inc death,2020-12-05,29,quantile,0.9,322.82
2020-11-22,2 wk ahead inc death,2020-12-05,29,quantile,0.975,326.82
2020-11-22,2 wk ahead inc death,2020-12-05,29,quantile,0.5,308.21
2020-11-22,2 wk ahead inc death,2020-12-05,29,quantile,0.1,295.63
2020-11-22,2 wk ahead inc death,2020-12-05,29,quantile,0.025,290.88
2020-11-22,2 wk ahead inc death,2020-12-05,29,quantile,0.25,303.63
2020-11-22,2 wk ahead inc death,2020-12-05,30,quantile,0.975,127.68
2020-11-22,2 wk ahead inc death,2020-12-05,30,quantile,0.75,118.57
2020-11-22,2 wk ahead inc death,2020-12-05,30,quantile,0.025,104.59
2020-11-22,2 wk ahead inc death,2020-12-05,30,quantile,0.9,122.19
2020-11-22,2 wk ahead inc death,2020-12-05,30,quantile,0.1,107.63
2020-11-22,2 wk ahead inc death,2020-12-05,30,quantile,0.5,115.16
2020-11-22,2 wk ahead inc death,2020-12-05,30,quantile,0.25,111.11
2020-11-22,2 wk ahead inc death,2020-12-05,31,quantile,0.1,171.68
2020-11-22,2 wk ahead inc death,2020-12-05,31,quantile,0.025,169.15
2020-11-22,2 wk ahead inc death,2020-12-05,31,quantile,0.9,189.86
2020-11-22,2 wk ahead inc death,2020-12-05,31,quantile,0.25,176.88
2020-11-22,2 wk ahead inc death,2020-12-05,31,quantile,0.75,186.08
2020-11-22,2 wk ahead inc death,2020-12-05,31,quantile,0.5,181.72
2020-11-22,2 wk ahead inc death,2020-12-05,31,quantile,0.975,195.31
2020-11-22,2 wk ahead inc death,2020-12-05,32,quantile,0.975,163.13
2020-11-22,2 wk ahead inc death,2020-12-05,32,quantile,0.9,157.47
2020-11-22,2 wk ahead inc death,2020-12-05,32,quantile,0.25,137.53
2020-11-22,2 wk ahead inc death,2020-12-05,32,quantile,0.025,125.74
2020-11-22,2 wk ahead inc death,2020-12-05,32,quantile,0.75,150.62
2020-11-22,2 wk ahead inc death,2020-12-05,32,quantile,0.5,143.48
2020-11-22,2 wk ahead inc death,2020-12-05,32,quantile,0.1,131.23
2020-11-22,2 wk ahead inc death,2020-12-05,33,quantile,0.9,24.78
2020-11-22,2 wk ahead inc death,2020-12-05,33,quantile,0.25,20.79
2020-11-22,2 wk ahead inc death,2020-12-05,33,quantile,0.025,18.43
2020-11-22,2 wk ahead inc death,2020-12-05,33,quantile,0.1,19.52
2020-11-22,2 wk ahead inc death,2020-12-05,33,quantile,0.5,21.79
2020-11-22,2 wk ahead inc death,2020-12-05,33,quantile,0.975,25.71
2020-11-22,2 wk ahead inc death,2020-12-05,33,quantile,0.75,23.59
2020-11-22,2 wk ahead inc death,2020-12-05,34,quantile,0.975,299.13
2020-11-22,2 wk ahead inc death,2020-12-05,34,quantile,0.75,292.08
2020-11-22,2 wk ahead inc death,2020-12-05,34,quantile,0.9,295.77
2020-11-22,2 wk ahead inc death,2020-12-05,34,quantile,0.1,271.50
2020-11-22,2 wk ahead inc death,2020-12-05,34,quantile,0.5,287.00
2020-11-22,2 wk ahead inc death,2020-12-05,34,quantile,0.025,264.96
2020-11-22,2 wk ahead inc death,2020-12-05,34,quantile,0.25,279.15
2020-11-22,2 wk ahead inc death,2020-12-05,35,quantile,0.75,188.36
2020-11-22,2 wk ahead inc death,2020-12-05,35,quantile,0.9,193.98
2020-11-22,2 wk ahead inc death,2020-12-05,35,quantile,0.1,175.36
2020-11-22,2 wk ahead inc death,2020-12-05,35,quantile,0.25,179.80
2020-11-22,2 wk ahead inc death,2020-12-05,35,quantile,0.025,171.82
2020-11-22,2 wk ahead inc death,2020-12-05,35,quantile,0.5,182.36
2020-11-22,2 wk ahead inc death,2020-12-05,35,quantile,0.975,198.32
2020-11-22,2 wk ahead inc death,2020-12-05,36,quantile,0.25,380.21
2020-11-22,2 wk ahead inc death,2020-12-05,36,quantile,0.1,375.07
2020-11-22,2 wk ahead inc death,2020-12-05,36,quantile,0.5,389.52
2020-11-22,2 wk ahead inc death,2020-12-05,36,quantile,0.9,400.16
2020-11-22,2 wk ahead inc death,2020-12-05,36,quantile,0.75,394.21
2020-11-22,2 wk ahead inc death,2020-12-05,36,quantile,0.975,405.88
2020-11-22,2 wk ahead inc death,2020-12-05,36,quantile,0.025,371.94
2020-11-22,2 wk ahead inc death,2020-12-05,37,quantile,0.1,343.63
2020-11-22,2 wk ahead inc death,2020-12-05,37,quantile,0.9,370.07
2020-11-22,2 wk ahead inc death,2020-12-05,37,quantile,0.75,363.83
2020-11-22,2 wk ahead inc death,2020-12-05,37,quantile,0.25,349.50
2020-11-22,2 wk ahead inc death,2020-12-05,37,quantile,0.025,339.61
2020-11-22,2 wk ahead inc death,2020-12-05,37,quantile,0.975,379.61
2020-11-22,2 wk ahead inc death,2020-12-05,37,quantile,0.5,357.86
2020-11-22,2 wk ahead inc death,2020-12-05,38,quantile,0.025,99.89
2020-11-22,2 wk ahead inc death,2020-12-05,38,quantile,0.75,112.18
2020-11-22,2 wk ahead inc death,2020-12-05,38,quantile,0.975,118.59
2020-11-22,2 wk ahead inc death,2020-12-05,38,quantile,0.1,103.45
2020-11-22,2 wk ahead inc death,2020-12-05,38,quantile,0.5,109.55
2020-11-22,2 wk ahead inc death,2020-12-05,38,quantile,0.25,104.95
2020-11-22,2 wk ahead inc death,2020-12-05,38,quantile,0.9,114.41
2020-11-22,2 wk ahead inc death,2020-12-05,39,quantile,0.975,563.34
2020-11-22,2 wk ahead inc death,2020-12-05,39,quantile,0.75,550.70
2020-11-22,2 wk ahead inc death,2020-12-05,39,quantile,0.025,515.76
2020-11-22,2 wk ahead inc death,2020-12-05,39,quantile,0.1,520.36
2020-11-22,2 wk ahead inc death,2020-12-05,39,quantile,0.25,532.52
2020-11-22,2 wk ahead inc death,2020-12-05,39,quantile,0.9,556.83
2020-11-22,2 wk ahead inc death,2020-12-05,39,quantile,0.5,540.89
2020-11-22,2 wk ahead inc death,2020-12-05,40,quantile,0.9,223.83
2020-11-22,2 wk ahead inc death,2020-12-05,40,quantile,0.75,220.93
2020-11-22,2 wk ahead inc death,2020-12-05,40,quantile,0.5,216.38
2020-11-22,2 wk ahead inc death,2020-12-05,40,quantile,0.025,200.19
2020-11-22,2 wk ahead inc death,2020-12-05,40,quantile,0.975,226.97
2020-11-22,2 wk ahead inc death,2020-12-05,40,quantile,0.25,208.68
2020-11-22,2 wk ahead inc death,2020-12-05,40,quantile,0.1,204.40
2020-11-22,2 wk ahead inc death,2020-12-05,41,quantile,0.9,104.10
2020-11-22,2 wk ahead inc death,2020-12-05,41,quantile,0.975,106.09
2020-11-22,2 wk ahead inc death,2020-12-05,41,quantile,0.75,101.67
2020-11-22,2 wk ahead inc death,2020-12-05,41,quantile,0.025,90.11
2020-11-22,2 wk ahead inc death,2020-12-05,41,quantile,0.25,95.35
2020-11-22,2 wk ahead inc death,2020-12-05,41,quantile,0.5,98.85
2020-11-22,2 wk ahead inc death,2020-12-05,41,quantile,0.1,93.42
2020-11-22,2 wk ahead inc death,2020-12-05,42,quantile,0.975,597.25
2020-11-22,2 wk ahead inc death,2020-12-05,42,quantile,0.9,590.40
2020-11-22,2 wk ahead inc death,2020-12-05,42,quantile,0.025,552.17
2020-11-22,2 wk ahead inc death,2020-12-05,42,quantile,0.1,556.21
2020-11-22,2 wk ahead inc death,2020-12-05,42,quantile,0.25,563.88
2020-11-22,2 wk ahead inc death,2020-12-05,42,quantile,0.75,581.72
2020-11-22,2 wk ahead inc death,2020-12-05,42,quantile,0.5,572.85
2020-11-22,2 wk ahead inc death,2020-12-05,44,quantile,0.1,48.38
2020-11-22,2 wk ahead inc death,2020-12-05,44,quantile,0.25,50.10
2020-11-22,2 wk ahead inc death,2020-12-05,44,quantile,0.75,53.84
2020-11-22,2 wk ahead inc death,2020-12-05,44,quantile,0.5,51.74
2020-11-22,2 wk ahead inc death,2020-12-05,44,quantile,0.975,56.98
2020-11-22,2 wk ahead inc death,2020-12-05,44,quantile,0.9,55.89
2020-11-22,2 wk ahead inc death,2020-12-05,44,quantile,0.025,47.36
2020-11-22,2 wk ahead inc death,2020-12-05,45,quantile,0.5,221.31
2020-11-22,2 wk ahead inc death,2020-12-05,45,quantile,0.025,211.00
2020-11-22,2 wk ahead inc death,2020-12-05,45,quantile,0.25,217.78
2020-11-22,2 wk ahead inc death,2020-12-05,45,quantile,0.1,213.00
2020-11-22,2 wk ahead inc death,2020-12-05,45,quantile,0.9,230.89
2020-11-22,2 wk ahead inc death,2020-12-05,45,quantile,0.75,226.11
2020-11-22,2 wk ahead inc death,2020-12-05,45,quantile,0.975,234.08
2020-11-22,2 wk ahead inc death,2020-12-05,46,quantile,0.975,146.93
2020-11-22,2 wk ahead inc death,2020-12-05,46,quantile,0.1,130.07
2020-11-22,2 wk ahead inc death,2020-12-05,46,quantile,0.9,144.12
2020-11-22,2 wk ahead inc death,2020-12-05,46,quantile,0.025,126.56
2020-11-22,2 wk ahead inc death,2020-12-05,46,quantile,0.25,132.88
2020-11-22,2 wk ahead inc death,2020-12-05,46,quantile,0.75,140.21
2020-11-22,2 wk ahead inc death,2020-12-05,46,quantile,0.5,135.66
2020-11-22,2 wk ahead inc death,2020-12-05,47,quantile,0.9,433.18
2020-11-22,2 wk ahead inc death,2020-12-05,47,quantile,0.25,413.10
2020-11-22,2 wk ahead inc death,2020-12-05,47,quantile,0.5,419.11
2020-11-22,2 wk ahead inc death,2020-12-05,47,quantile,0.975,436.91
2020-11-22,2 wk ahead inc death,2020-12-05,47,quantile,0.1,407.89
2020-11-22,2 wk ahead inc death,2020-12-05,47,quantile,0.75,424.97
2020-11-22,2 wk ahead inc death,2020-12-05,47,quantile,0.025,397.95
2020-11-22,2 wk ahead inc death,2020-12-05,48,quantile,0.25,1151.86
2020-11-22,2 wk ahead inc death,2020-12-05,48,quantile,0.5,1180.80
2020-11-22,2 wk ahead inc death,2020-12-05,48,quantile,0.975,1248.20
2020-11-22,2 wk ahead inc death,2020-12-05,48,quantile,0.025,1117.31
2020-11-22,2 wk ahead inc death,2020-12-05,48,quantile,0.1,1134.27
2020-11-22,2 wk ahead inc death,2020-12-05,48,quantile,0.75,1203.45
2020-11-22,2 wk ahead inc death,2020-12-05,48,quantile,0.9,1217.78
2020-11-22,2 wk ahead inc death,2020-12-05,49,quantile,0.75,118.49
2020-11-22,2 wk ahead inc death,2020-12-05,49,quantile,0.9,125.67
2020-11-22,2 wk ahead inc death,2020-12-05,49,quantile,0.1,101.86
2020-11-22,2 wk ahead inc death,2020-12-05,49,quantile,0.025,95.98
2020-11-22,2 wk ahead inc death,2020-12-05,49,quantile,0.25,105.95
2020-11-22,2 wk ahead inc death,2020-12-05,49,quantile,0.5,112.43
2020-11-22,2 wk ahead inc death,2020-12-05,49,quantile,0.975,135.49
2020-11-22,2 wk ahead inc death,2020-12-05,50,quantile,0.5,10.62
2020-11-22,2 wk ahead inc death,2020-12-05,50,quantile,0.25,9.93
2020-11-22,2 wk ahead inc death,2020-12-05,50,quantile,0.9,12.75
2020-11-22,2 wk ahead inc death,2020-12-05,50,quantile,0.975,13.52
2020-11-22,2 wk ahead inc death,2020-12-05,50,quantile,0.1,9.36
2020-11-22,2 wk ahead inc death,2020-12-05,50,quantile,0.75,11.64
2020-11-22,2 wk ahead inc death,2020-12-05,50,quantile,0.025,8.77
2020-11-22,2 wk ahead inc death,2020-12-05,51,quantile,0.975,232.41
2020-11-22,2 wk ahead inc death,2020-12-05,51,quantile,0.1,205.08
2020-11-22,2 wk ahead inc death,2020-12-05,51,quantile,0.5,214.97
2020-11-22,2 wk ahead inc death,2020-12-05,51,quantile,0.25,210.95
2020-11-22,2 wk ahead inc death,2020-12-05,51,quantile,0.75,221.66
2020-11-22,2 wk ahead inc death,2020-12-05,51,quantile,0.9,225.39
2020-11-22,2 wk ahead inc death,2020-12-05,51,quantile,0.025,200.31
2020-11-22,2 wk ahead inc death,2020-12-05,53,quantile,0.25,153.18
2020-11-22,2 wk ahead inc death,2020-12-05,53,quantile,0.025,145.73
2020-11-22,2 wk ahead inc death,2020-12-05,53,quantile,0.1,149.56
2020-11-22,2 wk ahead inc death,2020-12-05,53,quantile,0.975,170.01
2020-11-22,2 wk ahead inc death,2020-12-05,53,quantile,0.9,165.74
2020-11-22,2 wk ahead inc death,2020-12-05,53,quantile,0.5,157.72
2020-11-22,2 wk ahead inc death,2020-12-05,53,quantile,0.75,162.64
2020-11-22,2 wk ahead inc death,2020-12-05,54,quantile,0.75,123.49
2020-11-22,2 wk ahead inc death,2020-12-05,54,quantile,0.5,120.20
2020-11-22,2 wk ahead inc death,2020-12-05,54,quantile,0.025,111.23
2020-11-22,2 wk ahead inc death,2020-12-05,54,quantile,0.975,131.46
2020-11-22,2 wk ahead inc death,2020-12-05,54,quantile,0.25,117.20
2020-11-22,2 wk ahead inc death,2020-12-05,54,quantile,0.9,127.54
2020-11-22,2 wk ahead inc death,2020-12-05,54,quantile,0.1,113.69
2020-11-22,2 wk ahead inc death,2020-12-05,55,quantile,0.025,468.18
2020-11-22,2 wk ahead inc death,2020-12-05,55,quantile,0.975,521.45
2020-11-22,2 wk ahead inc death,2020-12-05,55,quantile,0.75,506.22
2020-11-22,2 wk ahead inc death,2020-12-05,55,quantile,0.5,495.86
2020-11-22,2 wk ahead inc death,2020-12-05,55,quantile,0.9,517.26
2020-11-22,2 wk ahead inc death,2020-12-05,55,quantile,0.1,478.57
2020-11-22,2 wk ahead inc death,2020-12-05,55,quantile,0.25,487.00
2020-11-22,2 wk ahead inc death,2020-12-05,56,quantile,0.9,53.89
2020-11-22,2 wk ahead inc death,2020-12-05,56,quantile,0.75,51.95
2020-11-22,2 wk ahead inc death,2020-12-05,56,quantile,0.5,50.26
2020-11-22,2 wk ahead inc death,2020-12-05,56,quantile,0.25,48.39
2020-11-22,2 wk ahead inc death,2020-12-05,56,quantile,0.025,45.65
2020-11-22,2 wk ahead inc death,2020-12-05,56,quantile,0.1,47.22
2020-11-22,2 wk ahead inc death,2020-12-05,56,quantile,0.975,56.38
2020-11-22,1 wk ahead inc death,2020-11-28,US,point,NA,12246.19
2020-11-22,1 wk ahead inc death,2020-11-28,US,quantile,0.025,12013.15
2020-11-22,1 wk ahead inc death,2020-11-28,US,quantile,0.1,12075.75
2020-11-22,1 wk ahead inc death,2020-11-28,US,quantile,0.25,12146.75
2020-11-22,1 wk ahead inc death,2020-11-28,US,quantile,0.5,12253.48
2020-11-22,1 wk ahead inc death,2020-11-28,US,quantile,0.75,12334.32
2020-11-22,1 wk ahead inc death,2020-11-28,US,quantile,0.9,12400.89
2020-11-22,1 wk ahead inc death,2020-11-28,US,quantile,0.975,12523.48
2020-11-22,2 wk ahead inc death,2020-12-05,US,point,NA,13950.70
2020-11-22,2 wk ahead inc death,2020-12-05,US,quantile,0.025,13551.26
2020-11-22,2 wk ahead inc death,2020-12-05,US,quantile,0.1,13637.36
2020-11-22,2 wk ahead inc death,2020-12-05,US,quantile,0.25,13782.52
2020-11-22,2 wk ahead inc death,2020-12-05,US,quantile,0.5,13957.27
2020-11-22,2 wk ahead inc death,2020-12-05,US,quantile,0.75,14108.46
2020-11-22,2 wk ahead inc death,2020-12-05,US,quantile,0.9,14233.36
2020-11-22,2 wk ahead inc death,2020-12-05,US,quantile,0.975,14414.10
